customer_id,product_id,rating
u_3a475137,303891,3
u_98a81c6e,303891,1
u_d7d56e3c,303891,3
u_c2ec8e07,303891,4
u_39ffe302,303891,2
u_cddc52f5,362374,3
u_d6b8cc42,362374,5
u_eda9ebb1,342679,5
u_798f933a,342679,5
u_6411312e,342679,1
u_85c6ed8e,342679,1
u_328ff8c3,342679,1
u_f05d668b,342667,5
u_0003d2d0,342667,3
u_c59e466a,342667,4
u_39132150,342667,5
u_c35db556,342667,5
u_a0c0c0f8,363398,5
u_ce5a6eea,361951,5
u_34962151,361951,5
u_7851ae07,361951,3
u_9ff82ee0,361270,3
u_00c2f055,361270,3
u_a819f52c,361270,5
u_86de2676,361270,5
u_98a81c6e,361270,5
u_f0a998db,363438,1
u_1b35c838,363438,4
u_ce5a6eea,342676,5
u_6012be0d,342676,5
u_8f8dac8c,342676,5
u_88596eda,342676,5
u_00383f4a,342676,5
u_00d2bc0c,363401,5
u_a93db60f,363401,5
u_e2f40317,361269,3
u_20945ff0,361269,5
u_b950227a,361269,5
u_2141e6f9,361269,5
u_568fb6d5,361269,5
u_25158437,363466,2
u_bdace742,363466,5
u_796f3805,358683,4
u_d37c065a,358683,5
u_f860d2ca,358683,5
u_cdcb79c1,358683,5
u_a2c3eab3,358683,2
u_449075b0,338738,5
u_6bd22512,338738,5
u_a49beebf,363397,2
u_161e37ca,363397,4
u_9fc40199,363397,3
u_f7a8e6d5,363397,3
u_00f6d7d8,335177,3
u_ab387a9b,335177,5
u_552e892e,335177,1
u_4e73d54e,335177,5
u_75b8ae5f,333363,5
u_4bf3fd6a,333363,3
u_05b3bfa7,333363,4
u_ef1ea08e,333363,1
u_77e48118,333363,5
u_95b0d692,341688,3
u_de6a7572,341688,3
u_1365a62e,341688,3
u_f05d8d25,341688,2
u_7a5e9cc9,341688,2
u_a99752c2,342560,1
u_d7d56e3c,342560,3
u_5e8e370a,342560,5
u_5f8dc4e4,342560,5
u_4919b56d,342560,4
u_7bfddd44,341802,5
u_d1a4ac7b,341802,3
u_0133a899,341802,5
u_7d854b73,341802,5
u_046c6fc5,341802,5
u_c10e17fc,341797,5
u_df2beaf9,341797,5
u_66b0758f,341797,5
u_8e1728aa,341797,3
u_a0822f49,341797,5
u_1d0ea88f,361709,3
u_6b7dc8ed,361709,1
u_b9500297,361709,1
u_ab95d7b2,361709,2
u_5a82bece,361709,3
u_95b0d692,333347,5
u_d7d56e3c,333347,5
u_6e17c5ba,333347,5
u_3b2753b8,333347,5
u_39ffe302,333347,5
u_d7a15194,335915,1
u_4acc2e11,335915,3
u_8c1de8e5,335915,3
u_e8f3cc18,335915,1
u_2a09f34a,335915,1
u_a71be9df,334930,2
u_6088b3e1,334930,2
u_e1aadfa3,334930,5
u_e325e5e5,334930,2
u_91838354,334930,1
u_a6086264,338741,2
u_c33e4f08,335955,2
u_7660f6a3,335955,5
u_3bc49221,335955,1
u_c3aafb77,335955,1
u_f2f7a7dc,335955,5
u_f5db1111,333359,3
u_b397ec40,333359,2
u_4ad35edf,333359,5
u_2bd9b0fc,333359,3
u_b2d17455,333359,4
u_c8e84240,341804,4
u_44d8becb,341804,5
u_900aaab8,341804,2
u_ab1d59b3,341804,5
u_f42ef066,341804,5
u_71038092,360240,2
u_10cb0043,360240,5
u_8abaa385,360240,3
u_eb2419c6,360240,4
u_0a8fba3b,360240,2
u_d4b8c457,360244,3
u_4f09218a,344655,1
u_a41334ce,344655,2
u_5cf284a2,344655,5
u_954edd1c,344655,5
u_c1b29460,344655,5
u_a5065eaf,344652,5
u_a999c039,344652,5
u_cfcb0626,344652,5
u_7a4d5ad3,344652,4
u_94c615de,344652,5
u_ad4b32d6,344651,5
u_25abdcab,344651,5
u_12f82ad7,344651,4
u_8b452f08,344651,3
u_16e82ac9,344651,2
u_25311484,361311,4
u_4302a248,363537,1
u_e007519c,363537,1
u_7e5c1977,340562,3
u_83e8e794,340562,5
u_ed5e8353,337420,4
u_e1ed4933,338323,5
u_68a07897,335556,3
u_dc3c1447,335556,5
u_c1813527,335556,5
u_d19c6793,335556,5
u_2855cae4,335556,2
u_73a14bb4,354744,1
u_e5aaeb53,334450,3
u_35107cb0,334450,5
u_da608cfb,334450,4
u_05bf96df,334450,3
u_063ac2ae,334450,2
u_4ae33f25,358132,5
u_215e79b4,338324,5
u_95b0d692,338320,3
u_4fa3176b,338320,3
u_3426393f,362406,3
u_74c07c42,339687,4
u_b6d92641,339687,5
u_6e38de91,334442,4
u_75abd0ae,334442,4
u_a3a92bd8,334442,2
u_438b81d3,334442,5
u_e9d8bcd3,334442,3
u_d871e4f5,339587,5
u_b080c167,339581,5
u_0ddf90de,339581,5
u_315717d2,334446,3
u_ab95d7b2,342524,4
u_e7f9aef0,342524,5
u_62ef8c99,359086,5
u_925238e7,359086,5
u_8a2d162d,340147,3
u_13c14d23,363417,5
u_0c0325ba,361231,1
u_f37be727,361231,5
u_dfb1f490,358082,5
u_da608cfb,358082,5
u_26187492,339287,5
u_b51f8e54,339287,3
u_4ced0056,335308,1
u_be67631a,335308,4
u_6012be0d,335308,5
u_80663f52,335308,4
u_6bc83721,335308,5
u_7d3ae35d,335311,1
u_ffb2ec9c,322613,5
u_2b28587f,322613,1
u_6b0c5802,322613,5
u_db399e95,322613,5
u_cdae0792,322613,4
u_fa506a76,343061,3
u_46f7860c,345544,1
u_a336f645,345544,5
u_998f3045,345544,5
u_6a270486,345544,3
u_9ad81a8f,342548,2
u_cfefd1af,339204,3
u_eacd478a,339204,1
u_18f7c70a,339204,3
u_4b34b2d8,331229,5
u_5a7d4b16,331229,5
u_be9ea508,331229,5
u_4399b3a9,331229,1
u_72c22104,331229,1
u_31bab0d0,331232,4
u_8740d76d,322130,5
u_e4e80742,336737,5
u_4c158dea,336737,5
u_39ed5dff,344723,5
u_ab1d59b3,344723,1
u_cfec61c9,315390,5
u_260f4629,315390,4
u_e8afb081,315390,5
u_6fe52e32,315390,5
u_b559dd28,315390,4
u_ec0590c0,315590,1
u_80ab1586,315590,1
u_a1069004,315590,1
u_2e3f505d,315590,2
u_95b0d692,315590,5
u_cd5def84,322134,3
u_08a98df1,303299,5
u_a86bdf69,303299,5
u_a306f895,303299,4
u_f8459e98,303299,5
u_4eecbb82,303299,5
u_998f3045,317623,1
u_cfa31249,317623,2
u_b942b5e3,317623,4
u_f8814bd4,317623,2
u_800f32fc,317623,3
u_c062d67e,311062,5
u_d286567b,311062,5
u_f1b56aa1,311062,2
u_2379fb26,311062,5
u_1832849c,356854,5
u_7c7acd42,356854,3
u_d6732c60,356854,5
u_cfec61c9,334530,5
u_b5f3d9e2,334530,5
u_2cae8ebf,334530,5
u_25753c33,334530,4
u_03b63af9,344750,4
u_99dbb407,344750,3
u_e7b48ef1,344750,4
u_e3fd1e45,344750,5
u_a09a8b5d,367408,5
u_ce5a6eea,363022,2
u_ab95d7b2,365217,5
u_37eefe23,358003,2
u_63d5e82b,358003,3
u_26a3e39a,358003,2
u_9a32bc4e,358003,2
u_a880f6ed,358003,4
u_11a82982,344767,4
u_283446b6,344767,5
u_f92adaf4,362941,5
u_9305c326,362941,5
u_a30a9bfe,334436,5
u_a6be98d4,334436,3
u_e0a73b23,334436,5
u_2d4fa8c9,334436,1
u_11a360b9,334436,4
u_f92adaf4,362942,5
u_39132150,344769,3
u_f92adaf4,362940,5
u_d8ac68ab,321616,1
u_f5a6ba46,321616,5
u_90be1414,321616,1
u_b2208b80,321616,1
u_0783bfe6,340067,4
u_98466531,340067,4
u_387c5884,340067,5
u_71aafd38,327697,1
u_4ad35edf,327697,5
u_e89ffaec,327697,5
u_753c0c47,327692,5
u_1d09b9ba,327692,5
u_7451c057,327692,4
u_57d6dcf3,327692,5
u_07f7748d,327692,4
u_1089289a,327699,5
u_a482067e,338265,5
u_337f06f2,340065,5
u_9600de79,310858,5
u_0ab04f06,310858,5
u_b28efe2f,310858,3
u_5c997129,310858,5
u_99e91a25,310858,5
u_db71d558,339531,5
u_e6ca281b,332406,3
u_2cae8ebf,332406,3
u_44a3b6f0,332406,5
u_d023a6f7,332406,3
u_45a448bf,332406,5
u_8466fa8e,332404,3
u_2b959933,332404,2
u_eadbb956,332404,4
u_0ec67fb7,332404,3
u_7f2dd9f4,332404,1
u_d3d6e068,329832,5
u_8c4e9c17,329832,2
u_e16e76e5,329832,3
u_40a8d947,329832,5
u_aeb78dcb,329832,5
u_e6ca281b,344776,1
u_d19f6767,344776,1
u_e4d85099,344776,1
u_67c2cbb1,344776,5
u_b397ec40,344776,1
u_a49beebf,363793,5
u_f27e48fe,329154,5
u_22a1916f,329154,5
u_a78f9b8a,329154,5
u_44951141,329154,5
u_a7c8df69,329154,5
u_b9220d5e,361413,4
u_2cae8ebf,361413,2
u_2a99e9e8,361413,2
u_3e8876da,361413,3
u_7ce3d71a,361413,3
u_635ff873,325754,3
u_7dd65f0e,325754,5
u_50db7bcb,338377,3
u_c97d179b,366987,5
u_49fa4b0c,366987,5
u_e2f40317,315014,1
u_9dcb6f84,315014,5
u_6c192eab,315014,3
u_a97cbbe0,315014,1
u_474c0831,328322,1
u_f38e6cc5,328322,1
u_c3aafb77,328322,5
u_106d6ecc,328322,1
u_73a14bb4,328322,3
u_5b5523f4,359914,5
u_ee5da163,359914,5
u_1e1a4d4f,359914,5
u_504c75ec,359914,5
u_7d84d751,359914,5
u_7dcbec45,342707,2
u_1cc86097,342707,1
u_e90374c8,342707,5
u_167fc241,342707,4
u_1a7472f9,342707,4
u_a58eb59a,343124,3
u_5ba06cce,343124,3
u_9593e680,343124,1
u_404308a2,363217,2
u_da608cfb,363217,2
u_8df7e10e,363217,1
u_d4d63ee2,360238,2
u_91c63236,360238,1
u_ff33faaf,360238,4
u_2c39735d,360238,5
u_57808dd9,360238,4
u_ec5dbe27,360236,5
u_ce0d6b76,360236,4
u_5ba37a77,360236,5
u_95b0d692,341378,3
u_b60ebc09,341378,3
u_8348d9cc,341378,3
u_c3c91d58,341378,3
u_3894e87f,339177,1
u_5f5ca0b3,339177,5
u_aab60d28,339177,3
u_cf3cd2ff,339177,1
u_24fe57b6,339177,4
u_e6ca281b,340255,3
u_95b0d692,340255,4
u_95d2fec6,340255,4
u_eacd478a,340255,2
u_889c2d0c,332934,5
u_8c392d20,332934,5
u_207060b4,332934,1
u_ec828525,332934,2
u_9f0867d9,332934,5
u_5469a156,322129,5
u_85d20195,322129,5
u_44bce335,322129,5
u_7a4d5ad3,322129,5
u_02990193,322129,4
u_c10e17fc,317981,1
u_7275b713,317981,5
u_2ee1223a,317981,5
u_2e8c793a,317981,5
u_f8598f6d,317981,4
u_eb0a61f7,364968,2
u_74e958c3,360302,4
u_b82bc698,360302,3
u_769f932f,360310,3
u_b92f9369,360312,2
u_a2e67624,360312,5
u_21ad12a4,360312,5
u_4398e3e9,360312,3
u_f0032d5d,360312,5
u_9f55c97d,360307,1
u_5e9b3af0,360307,3
u_af6ec72b,360307,5
u_c09087a4,360307,1
u_ab1d59b3,360307,1
u_a5fdbd8d,360309,1
u_48af8aca,360309,3
u_5f19d4db,360309,4
u_3c292838,360309,5
u_f3b5bd93,360309,2
u_c8e84240,341272,1
u_8426d263,341272,4
u_8d9c307c,341272,3
u_eacd478a,341272,1
u_6f4b4de7,341272,3
u_519aa586,359776,3
u_389a4da8,359776,4
u_68542111,359776,2
u_36458fe3,359776,3
u_73fad1a5,359776,3
u_48e595fe,346265,4
u_4985bc71,346265,5
u_a303cac3,346265,3
u_0931f909,346265,3
u_1266b4e6,346265,2
u_568fb6d5,363473,5
u_bbf549e5,363473,3
u_faf27b83,344644,1
u_1b0b5ae0,344644,5
u_5e1bdd0d,344644,5
u_a86eb835,344644,3
u_6bab8551,344644,5
u_6da5089e,363468,5
u_2cae8ebf,363468,3
u_b9ece18c,363468,5
u_e2f40317,363468,4
u_6fc87be8,344645,3
u_13074345,344645,3
u_a49beebf,344645,2
u_a651ead2,344645,4
u_2f7937ed,344645,1
u_4e282c1d,335917,3
u_fa3c2027,335917,3
u_d16f4b23,335917,5
u_0ebc6973,335917,3
u_18a97270,335917,1
u_3aa26a2f,363470,5
u_79c4394d,357576,3
u_fb40bded,357576,3
u_9e1da1f2,357576,2
u_d442a070,357576,2
u_44ddd564,357576,4
u_39242faa,357862,4
u_f952320a,357862,5
u_025c3d99,357862,5
u_c211a717,339180,4
u_580db649,339180,4
u_606718ba,339180,4
u_aff53658,339180,4
u_f45dfd33,339180,5
u_1c358198,338918,2
u_2a841658,338918,1
u_dabe2e9c,338918,5
u_09ee5db8,338918,2
u_3cc8e006,338918,5
u_1be6f7db,341625,5
u_ca9992a9,341625,1
u_444d0af4,341625,5
u_3cdd2057,341625,5
u_4e62bb9b,341625,3
u_ff45b3ca,336408,5
u_299a85bc,336408,5
u_8394f034,336408,5
u_7f39a215,336408,5
u_4c0b07d5,336408,5
u_3d5958d7,360671,1
u_6d8058b4,360671,2
u_907ec057,360671,1
u_da608cfb,357861,1
u_8394f034,357861,1
u_234bdab6,357861,5
u_481e0ef4,357861,5
u_9743486e,357861,5
u_adfc5e11,334226,5
u_c8cc119f,334226,4
u_ef41a6f9,334226,5
u_4112389c,334226,1
u_39a32700,334226,5
u_53ad87e2,325136,5
u_f02893ad,325136,2
u_6df164ff,325136,5
u_ee3a211d,325136,5
u_56384e34,325136,5
u_9fc3117c,336702,4
u_250b3de7,336702,5
u_ce5a6eea,336702,3
u_3894e87f,326023,5
u_8b056759,326023,1
u_dfa59fdf,326023,4
u_be0a7eed,326023,3
u_edef31b8,325500,1
u_1f21c04e,325500,4
u_95b0d692,325500,1
u_3ff3ef53,325500,2
u_eacd478a,325500,1
u_2fe4671d,327051,5
u_f2a10fe4,327051,5
u_32d7b151,333430,5
u_0b0eb8fd,333430,4
u_672f4e8e,333430,5
u_68b693f5,333430,5
u_6cd91369,333427,5
u_9307f526,333427,5
u_d3d6e068,333427,1
u_c51a7dda,354745,3
u_0ee4687b,333421,4
u_3d15130a,333421,1
u_fd1939da,341605,1
u_4afdf240,341605,5
u_e17c22dd,341605,5
u_637d3d1b,334997,4
u_f6a395de,334997,1
u_19cf2803,334997,5
u_e4abc9d6,334997,5
u_d6b06916,334997,5
u_92348056,339202,5
u_6cd91369,339202,4
u_4344d72c,322222,5
u_16c76781,322222,1
u_fe094ffe,322222,1
u_8100124e,322222,1
u_4185fdef,322222,1
u_d17ae246,330169,5
u_8c028d4b,330169,5
u_57e5d248,330169,5
u_12e35a6a,330169,4
u_07f59e9f,330169,4
u_d7d56e3c,334803,3
u_bab5c698,338311,5
u_6b4257ba,338311,5
u_059989b6,328522,5
u_f70a05b2,328522,5
u_cc7bbc01,328522,5
u_55c2f284,328522,2
u_40fa52d1,356864,5
u_9b6f56cd,356864,5
u_2fc9d71d,329834,5
u_29ef6c2d,329834,5
u_57050ca9,329834,5
u_33739198,329834,5
u_504c75ec,332069,5
u_cb0303dc,332069,5
u_1bc7d91b,332069,1
u_9ad81a8f,332069,3
u_58335b73,332069,5
u_2d4fa8c9,341442,2
u_9cd82c3c,341442,2
u_c8b257d5,335516,3
u_60b7cf58,344999,1
u_600eb470,344999,4
u_ebd0d5ce,344999,3
u_25774280,344999,4
u_1c451bdc,344999,3
u_d7d56e3c,361703,3
u_9d45d54f,360344,5
u_c59bda07,357832,5
u_20d97e11,357832,2
u_0d4706aa,343067,2
u_a70207c2,343067,5
u_24a5bf04,343067,1
u_e4190483,343063,5
u_a24b619c,343063,5
u_69351bf0,343063,5
u_3d8175c3,343063,3
u_1d0ea88f,343063,4
u_2cb877ce,337742,5
u_807dbe7d,337742,5
u_b397ec40,337742,3
u_a5c4df90,337742,5
u_79dcc1ee,337742,3
u_1bacd7bf,363437,4
u_e2f40317,361707,3
u_21827504,361707,5
u_29d26d15,361707,5
u_af60d8a4,361707,2
u_86b03198,340260,5
u_2cae8ebf,343066,5
u_980f2393,336623,4
u_4adf499d,336623,5
u_c3aafb77,336623,5
u_d7d56e3c,336623,3
u_87af4be7,336623,5
u_27ab0b3d,335307,4
u_05b3d968,335307,3
u_040f6d7a,335307,5
u_8aafcba7,335307,1
u_02c2c296,332235,4
u_c1cb8370,332235,5
u_3b75972d,332235,4
u_34ea5c14,332235,3
u_a6b8a56a,332235,1
u_a152b4d8,306785,5
u_c8f2245c,306785,5
u_c53b8aac,306785,1
u_45298fe5,306785,1
u_0688fa6a,306785,1
u_a0eb9da1,337472,5
u_4ad35edf,321192,5
u_acc6d37d,321192,3
u_c3aafb77,321192,2
u_6e18f544,321192,4
u_082e83f7,321192,1
u_5cbc764d,339681,1
u_dda1b189,339679,3
u_fe83ce5f,339679,3
u_c14a57fe,342942,1
u_9ec75b67,310447,5
u_d66a11a0,310447,5
u_880c64c7,310447,5
u_8b6f4164,310447,4
u_0fe89fc3,327707,5
u_04059d31,327707,5
u_44dbdc0e,327707,5
u_6088b3e1,326122,3
u_71ca9872,341612,2
u_6da281a3,209019,5
u_aee77ce2,209019,2
u_7ce83500,209019,1
u_2b90c7a7,209019,5
u_032d8a38,209019,1
u_c3aafb77,209170,5
u_f7f2c0dc,209170,5
u_2379fb26,209170,5
u_97e1241e,209170,5
u_fc5d6a33,209170,5
u_8b3b6758,246098,1
u_83dad2fe,246098,4
u_8394f034,246098,4
u_9aaadf6c,246098,5
u_12425143,246098,5
u_60efa376,287032,5
u_2eea73f9,287032,5
u_203d4f99,202643,5
u_29afe71e,202643,5
u_188aceb4,202643,2
u_6da36859,202643,5
u_8394f034,202643,5
u_b99ef4c2,199580,3
u_49e7f525,329444,5
u_abd30c8d,329444,5
u_30aacc77,199485,2
u_4b447841,199485,5
u_7b802558,199485,2
u_d90dea02,199485,4
u_9fd0508c,199485,5
u_c13a1051,199369,5
u_a267201b,199369,5
u_054bdb8c,199369,4
u_53d44d73,199369,4
u_6a93a747,199369,4
u_cb0eb0f0,206539,4
u_45f72b01,206539,5
u_025de4a3,206539,4
u_8cf27d94,206539,5
u_c4041a54,206539,5
u_600b2fa2,231859,3
u_759615e9,231859,5
u_9a5ac68f,231859,5
u_00f3152f,231859,4
u_81789a8a,231859,5
u_62501ebb,336484,3
u_5f62a162,320543,5
u_b90f7feb,320543,5
u_17bcc5a0,320543,5
u_8062a4ad,320543,5
u_67e074e3,320543,5
u_db265697,340737,4
u_7735f0a0,208417,4
u_b6097bb0,208417,5
u_d67e5da2,208417,3
u_d4ad4f54,208417,4
u_5117d2ee,208417,5
u_be0a7eed,220748,5
u_79cf07ee,220748,5
u_e9988001,220748,5
u_93172af9,220748,5
u_a5facb3a,220748,5
u_fde08f47,333716,1
u_27fb3eb2,333716,5
u_6d58827b,289339,5
u_55fb31c7,289339,5
u_47df2f78,289339,5
u_d0f7bca9,289339,5
u_af21aebf,289339,5
u_c8068f2b,278442,4
u_f2e02ee5,278442,5
u_e1043742,278442,4
u_3fa0b892,278442,5
u_5f06c05c,278442,4
u_29bff437,358746,4
u_2bca6c4f,305814,3
u_a99752c2,207428,1
u_a85a47f2,207428,3
u_59008b9c,207428,4
u_b2610607,207428,5
u_fcfab854,207428,5
u_fb69ec81,283074,2
u_20195905,283074,5
u_609e92ff,283074,5
u_692cea11,283074,3
u_19f00b44,286440,5
u_b08e059d,286440,5
u_46ef6564,286440,5
u_300c8e3f,286440,4
u_7cb19530,286440,5
u_d97f5514,286424,5
u_5974fb21,286424,4
u_a03aca57,286424,5
u_552d9c7d,286424,5
u_96632888,286424,5
u_d84e92be,252154,5
u_568fb6d5,252154,5
u_175ac95a,252154,5
u_8ac81f9c,252154,4
u_d38a81b3,252154,1
u_9d470407,241145,5
u_da608cfb,241145,5
u_dc7938b9,241145,5
u_fecee289,241145,5
u_5b9b317e,241145,5
u_4be80b01,241146,5
u_c7a33c3d,241146,4
u_30a841a2,241146,5
u_8740d76d,241146,5
u_97f49098,241146,5
u_eacd478a,361700,1
u_3075b6a1,311100,5
u_88760619,311100,5
u_54d58e57,311100,5
u_2370833c,311100,5
u_edc21277,311100,5
u_438f8416,251230,5
u_341db4b3,251230,5
u_abb9e2a5,251230,5
u_f4bffdb6,251230,5
u_b319c4ea,251230,5
u_0071240e,337464,5
u_75f723cf,337464,5
u_98407cb6,337464,1
u_a10b2f2c,337464,3
u_f0ba14d3,337464,5
u_2da55f5c,356824,4
u_9969cc83,337463,5
u_bbaaf616,337463,5
u_3ff3ef53,337463,3
u_7fd9b7b5,337463,4
u_79c2e415,337463,5
u_c5465fee,355726,4
u_f1d0f188,355726,1
u_46bb2e9e,355726,3
u_a0b74ea1,341754,4
u_83bb0666,341754,4
u_1768ebe2,341754,5
u_43c2bb44,341754,3
u_a1b9ff8a,341754,5
u_4192a194,326193,5
u_e21cf55f,326193,5
u_8e422c11,326193,5
u_80fc8ee5,326193,3
u_8bd89345,326193,5
u_6bf2d2f0,327436,5
u_883eac96,327436,5
u_257e5e3a,327436,5
u_45a448bf,327436,4
u_d90dea02,286271,5
u_0173da86,286271,5
u_11b59e99,286271,3
u_ac42d964,286271,3
u_aa7dfb5a,286271,3
u_accb20f3,312682,1
u_2a938983,312682,3
u_d409c656,312682,5
u_c05a4595,312682,4
u_e0c4b1bc,312682,5
u_c94445f8,327958,5
u_fff695ef,327958,5
u_8394f034,327958,5
u_adbcf9c1,327958,5
u_c1d9f50f,327958,5
u_af4f4058,339754,5
u_120fca7b,339754,3
u_ffc803c2,327959,3
u_a3437172,302677,1
u_3c0c0231,302677,5
u_5e9224fd,302677,3
u_e8f09fc8,302677,4
u_c0351e2a,302677,5
u_23c01be5,226084,5
u_c71cd598,226084,1
u_e19eb29b,226084,5
u_c1c4b122,226084,1
u_5daafc73,226084,1
u_cd7b005c,273221,2
u_94435bd9,273221,4
u_80ed2a71,273221,5
u_4919b56d,273221,5
u_baf9e25d,273221,1
u_b3a839fd,341531,5
u_0b630634,329603,5
u_28359bbe,329604,5
u_7e8775b4,325336,5
u_9c8af4a6,325338,1
u_428f9859,325338,1
u_bd09e26f,333742,5
u_52f5e750,333742,5
u_7353eb87,333742,5
u_a96127ec,319700,5
u_0fb5451f,319700,5
u_1f742c2d,319700,5
u_8001161f,319700,5
u_0aafea16,319700,5
u_ec2cf7a4,242835,4
u_b13964e5,242835,5
u_16d3b565,242835,5
u_f203672b,242835,5
u_9e09356c,242835,5
u_45c92e7e,223678,5
u_59ea1321,223678,5
u_28889031,223678,3
u_ff0945b7,223678,5
u_73b6f8aa,223678,2
u_67bddc82,339583,4
u_6cd91369,339583,5
u_8394f034,339583,2
u_65b25292,339583,3
u_b7dc1d25,339583,5
u_ffa0e7d9,358173,5
u_5142aebf,358173,5
u_c920a095,358173,5
u_113a543a,358173,5
u_e2c62f2f,358173,5
u_604e1fb9,339585,3
u_f5fe9bcd,286312,2
u_75298c75,286312,5
u_2cc38316,286312,5
u_246a8f5d,286312,1
u_76e1e064,286312,3
u_d354999d,304783,5
u_57f17cfa,304783,5
u_ec8dae23,304783,5
u_9d341b37,304783,5
u_2d604b16,304783,5
u_fae3f501,325089,3
u_78c6696b,325089,5
u_9e09356c,325089,3
u_08464800,309067,5
u_6788abf9,309067,5
u_54549208,309067,5
u_064b14d9,309067,5
u_d262e3c0,309067,5
u_95b0d692,223478,3
u_aa33783f,223478,4
u_95866d88,223478,5
u_71cd479d,223478,1
u_6ee60bff,223478,1
u_daa4c680,325087,5
u_c981db57,339488,1
u_608f9ad0,339489,5
u_5879ab23,339489,1
u_4a64af46,339489,4
u_d3a35bdf,302671,5
u_d74118f2,302671,4
u_58f29f47,302671,5
u_3fcd3ff6,302671,5
u_b37201ad,302671,4
u_723d2793,302686,5
u_e2a0217e,302686,5
u_47aaa4c5,302686,5
u_57e2800e,302686,5
u_c7118f4c,333749,4
u_bd17475d,304547,4
u_4cca4548,304547,5
u_510f966d,304547,3
u_0cf0c9a9,304547,4
u_e75032c3,304547,4
u_b73df709,324098,1
u_7a5e9cc9,324108,5
u_fbb5d2ad,327607,3
u_a895cecb,327607,5
u_45260a29,327607,5
u_2b8be6d8,327607,5
u_0d7d5e6f,327607,4
u_c27a7393,327608,5
u_a5449c57,327608,5
u_7aa1080e,327608,5
u_0112b771,327608,5
u_e1fe3e87,327608,5
u_e809814f,332004,5
u_b05edbae,327367,3
u_36b73508,327367,5
u_b2b143e7,327367,5
u_1fcb8ae1,327367,5
u_f712d950,327367,3
u_2379fb26,322796,5
u_9e1b0114,322796,5
u_087ebd14,322796,5
u_61323b08,322796,5
u_4d1a7382,322796,5
u_ea452354,333893,1
u_517697eb,333893,4
u_36b73508,333893,3
u_047c1336,338428,4
u_b5cf4868,338428,3
u_5fbc24e2,338428,2
u_7a5e9cc9,338428,3
u_64a7618f,338428,5
u_e2f40317,344851,5
u_d4e09b2a,344851,5
u_506ff0fb,344851,5
u_744de24f,214636,1
u_bb6ee5b9,214636,3
u_444d0af4,214636,5
u_1968ab9f,214636,1
u_a5f3c6a1,214636,5
u_d4108bee,278932,4
u_e9f12498,278932,1
u_58ac8610,278932,1
u_4a972271,278932,4
u_c9827217,278932,3
u_b19c960b,324934,5
u_043174b2,324934,5
u_b1773adb,324934,5
u_01142d14,324934,1
u_5d974653,324934,1
u_7a51430c,321157,5
u_a254445a,321157,5
u_9f947885,321157,4
u_6d653b0d,321157,5
u_6cd91369,321157,4
u_1c3bdec6,342715,1
u_cd8a0fa1,226090,5
u_ee9151e3,226090,2
u_54bb80e6,226090,3
u_c3aafb77,226090,3
u_75ce512d,226090,3
u_de2e9867,342633,5
u_f1f78a2c,297271,5
u_b23f56f9,325332,4
u_bef11cb6,325332,5
u_f917832e,293654,5
u_40eab7c4,293654,5
u_a2a88d98,293654,3
u_b2866270,293654,1
u_08ebc272,293654,5
u_947f9665,336355,5
u_edfabc41,336355,5
u_b25c83ee,336355,5
u_9c1e8d76,336355,5
u_f173f563,336355,5
u_bc89740a,329241,5
u_3dcd73f4,329241,1
u_aa865c03,329241,3
u_aec6a0a1,329241,5
u_151703dd,329241,1
u_73a14bb4,333561,5
u_05a1713d,333561,5
u_6012be0d,333561,5
u_272ab71e,333561,2
u_1cb28811,333561,5
u_6271de89,310234,5
u_714d2349,310234,4
u_3ff56e23,310234,1
u_b1e79338,310234,5
u_4919b56d,310234,5
u_8ca9bff9,325086,5
u_8466fa8e,325086,1
u_0931f909,325086,4
u_4d81c934,325086,5
u_e6ca281b,325086,5
u_978b6979,328734,1
u_5ca35f92,341121,2
u_d3d01286,341121,2
u_331cb589,341121,2
u_4b69115e,339125,5
u_40f99e03,339125,1
u_b197cc79,339125,3
u_0fda8a67,339125,1
u_8d46fdb5,339125,1
u_6217bb48,362516,5
u_6da68885,337947,2
u_b1caeb38,337947,1
u_e6169760,332243,5
u_308a5322,312263,3
u_555ca340,312263,5
u_a64ce6dc,312263,5
u_16c64edf,312263,4
u_771b9da8,312263,5
u_932bbaca,341846,1
u_d7cf6cb7,341846,5
u_4a9ccfcc,358826,1
u_50846b6c,329591,2
u_9ad81a8f,329591,4
u_96d93761,329591,5
u_8001161f,329591,3
u_942c0654,329591,5
u_322c9f5b,254319,5
u_08abd442,254319,5
u_b98e7878,254319,1
u_0db2e76f,254319,5
u_b232f92c,254319,2
u_0b0bac9d,328416,5
u_c3aafb77,328416,2
u_48459cc3,328416,5
u_acd1619e,328416,5
u_32d57000,328416,5
u_fabcdfa9,259283,3
u_eb2c4d2a,259283,5
u_db71d558,259283,5
u_db49dadc,259283,1
u_f623e75a,259283,1
u_948406a1,329594,1
u_73a14bb4,331978,1
u_8bbe8e35,315202,5
u_95f83851,315202,5
u_1295d211,315202,1
u_07d788de,315202,5
u_250b3de7,315202,4
u_b6f8bbab,321381,1
u_bcb077de,321381,2
u_3d59ed7f,321381,2
u_02891b5e,321381,5
u_95b0d692,321381,2
u_4a64af46,350000,1
u_d4040d2d,350000,1
u_097725cb,350000,3
u_e42eefca,350000,5
u_1757f5d9,350000,5
u_e75d0180,363251,3
u_511f9e86,363251,5
u_efe42ff4,343008,3
u_79cb7c7d,343008,1
u_a5449c57,343008,1
u_4cc54390,343008,1
u_ee3a211d,344487,4
u_435d931f,344487,4
u_b345331a,354321,4
u_c6e3e5f8,354321,4
u_1e6086b7,354321,5
u_f42d69f2,354321,4
u_26c497b9,354321,1
u_932bbaca,366576,3
u_ba051818,329778,1
u_98a81c6e,342314,1
u_8a103ecb,325165,5
u_3711fdc2,334442,5
u_386c0a7e,334442,2
u_867f92d0,334442,1
u_a43e192e,356739,5
u_c16fb9b6,356739,5
u_27a48cb6,356739,5
u_489f8ff4,341274,4
u_a6c0749e,341274,5
u_fb690fa9,341274,5
u_583c5bae,341274,3
u_73a14bb4,341274,5
u_ea452354,335228,2
u_94c98664,328520,5
u_d7d56e3c,328520,5
u_d7b812bf,328520,5
u_43c3d9f8,328520,5
u_dedfaf00,328520,5
u_113346b8,325339,4
u_ee3a211d,325339,5
u_c815740c,325339,5
u_09d40c1c,325339,5
u_4919b56d,325339,3
u_93172af9,302671,1
u_d901c5ff,302671,3
u_3e037c9d,323008,5
u_c266ad46,323008,5
u_f0f13805,323008,2
u_388a1bf6,323008,3
u_4fa3176b,323008,5
u_729ec12b,279466,5
u_f0f13805,279466,2
u_d086d66a,279466,5
u_d095a569,279466,5
u_189f2fd9,279466,3
u_7397233a,326735,4
u_513fa4e1,331860,2
u_ef2cd5ac,323001,5
u_cb9584c3,323001,5
u_58ed5203,323001,5
u_f2bc93a2,323001,5
u_8740d76d,323001,5
u_3b76d503,328228,2
u_7452f90a,314636,5
u_3e8930df,314636,2
u_a5449c57,314636,3
u_fbc7bcdc,314636,5
u_5ca35f92,314636,5
u_16c6dff5,326401,5
u_a4fa1150,323006,5
u_6f416e68,323006,5
u_ffc8d49b,323006,3
u_f1d0f188,323006,3
u_9f76fe00,323006,5
u_c1b13b90,338172,5
u_57c205db,338172,5
u_bd0e1a8a,338172,5
u_dda25763,338172,5
u_3c918a5b,338172,5
u_9af95894,331864,2
u_b4e1c662,331864,2
u_63611562,330750,5
u_5cf6e428,330753,2
u_229706c7,330753,1
u_906eb6be,329931,3
u_8740d76d,329931,3
u_87a052e4,329931,1
u_7727a2ac,329935,5
u_9dea07b8,314754,2
u_878f8e13,314754,2
u_ed5e8353,314754,3
u_735f9fd4,314754,5
u_b7672344,314754,5
u_a7c8df69,310496,5
u_a544936a,310496,1
u_f558fde5,310496,1
u_7ba9724b,327948,5
u_c3aafb77,327948,5
u_be8ba5d8,327948,5
u_cfbff89e,327948,5
u_7c1bfe2f,327948,4
u_d2f61f5d,361711,1
u_d2db3216,361711,5
u_c3aafb77,361711,5
u_77d81c50,361711,4
u_7cfd81b7,361711,2
u_26e1daf7,341093,2
u_1b8136be,341093,1
u_53b42635,341093,2
u_1556a8a2,341093,1
u_e80b4167,332411,3
u_66fd26cf,332411,5
u_73a14bb4,328117,5
u_504c75ec,328117,2
u_9e09356c,328117,5
u_861578f5,328117,5
u_dff856db,328117,5
u_da608cfb,339678,3
u_48bfbf26,341099,1
u_967f2f0a,341099,1
u_a254445a,341099,3
u_a1f97189,309381,1
u_8394f034,309381,2
u_c649971a,309381,5
u_12367c92,309381,1
u_32fde677,309381,5
u_ff0945b7,319642,4
u_c5ccf682,319642,3
u_9fd8e50c,319642,5
u_9c36235e,319642,5
u_e38d21ba,319642,5
u_bf9edf32,339750,1
u_09aaaf6f,339750,2
u_fafce676,321919,5
u_4e966d6b,321919,3
u_902d0490,321919,2
u_45a448bf,321919,3
u_b33deeaf,333276,5
u_e9c3208f,333276,5
u_780004c8,330300,2
u_9a783a53,330300,5
u_aecfe130,319644,1
u_1968ab9f,319644,1
u_25753c33,319644,1
u_ebadd129,319644,5
u_2b7ae465,319644,5
u_566a091e,326419,4
u_629a8e74,307179,5
u_ec63364c,307179,1
u_555d6336,307179,3
u_073f44b9,307179,3
u_0605400e,307179,5
u_6a6c258f,339751,1
u_5284faa1,339751,1
u_7a5e9cc9,339751,5
u_7f21489b,328118,1
u_cedec938,328118,5
u_546cb004,328118,5
u_98e2b7cf,328118,5
u_fbc6cc4d,328118,3
u_cc941726,326586,4
u_1c958f16,326586,5
u_a22a769b,326586,5
u_9f8f2526,326586,5
u_1266b4e6,326586,5
u_4ad35edf,285250,5
u_e6169760,285250,5
u_9a23d454,285250,5
u_286727c1,285250,5
u_b5e5fad5,285250,5
u_3324df53,323199,1
u_c35db556,323199,5
u_ec7aa435,323199,5
u_195fbb57,323199,3
u_027db118,323199,1
u_caa7f859,327555,1
u_b57c86f8,327555,3
u_98a81c6e,327555,4
u_dc8ff287,336251,5
u_ce129b03,235820,1
u_18cac00f,235820,1
u_546cb004,235820,5
u_3ff3ef53,235820,2
u_e325e5e5,235820,3
u_f6a395de,242566,1
u_4c279e18,242566,1
u_346da723,242566,5
u_d0c3109f,242566,1
u_886d057a,242566,3
u_6012be0d,307989,1
u_f6a395de,307989,1
u_4efb35a3,307989,5
u_cfd7d5a5,307989,1
u_35e2d4a4,307989,5
u_27695fc7,335125,2
u_687ddd74,341101,2
u_93f3fa67,319451,5
u_4ad35edf,319451,3
u_0db2e76f,319451,1
u_18a97270,319451,5
u_5a38f24c,319451,1
u_00f6d7d8,321195,3
u_95b0d692,321195,5
u_81122570,321195,5
u_3865cdf2,321195,1
u_f39659d0,321195,4
u_4ad35edf,319453,4
u_9e09356c,319453,2
u_88a4fd0b,319453,4
u_25e927b7,319453,5
u_0ab21287,329520,1
u_39ffe302,329520,3
u_84f3fb9d,329520,2
u_4192a194,329520,3
u_6ca2900b,329520,3
u_fdcfb62b,329519,2
u_98a81c6e,329519,2
u_2a47b918,329528,5
u_6d58827b,329528,3
u_568fb6d5,340654,5
u_aba4cf5a,340654,3
u_514e9369,340654,3
u_03066989,340654,1
u_d652fe81,321920,4
u_7f2bdf2f,321920,5
u_b72c4b9e,321920,4
u_a1b967d8,321920,5
u_568fb6d5,321920,4
u_ad00f554,336250,3
u_8d9c307c,336250,1
u_932bbaca,335174,3
u_79120ede,335174,5
u_eacd478a,335174,4
u_9feefa30,335174,5
u_57935d46,335174,5
u_e62eb1f2,328369,3
u_6012be0d,328369,5
u_14b2f458,328369,3
u_e9cc22f5,328369,3
u_92d65984,328369,1
u_7cb19530,361269,5
u_ae486e97,341688,5
u_1b5ec5f4,334933,1
u_b95cdb4f,334933,2
u_95b0d692,334933,1
u_0df7d67d,331985,5
u_ce129b03,331985,1
u_24691c34,331985,5
u_77c4c7aa,331985,2
u_da608cfb,340564,5
u_cc18b38e,dien-thoai-samsung-galaxy-s26-ultra,5
u_e5935fe2,dien-thoai-samsung-galaxy-s26-ultra,5
u_05e13d1e,dien-thoai-samsung-galaxy-s26-ultra,5
u_9acbbf89,dien-thoai-samsung-galaxy-s26-ultra,5
u_f70a05b2,dien-thoai-samsung-galaxy-s26-ultra,5
u_a307020a,iphone-17-pro-max,5
u_f5c4c847,iphone-17-pro-max,5
u_be9ea508,iphone-17-pro-max,5
u_ebead21a,iphone-17-pro-max,5
u_e5935fe2,iphone-17-pro-max,5
u_c1084ba4,iphone-17-256gb,5
u_5a81b414,iphone-17-256gb,5
u_9372273e,iphone-17-256gb,5
u_5ebf5419,iphone-17-256gb,5
u_f0991291,iphone-17-256gb,5
u_ff138083,laptop-acer-gaming-aspire-7-a715-59g-57tu,5
u_6e254d1d,laptop-acer-gaming-aspire-7-a715-59g-57tu,5
u_17d97d5c,laptop-acer-gaming-aspire-7-a715-59g-57tu,5
u_31c43025,LB.232,5
u_2400fb11,LB.232,5
u_2f61dc4f,LB.232,5
u_5a16592f,LB.232,5
u_57a43f56,LB.232,4
u_11a82982,vong-deo-tay-thong-minh-huawei-band-11,5
u_c9443b04,dien-thoai-xiaomi-redmi-note-14-pro-plus,5
u_12b105ad,dien-thoai-xiaomi-redmi-note-14-pro-plus,5
u_ebcbdb4e,dien-thoai-xiaomi-redmi-note-14-pro-plus,5
u_781e8cb1,dien-thoai-xiaomi-poco-x8-pro-max,5
u_fecee289,dien-thoai-xiaomi-poco-x8-pro-max,5
u_ff30693e,dien-thoai-xiaomi-poco-x8-pro-max,5
u_df651668,dien-thoai-xiaomi-poco-x8-pro-max,5
u_c14fa725,dien-thoai-honor-400-pro-5g,5
u_0c6022a4,dien-thoai-samsung-galaxy-s25-plus,5
u_c3aafb77,dien-thoai-samsung-galaxy-s25-plus,5
u_c4797c67,dien-thoai-samsung-galaxy-s25-plus,5
u_9b1afb18,dien-thoai-samsung-galaxy-s25-plus,5
u_cd9dbe06,dien-thoai-poco-f8-pro-5g,5
u_eb9fdb68,dien-thoai-poco-f8-pro-5g,5
u_4f82126e,dien-thoai-poco-f8-pro-5g,5
u_b4883185,dien-thoai-poco-f8-pro-5g,5
u_3e3fc2ac,dien-thoai-tecno-pova-7,5
u_01c5cfe1,dien-thoai-tecno-pova-7,4
u_6e18f544,dien-thoai-tecno-pova-7,5
u_341405c3,dien-thoai-tecno-pova-7,5
u_92e813d6,dien-thoai-xiaomi-15-12gb-512gb,5
u_a4df51af,dien-thoai-xiaomi-15-12gb-512gb,4
u_615f832c,dien-thoai-itel-p55-plus-8gb-256gb,5
u_9aba9f32,dien-thoai-itel-p55-plus-8gb-256gb,5
u_a15b96fe,dien-thoai-itel-p55-plus-8gb-256gb,5
u_b85f174e,dien-thoai-itel-p55-plus-8gb-256gb,5
u_341203c1,dien-thoai-itel-p55-plus-8gb-256gb,5
u_6cf348d4,dien-thoai-nothing-phone-2a-plus,5
u_4f9e271c,dien-thoai-nothing-phone-2a-plus,4
u_f27d5bdf,dien-thoai-nothing-phone-2a-plus,5
u_861e20e6,dien-thoai-nothing-phone-2a-plus,5
u_e395078a,dien-thoai-nothing-phone-2a-plus,5
u_2f892386,iphone-17-pro,5
u_db794ad6,iphone-17-pro,4
u_a02edf78,iphone-17-pro,5
u_e5935fe2,iphone-17-pro,5
u_25bbc01a,iphone-17-pro,5
u_781e8cb1,dien-thoai-oppo-find-x9s,5
u_fc8ff602,dien-thoai-oppo-find-x9s,5
u_28929116,dien-thoai-samsung-galaxy-a17-5g,4
u_f5b9e45a,dien-thoai-samsung-galaxy-a17-5g,5
u_a2a8daa2,iphone-air-256gb,5
u_025de4a3,iphone-air-256gb,5
u_e4e253dc,iphone-air-256gb,4
u_66d839e3,iphone-air-256gb,5
u_4e504cb4,iphone-air-256gb,5
u_35b2824d,iphone-15,5
u_441eb2b5,iphone-15,5
u_0c61110f,iphone-15,5
u_53a730de,iphone-15,5
u_9ee7b0f5,iphone-15,5
u_b480bce1,dien-thoai-oppo-find-n6,5
u_5b190182,dien-thoai-oppo-find-n6,5
u_9fc40199,dien-thoai-oppo-find-n6,5
u_6270765a,dien-thoai-oppo-find-n6,5
u_859725f4,dien-thoai-xiaomi-17t-pro,5
u_0c719029,dien-thoai-oppo-reno15-f,5
u_cebe3229,dien-thoai-oppo-reno15-f,5
u_b76c2cd4,dien-thoai-oppo-reno15-f,5
u_81a933cb,dien-thoai-oppo-reno15-f,5
u_0129d079,dien-thoai-oppo-reno15-f,5
u_c0884c57,dien-thoai-samsung-galaxy-s25-ultra,5
u_f64e8a9b,dien-thoai-samsung-galaxy-s25-ultra,5
u_07abbbc8,dien-thoai-samsung-galaxy-s25-ultra,5
u_01dc7213,dien-thoai-samsung-galaxy-s25-ultra,4
u_0783bfe6,dien-thoai-samsung-galaxy-s25-ultra,5
u_1630ebde,iphone-16-pro-max,5
u_49a5b83d,iphone-16-pro-max,5
u_444aee51,iphone-16-pro-max,5
u_d83e8304,iphone-16-pro-max,5
u_978b6979,laptop-asus-vivobook-14-x1407ca-ly008w,5
u_0169be06,laptop-msi-katana-15-hx-b14wfk-286vn,5
u_44c31efb,laptop-msi-katana-15-hx-b14wfk-286vn,5
u_d675941d,laptop-msi-katana-15-hx-b14wfk-286vn,5
u_732ff8a5,laptop-msi-katana-15-hx-b14wfk-286vn,5
u_3fb1aa4b,laptop-msi-katana-15-hx-b14wfk-286vn,5
u_923da32f,laptop-asus-vivobook-s-14-flip-tp3402va-lz632w,5
u_75765646,laptop-asus-vivobook-s-14-flip-tp3402va-lz632w,5
u_f718b926,laptop-dell-14-dc14250-dc4c5386w,5
u_97a4028f,laptop-lenovo-loq-15arp10e-83s0007avn,5
u_d298946d,macbook-neo-13-a18-pro-6-cpu-5-gpu-8gb-256gb,5
u_f7b47cf5,macbook-neo-13-a18-pro-6-cpu-5-gpu-8gb-512gb,5
u_9d4a1b98,macbook-air-13-m5-10-cpu-8-gpu-16gb-512gb,5
u_341fdc7f,macbook-air-13-m5-10-cpu-8-gpu-16gb-512gb,5
u_ac9e30e3,apple-macbook-air-13-m4-10cpu-10gpu-16gb-512gb-2025-sac-70w,5
u_ba00e533,laptop-asus-vivobook-s14-s3407va-ly146w,5
u_30f18433,laptop-acer-gaming-nitro-lite-16-nl16-71g-71uj,5
u_c75768e0,ipad-a16-11-inch,5
u_362df32a,ipad-a16-11-inch,5
u_0373513c,ipad-a16-11-inch,5
u_daf5b38b,ipad-a16-11-inch,5
u_ba55439c,ipad-pro-m5-11-inch-256gb,5
u_1f623330,ipad-pro-m5-11-inch-256gb,5
u_598729d6,ipad-a16-11-inch-256gb,5
u_d02674b1,ipad-a16-11-inch-256gb,5
u_ad6e55a1,ipad-a16-11-inch-256gb,5
u_d5e1e87b,ipad-a16-11-inch-256gb,5
u_03d2d305,ipad-air-m3-11-inch,5
u_224e431b,ipad-air-m3-11-inch,5
u_12143dd2,ipad-air-m3-11-inch,5
u_1ecd1f65,ipad-air-m3-11-inch,5
u_51c1b210,ipad-air-m3-11-inch,5
u_87a72cab,ipad-mini-7,5
u_ce3adfbf,ipad-mini-7,5
u_9743486e,ipad-mini-7,4
u_6306fb3d,may-tinh-bang-samsung-galaxy-tab-a11-wifi,5
u_ac571ab1,may-tinh-bang-samsung-galaxy-tab-s11-wifi,5
u_f8373fbe,may-tinh-bang-samsung-galaxy-tab-s11-wifi,5
u_080502c4,may-tinh-bang-samsung-galaxy-tab-s11-wifi,5
u_31196a77,may-tinh-bang-samsung-galaxy-tab-s11-wifi,5
u_062adf53,may-tinh-bang-samsung-galaxy-tab-s11-wifi,5
u_c39faf44,may-tinh-bang-xiaomi-redmi-pad-2-wifi,5
u_0b9b58c6,may-tinh-bang-xiaomi-redmi-pad-2-wifi,5
u_a747ef08,ipad-air-6-m2-11-inch,5
u_41450742,ipad-air-6-m2-11-inch,5
u_afea702a,ipad-air-6-m2-11-inch,5
u_ebf1c129,dong-ho-thong-minh-amazfit-t-rex-ultra-2,5
u_4b8c26e4,tai-nghe-samsung-galaxy-buds-4-pro,5
u_683a66b2,tai-nghe-khong-day-sony-wf-1000xm6,5
u_12896824,tai-nghe-khong-day-sony-wf-1000xm6,5
u_1e7c5515,may-choi-game-sony-playstation-5-slim,5
u_5e28d526,may-choi-game-sony-playstation-5-slim,4
u_b18acf2e,may-choi-game-sony-playstation-5-slim,5
u_7b802558,may-choi-game-sony-playstation-5-slim,5
u_5c68c798,camera-hanh-dong-dji-action-5-pro-standard,5
u_b7291de7,camera-hanh-dong-dji-action-5-pro-standard,5
u_03f898c5,camera-hanh-dong-dji-action-5-pro-standard,4
u_74c07c42,camera-hanh-dong-dji-action-5-pro-standard,4
u_c419e202,camera-hanh-dong-dji-action-5-pro-standard,5
u_c154f77f,dien-thoai-tecno-pova-8,5
u_559b6e63,dien-thoai-tecno-pova-curve-2-5g-8gb-256gb,5
u_91e6e76c,samsung-galaxy-a50s,5
u_5a61789e,dien-thoai-realme-gt6-pro,5
u_bd72af30,dien-thoai-realme-gt6-pro,5
u_86b76d6d,xiaomi-redmi-note-9-pro,5
u_784c598c,dien-thoai-vivo-x200-ultra,5
u_46d6488e,redmi-note-12-turbo,5
u_0931f909,redmi-note-12-turbo,5
u_61ec1a65,redmi-note-12-turbo,5
u_a3a92bd8,redmi-note-12-turbo,5
u_d7968ea5,redmi-note-12-turbo,5
u_778ba215,dien-thoai-vivo-qioo-z9-turbo,5
u_e2a8f06b,dien-thoai-vivo-qioo-z9-turbo,5
u_567b9e50,dien-thoai-vivo-qioo-z9-turbo,5
u_8e9a8c49,dien-thoai-vivo-qioo-z9-turbo,5
u_742b17ea,dien-thoai-vivo-qioo-z9-turbo,5
u_f5e948c7,masstel-izi-10-4g,5
u_79838516,asus-rog-phone-6-pro,5
u_34d55936,asus-rog-phone-6-pro,5
u_0b88e648,asus-rog-phone-6-pro,5
u_97b55bef,realme-gt-neo-5-pro,5
u_df4ba7c8,xiaomi-redmi-k40,5
u_435c12a3,xiaomi-redmi-k40,5
u_9e09356c,xiaomi-12s-pro,5
u_9494e670,asus-rog-phone-8-ultimate,5
u_d78f34fb,dien-thoai-huawei-pura-70-ultra,4
u_649b7fd2,dien-thoai-xiaomi-poco-f7-ultra,5
u_08c942fc,asus-rog-phone-5-ultimate,5
u_f0a998db,asus-rog-phone-5-ultimate,5
u_d71084d7,asus-rog-phone-5-ultimate,5
u_d13d7d59,asus-rog-phone-5-pro,5
u_4fa3176b,realme-q3,5
u_8802fb9e,realme-gt3,5
u_7cdf265b,vivo-x-note,5
u_a3b713d0,dien-thoai-vivo-qioo-z9,5
u_ba9d19e0,dien-thoai-vivo-qioo-z9,5
u_0020d929,dien-thoai-vivo-qioo-z9,5
u_a1bd524c,dien-thoai-vivo-qioo-z9,5
u_ddc1cb9d,nokia-hero-5g,5
u_ca09a1bf,realme-q3s,5
u_074d0595,realme-q3s,5
u_8bf245ea,realme-q3s,5
u_b0486318,realme-q3s,5
u_56723dc4,nokia-8000-4g,5
u_6204ac46,nokia-8000-4g,5
u_68868cd5,nokia-8000-4g,5
u_06fa4949,nokia-8000-4g,5
u_6850bb8b,nokia-8000-4g,5
u_9549f775,xiaomi-redmi-k60,5
u_1e684d5f,xiaomi-poco-x3-pro,5
u_10c81587,xiaomi-poco-x3-pro,5
u_6b4257ba,xiaomi-poco-x3-pro,5
u_aa78690a,xiaomi-poco-x3-pro,5
u_7c3472cd,xiaomi-poco-x3-pro,5
u_95d090af,dien-thoai-samsung-galaxy-a16-256gb,5
u_316e3fe9,realme-q5-pro,5
u_aa86320e,realme-q5-pro,5
u_ccc6e333,realme-q5-pro,5
u_d2b67abd,realme-q5-pro,5
u_956c81dd,redmi-k50-gaming-edition,5
u_6cd91369,realme-gt-neo-2,5
u_56309699,realme-gt-neo-2,5
u_17d97d5c,realme-gt-neo-2,5
u_3ec27216,realme-gt-neo-2,5
u_cce6e6d4,Oppo-Find-X2-Pro,5
u_419334d4,Oppo-Find-X2-Pro,5
u_f5516c2f,dien-thoai-xiaomi-17-pro,5
u_85411bcd,dien-thoai-xiaomi-17-pro-max,5
u_c00df8c3,dien-thoai-xiaomi-17-pro-max,5
u_6f92ba88,dien-thoai-xiaomi-17-pro-max,5
u_7913586b,dien-thoai-xiaomi-17-pro-max,5
u_ef8d3175,dien-thoai-xiaomi-17-pro-max,5
u_6acfa301,dien-thoai-samsung-galaxy-fold,5
u_91e6e76c,dien-thoai-samsung-galaxy-fold,5
u_617a7c22,dien-thoai-oppo-reno13f-4g,5
u_1c6c59aa,dien-thoai-oppo-reno13f-4g,5
u_356a63ab,dien-thoai-oppo-reno13f-4g,5
u_bc5f9535,dien-thoai-oppo-reno13f-4g,5
u_09e0ebc9,dien-thoai-oppo-reno13f-4g,5
u_3c737cef,dien-thoai-itel-p55-plus,5
u_886dc605,dien-thoai-itel-p55-plus,5
u_a3251b8c,dien-thoai-itel-p55-plus,5
u_544590b8,dien-thoai-itel-p55-plus,5
u_a5449c57,dien-thoai-itel-p55-plus,5
u_ed7ae270,dien-thoai-samsung-galaxy-a05s-6gb-128gb,5
u_83c93f64,dien-thoai-samsung-galaxy-a05s-6gb-128gb,5
u_78e311c0,dien-thoai-samsung-galaxy-a05s-6gb-128gb,5
u_2bad1a6d,dien-thoai-samsung-galaxy-a05s-6gb-128gb,5
u_cf20cee0,dien-thoai-samsung-galaxy-a05s-6gb-128gb,5
u_0aaf267a,dien-thoai-samsung-galaxy-s25-ultra-1tb,5
u_a3c6eec4,dien-thoai-samsung-galaxy-s25-ultra-1tb,5
u_024fe0b5,iphone-16-512gb,5
u_8e9e7d51,dien-thoai-infinix-note-50-pro,5
u_5206560a,vsmart-active-3-4gb,5
u_7036399b,vsmart-active-3-4gb,5
u_ce2af6b6,vsmart-active-3-4gb,5
u_d6b6d908,vsmart-active-3-4gb,5
u_ed5e8353,samsung-galaxy-z-flip-3,5
u_bac85ca2,samsung-galaxy-z-flip-3,5
u_ab95d7b2,samsung-galaxy-z-flip-3,5
u_e79bc1db,samsung-galaxy-z-flip-3,5
u_fc4265fd,samsung-galaxy-z-flip-3,5
u_23540ba2,vsmart-star-5-4gb-64gb,5
u_cfb528f1,vsmart-star-5-4gb-64gb,5
u_d96050d7,vsmart-star-5-4gb-64gb,5
u_ca259597,xiaomi-redmi-note-10-64gb,5
u_b8b5c472,xiaomi-redmi-note-10-64gb,5
u_eed1ffd6,xiaomi-redmi-note-10-64gb,5
u_b2ea32a9,xiaomi-redmi-note-10-64gb,5
u_73228bd3,xiaomi-redmi-note-10-64gb,5
u_cdcb79c1,asus-rog-phone-3,5
u_9b3b7ae4,asus-rog-phone-3,5
u_a6e5e019,asus-rog-phone-3,5
u_3d15130a,asus-rog-phone-3,5
u_c384c3dd,vivo-v20,5
u_8001161f,vivo-v20,5
u_e3c8fa06,iphone-12-mini-128gb,4
u_bbec2ff5,iphone-12-mini-128gb,5
u_fb9c1d50,iphone-12-mini-128gb,5
u_65cac9f9,iphone-12-mini-128gb,5
u_73ae481c,iphone-12-mini-128gb,5
u_dba0adcf,nubia-red-magic-6,5
u_c8a3305c,nubia-red-magic-6,5
u_4f3c9b82,nubia-red-magic-6,5
u_9db85044,nubia-red-magic-6,5
u_352387ad,oppo-a94,5
u_58ed5203,realme-narzo-30a,5
u_8d96eec7,nubia-red-magic-6-pro,5
u_7a3fb75d,nubia-red-magic-6-pro,5
u_da608cfb,nubia-red-magic-6-pro,5
u_44eb1fdc,nubia-red-magic-6-pro,4
u_dfff6ff9,xiaomi-redmi-9t,5
u_4919b56d,xiaomi-redmi-9t,5
u_f560f0b3,xiaomi-redmi-9t,5
u_b006d3b5,xiaomi-redmi-9t,5
u_37df2745,samsung-galaxy-a22,5
u_adf6b25e,samsung-galaxy-a22,5
u_473953b8,samsung-galaxy-a22,5
u_4f3d7fe1,iphone-12-pro-max,5
u_f9b204ac,iphone-12-pro-max,5
u_dee59baf,iphone-12-pro-max,5
u_26227b31,iphone-12-pro-max,5
u_be4e4734,iphone-12-pro-max,5
u_be5e31ff,samsung-galaxy-s21-ultra,5
u_0dff4e4b,samsung-galaxy-s21-ultra,5
u_ab1d59b3,samsung-galaxy-s21-ultra,5
u_084cb195,samsung-galaxy-s21-ultra,5
u_fb2776ea,samsung-galaxy-s21-ultra,5
u_823abfa6,xiaomi-redmi-note-10,5
u_ec92793d,xiaomi-redmi-note-10,5
u_514e9369,xiaomi-redmi-note-10,5
u_67753ae6,xiaomi-redmi-note-10,5
u_9768feb3,xiaomi-redmi-note-10,5
u_997b7a3a,samsung-galaxy-a72,4
u_d18c678d,samsung-galaxy-a72,5
u_704cc517,samsung-galaxy-a72,5
u_20e9d025,samsung-galaxy-a72,5
u_854b85db,samsung-galaxy-a72,5
u_8093ddc1,iphone-12-mini,5
u_7a51430c,iphone-12-mini,5
u_80acb5ad,iphone-12-mini,5
u_f1a52a26,iphone-12-mini,5
u_ac09f7ac,iphone-12-pro-max-256gb,5
u_5c54fffc,iphone-12-pro-max-256gb,5
u_fd097647,iphone-12-pro-max-256gb,5
u_c61f9c5f,iphone-12-pro-max-256gb,5
u_0db2e76f,oppo-find-x3-pro,5
u_03bd38bf,oppo-find-x3-pro,5
u_3429dc27,vivo-y12s,5
u_04618381,vivo-y12s,5
u_7a51430c,vivo-y12s,5
u_e25bac99,xiaomi-mi-note-10,5
u_01e187a8,xiaomi-mi-note-10,5
u_509e6296,iphone-11-pro,3
u_e5935fe2,iphone-11-pro,5
u_ac727c6d,iphone-11-pro,5
u_91e6e76c,iphone-11-pro,5
u_dface283,samsung-galaxy-a30s,5
u_1742f739,oppo-reno-2f,5
u_e6ca281b,oppo-reno-2f,5
u_c081e8aa,oppo-reno-2f,5
u_a959c5e1,oppo-reno-2f,5
u_7654511d,realme-xt,5
u_91e6e76c,realme-xt,4
u_987f2bfb,xiaomi-redmi-note-8-pro,5
u_ed9ad035,xiaomi-redmi-note-8-pro,5
u_495ae2bd,iphone-11-pro-256gb,5
u_43efba6f,iphone-11-pro-256gb,5
u_f5e93769,iphone-11-pro-256gb,5
u_91e6e76c,iphone-11-pro-256gb,5
u_12063e3b,realme-c2-2gb-32gb,5
u_a85a47f2,realme-5s,3
u_412ca0f9,iphone-se-2,5
u_682ffdc4,nokia-23,5
u_ff0945b7,samsung-galaxy-s20-ultra,5
u_f952320a,samsung-galaxy-s20-ultra,5
u_aeece4df,samsung-galaxy-s20-ultra,5
u_b6afb619,samsung-galaxy-s20-ultra,5
u_03281645,samsung-galaxy-s20-ultra,5
u_b5a4c120,samsung-galaxy-note-20,5
u_113346b8,samsung-galaxy-note-20,4
u_9adec048,samsung-galaxy-note-20,5
u_e1dcaba8,xiaomi-redmi-note-9s,5
u_0db2e76f,xiaomi-redmi-note-9s,5
u_c831a8bf,iphone-se-2020-128gb,5
u_ee9151e3,oppo-a12,5
u_49b2c02c,xiaomi-redmi-note-9-pro-128gb,4
u_eb03e6b3,xiaomi-redmi-note-9-pro-128gb,5
u_4a7bfb7b,xiaomi-redmi-note-9-pro-128gb,5
u_58bd148a,xiaomi-redmi-note-9-pro-128gb,4
u_86b76d6d,xiaomi-redmi-note-9-pro-128gb,5
u_82e1a72f,oppo-reno-4-pro,5
u_b4a0fc13,oppo-reno-4-pro,5
u_9d73682f,oppo-reno-4-pro,5
u_dd8fdf9f,oppo-reno-4-pro,5
u_81dbb886,oppo-reno-4-pro,5
u_e1a92759,vivo-y20,5
u_115325b3,vsmart-aris,5
u_43956c49,vsmart-aris,5
u_bc392021,vsmart-aris,5
u_996e79a5,vsmart-joy-4,5
u_dad621c0,vsmart-joy-4,4
u_fa1434ea,vsmart-joy-4,5
u_5b107dc4,vsmart-joy-4,4
u_e70fc85f,vsmart-joy-4,5
u_1db00541,tecno-spark-8c,5
u_4ae38495,tecno-spark-8c,5
u_18703395,tecno-spark-8c,5
u_4939831d,tecno-spark-8c,4
u_39ffe302,samsung-galaxy-s21-fe,5
u_a1945826,samsung-galaxy-s21-fe,3
u_eefecb05,samsung-galaxy-s22-256gb,5
u_0460c8a5,samsung-galaxy-s22-256gb,5
u_f0edb5a9,samsung-galaxy-s22-256gb,5
u_1fc8dd29,samsung-galaxy-s22-ultra-12gb-512gb,5
u_a53033bb,oppo-a76,5
u_ac5f5e2b,oppo-a76,5
u_be5ff70f,xiaomi-redmi-9c,5
u_fff80769,xiaomi-redmi-9c,4
u_f2583797,xiaomi-redmi-9c,5
u_7fc3e1f0,samsung-galaxy-a12,4
u_bcbb13ce,samsung-galaxy-a12,5
u_f8b5fb12,samsung-galaxy-a12,5
u_af210cc9,samsung-galaxy-a12,5
u_026aeef7,samsung-galaxy-m52,5
u_a95c790e,samsung-galaxy-m52,4
u_e00d1175,samsung-galaxy-m52,5
u_4dfc422f,samsung-galaxy-m52,5
u_5a715c08,samsung-galaxy-m52,5
u_6d297c83,samsung-galaxy-s22-plus,5
u_c5d05c65,samsung-galaxy-s22-plus,5
u_568fb6d5,samsung-galaxy-s22-plus,5
u_02c2c296,samsung-galaxy-s22-plus,5
u_73a14bb4,samsung-galaxy-s22-plus,5
u_a0e8c4bd,nubia-red-magic-6r,5
u_2d14a0a4,nokia-c30,5
u_eacd478a,nokia-c30,4
u_98a81c6e,xiaomi-poco-x3-gt,5
u_5d9f8c7c,xiaomi-poco-x3-gt,5
u_87b24dc7,xiaomi-poco-x3-gt,5
u_aa69112f,xiaomi-poco-x3-gt,5
u_ad3fa901,xiaomi-poco-x3-gt,5
u_38223ccd,vivo-v25,5
u_a8757389,vivo-v25,5
u_cb98c0b9,vivo-v25,5
u_bdce2ff1,vivo-v25,5
u_100fa2d5,iphone-14-pro-max-256gb,5
u_d53de590,iphone-14-pro-max-256gb,5
u_94a2c88f,iphone-14-pro-max-256gb,5
u_11d92b34,iphone-14-pro-max-256gb,5
u_03a10aea,iphone-14-pro-max-256gb,5
u_2561e1c5,iphone-14-pro-max-1tb,5
u_16d75144,realme-c33,5
u_5e543256,oppo-a17k,5
u_ae9c87a0,oppo-a17k,5
u_78634c60,oppo-a17k,4
u_3f472e10,oppo-a17k,5
u_10278c9f,realme-c33-4gb-64gb,5
u_5a4967d2,realme-c33-4gb-64gb,5
u_a93decab,realme-c33-4gb-64gb,5
u_3d3b75d7,realme-c33-4gb-64gb,5
u_7dbb5bea,tecno-pova-neo-6gb-128gb,5
u_0c08955f,tecno-pova-neo-6gb-128gb,4
u_605d4da6,tecno-pova-neo-6gb-128gb,5
u_dfee82b8,oneplus-nord-ce-3-lite,5
u_b9500297,oneplus-nord-ce-3-lite,5
u_0505a6ed,oneplus-nord-ce-3-lite,5
u_76e71207,oneplus-nord-ce-3-lite,5
u_73a14bb4,realme-c30s-3gb-64gb,5
u_dee6ce40,tecno-spark-10-pro-8gb-256gb,5
u_4ad35edf,tecno-spark-10-pro-8gb-256gb,5
u_a600a46e,tecno-spark-10-pro-8gb-256gb,5
u_a8834cc4,poco-x5-256gb,4
u_0661f341,tecno-spark-go,5
u_faf706c8,tecno-spark-go,5
u_a6ab09f3,tecno-spark-go,5
u_44393d59,samsung-galaxy-a54,5
u_2752af0a,samsung-galaxy-a54,5
u_c267c54c,samsung-galaxy-a54,5
u_472b21db,samsung-galaxy-a54,5
u_322b1125,samsung-galaxy-a54,5
u_13f8c8c9,samsung-galaxy-a14,5
u_bbfb5acb,samsung-galaxy-a14,4
u_ac2b22de,iphone-14-256gb,5
u_073ce060,iphone-14-256gb,5
u_5edb68c9,iphone-14-256gb,5
u_4ca07fe7,realme-c55,5
u_13f8c8c9,realme-c55,5
u_38fa1e16,realme-c55,4
u_3976b039,realme-c55,5
u_6c178e20,realme-c55,5
u_db71d558,realme-10,5
u_d84742d6,realme-10,5
u_0e8669a6,realme-10,5
u_9acfdc3f,realme-10,5
u_d8ac68ab,realme-10,5
u_e03c95c8,realme-c55-8gb-256gb,5
u_a61be76e,realme-c55-8gb-256gb,5
u_2a466c07,realme-c55-8gb-256gb,5
u_5ed080fe,vivo-v27e,5
u_d30c3337,vivo-v27e,5
u_22b1a842,vivo-v27e,5
u_635d9465,samsung-galaxy-s23-ultra-12gb-1tb,5
u_3ce4e7dd,xiaomi-redmi-note-13-pro,5
u_e100143b,xiaomi-redmi-note-13-pro,5
u_9743486e,xiaomi-redmi-note-13-pro,5
u_a75e6690,xiaomi-redmi-note-13-pro,5
u_44987ca7,tecno-spark-go-2024,5
u_29dd9a09,tecno-spark-go-2024,5
u_6d164134,tecno-spark-go-2024,5
u_50c24a13,samsung-galaxy-s24-ultra-512gb,5
u_fbba11e1,samsung-galaxy-s24-ultra-1tb.html,5
u_a1fb9063,samsung-galaxy-s24-ultra-1tb.html,5
u_35c536ca,samsung-galaxy-s24-plus-512gb,5
u_4a20fb3b,dien-thoai-realme-c60,5
u_00d2bc0c,dien-thoai-realme-c60,5
u_54d363fe,dien-thoai-inoi-288s,5
u_f986a9ed,dien-thoai-masstel-fami-60s,5
u_39d123e4,samsung-galaxy-s23-ultra,5
u_04660266,samsung-galaxy-s23-ultra,5
u_2feb9de7,samsung-galaxy-s23-ultra,5
u_602e02c0,samsung-galaxy-s23-ultra,5
u_c75768e0,samsung-galaxy-s23-ultra,5
u_9ce1b9d7,samsung-galaxy-a35,5
u_d3e7f9d4,samsung-galaxy-a35,5
u_4dc1aaf9,samsung-galaxy-a35,5
u_5fe58c7f,samsung-galaxy-a35,5
u_8f7e3605,samsung-galaxy-a35,5
u_b0c420cc,samsung-galaxy-s23-fe,5
u_3c40254e,samsung-galaxy-s23-fe,5
u_5cf3f3aa,samsung-galaxy-s23-fe,5
u_1cb3106e,samsung-galaxy-s23-fe,5
u_4cb630c2,sony-xperia-10-v,5
u_515405ee,samsung-galaxy-z-flip-5,5
u_b469b084,samsung-galaxy-z-flip-5,5
u_20aa9e9a,samsung-galaxy-z-flip-5,5
u_9d0201bc,samsung-galaxy-z-flip-5,5
u_4aec85f6,samsung-galaxy-z-flip-5,5
u_11b960f8,realme-11,5
u_ba0a184e,realme-11,5
u_e431d55b,realme-11,5
u_ecca4e69,realme-11,5
u_8f8dac8c,realme-11,5
u_e0cb545e,realme-11-pro,5
u_09eb8a05,realme-11-pro,5
u_b0f5f579,realme-11-pro,5
u_d7170020,realme-c51,5
u_32c8a53a,realme-c51,4
u_4dcab4ef,realme-c51,4
u_9696e419,samsung-galaxy-a05s,5
u_f8316721,samsung-galaxy-a05s,5
u_855e80b6,samsung-galaxy-a05s,5
u_ec6a04ac,zte-blade-a52,5
u_7867beaa,infinix-hot-30i-8gb-128gb,5
u_370ecdf6,infinix-hot-30i-8gb-128gb,4
u_568fb6d5,infinix-hot-30i-8gb-128gb,4
u_e9e03a6e,infinix-hot-30i-8gb-128gb,5
u_3eeeebd6,iphone-15-plus-512gb,5
u_9aca7f0e,xiaomi-11-lite-5g-ne,5
u_f952320a,xiaomi-11-lite-5g-ne,4
u_c3b0213d,xiaomi-11-lite-5g-ne,5
u_664fe6fe,xiaomi-11-lite-5g-ne,5
u_8c896f26,iphone-15-pro-max,5
u_0c95fe11,iphone-15-pro-max,5
u_975b8598,iphone-15-pro-max,5
u_59b9e31d,iphone-15-pro-max,5
u_65a79000,iphone-15-pro-max,5
u_78683bab,samsung-galaxy-a54-8gb-256gb,5
u_6c380bd1,samsung-galaxy-a54-8gb-256gb,5
u_034c8b93,samsung-galaxy-a54-8gb-256gb,5
u_6ce70592,samsung-galaxy-a54-8gb-256gb,4
u_da2927fb,samsung-galaxy-a54-8gb-256gb,5
u_01ce06fd,oneplus-nord-3,5
u_9a657f69,oneplus-nord-3,5
u_2b077c43,oneplus-nord-3,4
u_fcb80624,infinix-hot-30i,5
u_422bd0a6,infinix-hot-30i,5
u_ecf9acb5,infinix-hot-30i,5
u_22de4d5a,infinix-hot-30i,5
u_9debff96,infinix-hot-30i,4
u_9f341728,iphone-15-pro,5
u_a85a47f2,iphone-15-pro,5
u_b9ca05ee,iphone-15-pro,5
u_9a05ada9,iphone-15-pro,5
u_b9ca05ee,oppo-a18,5
u_69d7b950,oppo-a18,5
u_60df08f0,oppo-a18,5
u_a3dc5ae6,oppo-a18,4
u_5dbbe24b,oppo-a18,5
u_1636fb3b,Sharp Aquos S2 Chính Hãng,5
u_7a51430c,iphone-x-64-gb-chinh-hang-vn,3
u_91e6e76c,iphone-x-64-gb-chinh-hang-vn,5
u_f0c1db96,iphone-7-plus-128-gb-cty-vn,4
u_fff4fba5,iphone-7-plus-128-gb-cty-vn,5
u_14191e6c,iphone-7-plus-128-gb-cty-vn,5
u_cde94c31,iphone-7-plus-128-gb-cty-vn,5
u_7aa62afd,iphone-7-plus-128-gb-cty-vn,5
u_91e6e76c,Galaxy Note 9 Chính hãng,5
u_aeeb3a3d,iphone-xs-256-gb-chinh-hang-vn,5
u_9c285537,iphone-xr-64-gb-chinh-hang-vn,5
u_a870cbb8,iphone-xr-64-gb-chinh-hang-vn,5
u_4e88cae4,iphone-xr-64-gb-chinh-hang-vn,5
u_483ff2fc,iphone-xr-64-gb-chinh-hang-vn,5
u_8f1cbaec,iphone-xr-64-gb-chinh-hang-vn,5
u_f6e83190,iphone-xr-128-gb-chinh-hang-vn,5
u_798be1d9,iphone-xr-128-gb-chinh-hang-vn,5
u_36a95e5b,tecno-spark-20-pro-plus,5
u_d68560fb,tecno-spark-20-pro-plus,5
u_7b868ead,tecno-spark-20-pro-plus,5
u_ba6eb775,tecno-spark-20-pro-plus,5
u_ee9b0e7b,tecno-spark-20-pro-plus,5
u_8bfff223,dien-thoai-xiaomi-poco-m6,5
u_4cf7adf2,dien-thoai-xiaomi-poco-m6,5
u_f5d762be,dien-thoai-xiaomi-poco-m6,5
u_403acdca,dien-thoai-xiaomi-poco-m6,5
u_520fe1e8,dien-thoai-infinix-note-40-pro,5
u_d3678999,dien-thoai-infinix-note-40-pro,4
u_51ba79c4,dien-thoai-infinix-note-40-pro,5
u_9d494b8e,iphone-16-pro-max-1tb,4
u_96edc1e4,iphone-16-pro-max-1tb,5
u_92fbe099,iphone-16-pro-max-1tb,5
u_211b304f,iphone-16-pro-max-1tb,5
u_025e3117,iphone-16-pro-max-1tb,5
u_a7ce58f9,iphone-16-pro-1tb,5
u_e1be6ab5,dien-thoai-tecno-spark-go-1,5
u_eb9db80e,dien-thoai-tecno-spark-go-1,5
u_3cf9b412,dien-thoai-tecno-spark-go-1,5
u_b7672344,dien-thoai-samsung-galaxy-a06,5
u_6d17a8ce,dien-thoai-samsung-galaxy-a06,5
u_07ec0c0b,dien-thoai-samsung-galaxy-a06,5
u_841f44f0,dien-thoai-samsung-galaxy-a06,4
u_2e82cbc2,dien-thoai-samsung-galaxy-a06,5
u_b8a877b1,asus-rog-phone-5s-512gb,5
u_4a64af46,asus-rog-phone-5s-512gb,5
u_5e543256,asus-rog-phone-5s-512gb,4
u_0ad9fabb,asus-rog-phone-5s-512gb,5
u_0cfa0756,iphone-13-mini-256gb,5
u_a71ef764,iphone-13-mini-512gb,5
u_377d3cc6,iphone-13-pro-max-512gb,5
u_55548da1,iphone-13-pro-max-512gb,5
u_1dea8373,iphone-13-pro-max-512gb,3
u_ca48b1e0,iphone-13-pro-max-512gb,5
u_d3ebff14,oppo-a16k,5
u_a86c2b9e,nokia-c20-16gb,4
u_c1170e10,asus-rog-phone-5s-12gb,5
u_9130db4d,asus-rog-phone-5s-12gb,5
u_24f3b2b2,huawei-mate-30-pro,5
u_334a9475,huawei-mate-30-pro,5
u_e3130ce3,huawei-nova-7i,5
u_b1d1d7b5,huawei-nova-7i,5
u_0dae9ba7,huawei-nova-7i,5
u_a3acccfb,huawei-p40-pro,4
u_40797022,xiaomi-redmi-note-10-pro,5
u_ab8259e6,xiaomi-redmi-note-10-pro,5
u_1f51449f,xiaomi-redmi-note-10-pro,5
u_d034de38,xiaomi-redmi-note-10-pro,5
u_28273dde,samsung-galaxy-s23-128gb,4
u_d5987bde,samsung-galaxy-s23-128gb,5
u_c63096c8,samsung-galaxy-s23-128gb,5
u_91e0031a,samsung-galaxy-s23-128gb,5
u_fc4107af,nubia-redmagic-8s-pro,5
u_2cae8ebf,nubia-redmagic-8s-pro,5
u_faadbd9f,realme-9-pro,5
u_b9ca05ee,realme-9-pro,5
u_5e543256,realme-9-pro,5
u_38d56596,realme-9-pro,5
u_4fcbaeca,xiaomi-redmi-note-12,5
u_e8dc4397,xiaomi-redmi-note-12,5
u_97d1e56a,xiaomi-redmi-note-12,5
u_9af63490,xiaomi-redmi-note-12,5
u_fb9b029a,xiaomi-redmi-note-12,5
u_e7764e4b,iphone-16-pro-256gb,5
u_1b5e9cc2,iphone-16-pro-256gb,5
u_b367dd21,iphone-16-pro-256gb,5
u_ae67b4eb,iphone-16-pro-256gb,5
u_6b457cf0,iphone-16-pro-256gb,4
u_ad3e012d,oppo-reno7-z,5
u_5e543256,iphone-12-pro,5
u_b5a76c42,iphone-12-pro,5
u_074627e6,iphone-12-pro,5
u_80e75964,iphone-12-pro,5
u_cc1ff026,iphone-14-plus,5
u_9581a9b7,iphone-14-plus,4
u_5e543256,iphone-14-plus,5
u_9e64f1cb,iphone-14-plus,4
u_0c7f0f90,dien-thoai-samsung-galaxy-a16-lte,5
u_5f2ec188,dien-thoai-samsung-galaxy-a16-lte,5
u_34f9bfff,tecno-spark-10,5
u_5011f93c,samsung-galaxy-s22-ultra,5
u_bc08d3d6,samsung-galaxy-s22-ultra,5
u_a6a49a1a,samsung-galaxy-s22-ultra,5
u_76ca1f55,samsung-galaxy-s22-ultra,5
u_ab0fe571,samsung-galaxy-s22-ultra,5
u_73ed4d19,xiaomi-redmi-note-12-pro-4g,5
u_370f0481,xiaomi-redmi-note-12-pro-4g,5
u_4894d99f,xiaomi-redmi-note-12-pro-4g,5
u_107e9a11,xiaomi-redmi-note-12-pro-4g,5
u_78d99990,xiaomi-redmi-note-13-pro-plus,5
u_b8f21a42,xiaomi-redmi-note-13-pro-plus,5
u_ce571676,xiaomi-redmi-note-13-pro-plus,5
u_889a29b6,xiaomi-redmi-note-13-pro-plus,5
u_a3370aec,iphone-15-plus,5
u_bea3e260,iphone-15-plus,5
u_7b3a474a,iphone-15-plus,5
u_ff2c40d8,iphone-15-plus,5
u_e7fd2a6e,dien-thoai-honor-x7c,5
u_73612064,dien-thoai-samsung-galaxy-a16,5
u_f18f4479,dien-thoai-samsung-galaxy-a16,5
u_4380d933,dien-thoai-samsung-galaxy-a16,5
u_418aebb7,dien-thoai-samsung-galaxy-a16,5
u_5e543256,xiaomi-redmi-note-11-128gb,5
u_9d7a7db1,xiaomi-redmi-note-11-128gb,4
u_08854def,xiaomi-redmi-note-11-128gb,3
u_bf9f967c,xiaomi-redmi-note-11-128gb,5
u_1a0818a7,xiaomi-redmi-note-11-128gb,5
u_dc5c8aba,dien-thoai-oppo-a6t-6gb-256gb,5
u_52573abf,dien-thoai-nubia-v80-max-8gb-128gb,5
u_0578c9d8,dien-thoai-tecno-spark-go-2,5
u_d9020ff8,dien-thoai-tecno-spark-go-2,5
u_c3e54d9f,asus-rog-phone-6-batman-12gb-256gb,5
u_2cba62b2,oppo-a58,5
u_0d3230f8,oppo-a58,5
u_0246eba6,oppo-a58,5
u_b8d085aa,oneplus-11-8gb-128gb,5
u_c7b8be68,oneplus-11-8gb-128gb,5
u_fc9ddc04,nokia-c20,5
u_47e9c371,nokia-c20,5
u_10b01752,nokia-c20,5
u_6bbe4067,nokia-c20,5
u_bd340d7f,dien-thoai-oppo-reno-11-f,5
u_0fc022b1,dien-thoai-oppo-reno-11-f,5
u_fed5255c,dien-thoai-oppo-reno-11-f,5
u_df5c7921,dien-thoai-oppo-reno-11-f,5
u_343303bf,dien-thoai-oppo-reno-11-f,5
u_2cab55e9,tcl-40-nxt-paper,5
u_666ef6f7,dien-thoai-realme-c67,5
u_67f7a5ba,dien-thoai-realme-c67,5
u_2855cae4,dien-thoai-realme-c67,5
u_3a6ec3cf,xiaomi-14t,5
u_786bb537,xiaomi-14t,5
u_dc27ca08,xiaomi-14t,5
u_3ff3ef53,xiaomi-14t,5
u_ae43fda1,xiaomi-14t,5
u_e0e3df7f,xiaomi-redmi-13c,5
u_ae39ce71,xiaomi-redmi-13c,4
u_899a47a4,xiaomi-redmi-13c,5
u_1734a1de,xiaomi-redmi-13c,5
u_d71c7494,xiaomi-redmi-13c,5
u_fa87d829,oppo-find-n3-flip,5
u_2a2ea787,oppo-find-n3-flip,5
u_6fe4f053,oppo-find-n3-flip,5
u_fa20f4de,oppo-find-n3-flip,5
u_6a4f410f,oppo-find-n3-flip,5
u_f6f36d4c,dien-thoai-zte-z70-ultra-12gb-256gb,5
u_e818e607,dien-thoai-zte-z70-ultra-12gb-256gb,5
u_6b4257ba,dien-thoai-nubia-a56-4gb-128gb,5
u_0f5365f4,dien-thoai-nubia-z70s-ultra-5g,5
u_ee7d11f4,dien-thoai-nubia-z70s-ultra-5g,5
u_ff138083,dien-thoai-itel-rs4,5
u_b75f5ff9,dien-thoai-itel-rs4,5
u_03f334d3,dien-thoai-itel-rs4,5
u_4862b0bc,dien-thoai-itel-rs4,5
u_0ae107cf,dien-thoai-itel-rs4,5
u_910a0d4d,dien-thoai-oppo-a3-8gb-256gb,5
u_65df3908,dien-thoai-oppo-a3-8gb-256gb,5
u_2b0e73d5,dien-thoai-oppo-reno13f-5g,5
u_8909f4f3,dien-thoai-oppo-reno13f-5g,5
u_98ba9d41,dien-thoai-oppo-reno13f-5g,5
u_f9ea155d,dien-thoai-oppo-reno13f-5g,5
u_12d61d15,dien-thoai-realme-13-plus-5g,4
u_73a14bb4,dien-thoai-realme-13-plus-5g,5
u_6600e7fb,dien-thoai-realme-13-plus-5g,5
u_f77dc98a,dien-thoai-realme-13-plus-5g,5
u_35509f21,dien-thoai-realme-13-plus-5g,5
u_95bf973d,dien-thoai-tecno-camon-30s,5
u_a16f5548,dien-thoai-tecno-camon-30s,5
u_d866ebd9,dien-thoai-tecno-camon-30s,5
u_f801d041,dien-thoai-tecno-camon-30s,5
u_fcc57be6,dien-thoai-oppo-find-n5,5
u_22244ae3,dien-thoai-oppo-find-n5,5
u_6fe4f053,dien-thoai-oppo-find-n5,5
u_1170f03f,dien-thoai-oppo-find-n5,5
u_1cc86097,dien-thoai-oppo-find-n5,5
u_37259794,dien-thoai-infinix-hot-50,5
u_cdcb79c1,dien-thoai-infinix-hot-50,5
u_85170a9b,dien-thoai-infinix-hot-50-pro-plus,5
u_1a023178,dien-thoai-infinix-hot-50-pro-plus,5
u_71bb5126,dien-thoai-infinix-hot-50-pro-plus,5
u_e6f1bb73,dien-thoai-infinix-hot-50-pro-plus,5
u_01a64a19,dien-thoai-infinix-hot-50-pro-plus,5
u_29ddb440,dien-thoai-samsung-galaxy-m55-5g-8gb-256gb,5
u_8fcd60ae,dien-thoai-samsung-galaxy-m55-5g-8gb-256gb,5
u_ab979068,dien-thoai-samsung-galaxy-m55-5g-8gb-256gb,4
u_ce425ba5,dien-thoai-samsung-galaxy-m55-5g-8gb-256gb,5
u_197c61fd,dien-thoai-samsung-galaxy-m55-5g-8gb-256gb,5
u_bc9bbaa1,dien-thoai-xiaomi-15-ultra,5
u_6d8b2ebf,dien-thoai-xiaomi-15-ultra,5
u_0b148d5a,dien-thoai-xiaomi-15-ultra,5
u_4a64af46,dien-thoai-xiaomi-15-ultra,5
u_fbc6cc4d,dien-thoai-xiaomi-15-ultra,4
u_4d5da261,dien-thoai-nubia-neo-3-5g,5
u_8c1a8523,dien-thoai-nubia-neo-3-5g,5
u_83920878,dien-thoai-nubia-neo-3-5g,5
u_a619ec56,dien-thoai-nubia-neo-3-5g,5
u_5101e1ed,dien-thoai-nubia-neo-3-5g,5
u_ab091a39,samsung-galaxy-m14,5
u_17d97d5c,samsung-galaxy-m14,4
u_812f7231,samsung-galaxy-m14,5
u_ecc0a790,samsung-galaxy-m14,4
u_49640cb2,samsung-galaxy-m14,5
u_1266b4e6,dien-thoai-oppo-a6-pro,4
u_a07f89ad,nokia-3210-4g,5
u_483be3ca,nokia-3210-4g,5
u_846ac3d0,nokia-3210-4g,5
u_0db58454,nokia-3210-4g,4
u_2a938983,nokia-3210-4g,5
u_36e53bbd,dien-thoai-oppo-find-x9-16gb-512gb,5
u_786bb537,xiaomi-13t-pro,5
u_befda506,xiaomi-13t-pro,5
u_fb45655c,xiaomi-13t-pro,5
u_a5b9f190,xiaomi-13t-pro,5
u_7fccf2d4,xiaomi-13t-pro,5
u_974aa52f,dien-thoai-masstel-izi-t5-plus,5
u_1450b7b1,dien-thoai-xiaomi-15t-pro-5g,5
u_e4820752,dien-thoai-xiaomi-15t-pro-5g,5
u_b22b017b,dien-thoai-xiaomi-15t-pro-5g,5
u_b34d4619,dien-thoai-xiaomi-15t-pro-5g,5
u_2970f7c8,dien-thoai-xiaomi-15t-pro-5g,5
u_7be613c7,dien-thoai-xiaomi-redmi-note-14-5g,5
u_deadb795,dien-thoai-xiaomi-redmi-note-14-5g,5
u_80bc0bd6,dien-thoai-xiaomi-redmi-note-14-5g,5
u_5f7921a8,dien-thoai-xiaomi-redmi-note-14-5g,5
u_5f8dccd3,iphone-16-pro,5
u_5e46f257,iphone-16-pro,5
u_932cef89,iphone-16-pro,4
u_c8ea4027,iphone-16-pro,4
u_49bccb9b,iphone-16-pro,5
u_a1b058af,dien-thoai-samsung-galaxy-a26,4
u_4e1abd48,dien-thoai-samsung-galaxy-a26,5
u_bf0d75df,dien-thoai-samsung-galaxy-a26,5
u_fc285ba4,dien-thoai-samsung-galaxy-a26,4
u_74c012af,dien-thoai-samsung-galaxy-a26,5
u_e129923e,iphone-14-pro-max,5
u_3e78863a,iphone-14-pro-max,5
u_1b595245,iphone-14-pro-max,5
u_6664d5af,iphone-14-pro-max,5
u_149e04b6,iphone-14-pro-max,5
u_9307f526,dien-thoai-xiaomi-15,5
u_f8373fbe,dien-thoai-xiaomi-15,5
u_e6169760,dien-thoai-xiaomi-15,5
u_854e448f,dien-thoai-xiaomi-15,5
u_ca2be09f,dien-thoai-xiaomi-15,5
u_d4c75fd5,dien-thoai-oppo-find-x9-pro,5
u_5cc63e52,dien-thoai-oppo-find-x9-pro,5
u_87139364,dien-thoai-tecno-spark-40-pro-plus,5
u_d5c2b3e1,dien-thoai-tecno-spark-40-pro-plus,5
u_5a6135a1,dien-thoai-tecno-spark-40-pro-plus,5
u_d7d0bfdc,dien-thoai-tecno-spark-40-pro-plus,5
u_814b3710,dien-thoai-viettel-t2-4g,5
u_92b9b1dd,dien-thoai-viettel-t2-4g,5
u_d533faa6,dien-thoai-viettel-t2-4g,4
u_6620028c,xiaomi-redmi-note-10s,5
u_e5405105,xiaomi-redmi-note-10s,5
u_0db2e76f,xiaomi-redmi-note-10s,5
u_ee3f6261,xiaomi-redmi-note-10s,5
u_280ea87e,xiaomi-redmi-note-10s,5
u_a21bea54,dien-thoai-meizu-lucky-08,5
u_0931f909,dien-thoai-meizu-lucky-08,5
u_8fae9088,dien-thoai-meizu-lucky-08,5
u_15f100b1,dien-thoai-meizu-lucky-08,5
u_45c92e7e,dien-thoai-meizu-lucky-08,5
u_be02b9ca,iphone-17-pro-512gb,5
u_fd77f7e2,iphone-17-512gb,5
u_2f09a46d,iphone-17-pro-max-2tb,5
u_0931f909,iphone-17-pro-max-2tb,5
u_9cff63ff,dien-thoai-poco-x7-pro-5g,5
u_7bca4a33,dien-thoai-poco-x7-pro-5g,5
u_8e2b5664,dien-thoai-poco-x7-pro-5g,5
u_5b806707,dien-thoai-poco-x7-pro-5g,5
u_c42885fa,dien-thoai-poco-x7-pro-5g,5
u_b3ab90ce,dien-thoai-samsung-galaxy-s25,5
u_c5543e01,dien-thoai-samsung-galaxy-s25,5
u_35b9472a,dien-thoai-samsung-galaxy-s25,5
u_465772c4,dien-thoai-samsung-galaxy-s25,5
u_9009ac1b,dien-thoai-samsung-galaxy-s25,5
u_d8febdd5,dien-thoai-xiaomi-poco-x8-pro-max-12gb-512gb,5
u_2bb08304,dien-thoai-xiaomi-poco-x8-pro-max-12gb-512gb,5
u_a5f27c16,dien-thoai-xiaomi-poco-x8-pro-max-12gb-512gb,5
u_fd4ba069,dien-thoai-oppo-reno12-5g,5
u_14e2fbe4,dien-thoai-oppo-reno12-5g,5
u_8394f034,dien-thoai-oppo-reno12-5g,5
u_5dcbb867,dien-thoai-oppo-reno12-5g,5
u_c467eff3,dien-thoai-oppo-reno12-5g,5
u_7a8a3cd2,oppo-find-n3,5
u_6a4f410f,oppo-find-n3,5
u_e548f26f,dien-thoai-tecno-camon-40,5
u_f93f1ec1,dien-thoai-tecno-camon-40,5
u_ace00444,dien-thoai-tecno-camon-40,5
u_4c96a099,samsung-galaxy-z-fold-7-12gb-512gb,5
u_fd359698,samsung-galaxy-z-fold-7-12gb-512gb,5
u_a60f5802,samsung-galaxy-z-fold-7-12gb-512gb,5
u_f64cf616,samsung-galaxy-z-fold-7-12gb-512gb,5
u_467b71d7,samsung-galaxy-z-fold-7-12gb-512gb,5
u_96378604,iphone-16-plus-256gb,5
u_0ee87dd3,iphone-16-plus-256gb,5
u_7a8a3cd2,iphone-16-plus-256gb,5
u_63596287,iphone-16-plus-256gb,5
u_82b8f53c,samsung-galaxy-s23-plus,5
u_ec242a3a,samsung-galaxy-s23-plus,5
u_860f6e8b,iphone-16e-256gb,5
u_8c242615,dien-thoai-honor-x7d,5
u_08d062ee,dien-thoai-honor-x7d,5
u_f64e8a9b,dien-thoai-samsung-galaxy-a36,5
u_1c0e02a9,dien-thoai-samsung-galaxy-a36,5
u_9b372f2b,dien-thoai-samsung-galaxy-a36,5
u_acef615d,dien-thoai-samsung-galaxy-a36,5
u_c2514b7b,asus-rog-phone-5s,5
u_da669b81,asus-rog-phone-5s,5
u_93556d7e,asus-rog-phone-5s,5
u_20d260e2,asus-rog-phone-5s,5
u_ecf62b8d,asus-rog-phone-5s,5
u_8a3e5b6f,dien-thoai-xiaomi-redmi-note-15-5g,5
u_bc2e1d6b,dien-thoai-nubia-neo-3-4g,5
u_14a33d30,dien-thoai-nubia-neo-3-4g,5
u_17a8cca7,dien-thoai-nubia-neo-3-4g,5
u_c8760886,dien-thoai-nubia-neo-3-4g,5
u_80e4b33f,dien-thoai-nubia-neo-3-4g,5
u_568fb6d5,iphone-16e,5
u_be9ea508,iphone-16e,5
u_c7f01ab0,iphone-16e,5
u_81d990e0,iphone-16e,5
u_6069f9f2,iphone-16e,5
u_077c1d99,dien-thoai-samsung-galaxy-a07,5
u_4386f165,dien-thoai-samsung-galaxy-a07,5
u_025de4a3,dien-thoai-samsung-galaxy-a07,5
u_6b80fad3,dien-thoai-samsung-galaxy-a07,5
u_35b2824d,iphone-17-pro-max-1tb,5
u_73226bc2,iphone-17-pro-max-1tb,5
u_8d930fec,dien-thoai-meizu-mblu-21-128gb,5
u_9432f106,dien-thoai-meizu-mblu-21-128gb,4
u_ce5a6eea,dien-thoai-meizu-mblu-21-128gb,5
u_a1158c8f,dien-thoai-meizu-mblu-21-128gb,5
u_b2606fff,iphone-13,5
u_d6b5a971,iphone-13,5
u_f05951be,iphone-13,5
u_10278c9f,iphone-13,5
u_a4e8b9c0,iphone-13,5
u_6bb3f9c3,iphone-16-plus,5
u_33c74f7e,iphone-16-plus,5
u_f07ff655,iphone-16-plus,5
u_87cbdf1e,iphone-16-plus,5
u_92da4c52,iphone-16-plus,5
u_43974e5d,nokia-105-4g-pro,5
u_932bbaca,nokia-105-4g-pro,5
u_311a4805,nokia-105-4g-pro,4
u_296c0894,nokia-105-4g-pro,5
u_f385b335,iphone-17-pro-max-512gb,5
u_d32f7fa8,samsung-galaxy-s24-plus,5
u_313e59d3,samsung-galaxy-s24-plus,5
u_83bdf267,samsung-galaxy-s24-plus,5
u_a8e37875,samsung-galaxy-s24-plus,5
u_0d27c6c0,iphone-15-pro-max-512gb,5
u_63ee3233,iphone-15-pro-max-512gb,5
u_a9a4516a,iphone-15-pro-max-512gb,4
u_7069fa59,dien-thoai-xiaomi-poco-x6-pro,5
u_0b5aab11,dien-thoai-xiaomi-poco-x6-pro,5
u_138a930a,dien-thoai-xiaomi-poco-x6-pro,5
u_4466688b,dien-thoai-xiaomi-poco-x6-pro,5
u_269b691d,dien-thoai-xiaomi-poco-x6-pro,5
u_61255f06,dien-thoai-tecno-pova-7-256gb,5
u_6adf5ff3,dien-thoai-tecno-pova-7-256gb,4
u_2ce7aadd,dien-thoai-tecno-pova-7-256gb,5
u_4ae057ed,dien-thoai-tecno-pova-7-256gb,5
u_7f51f8bd,dien-thoai-tecno-pova-7-256gb,5
u_34bd8c9e,dien-thoai-xiaomi-redmi-note-15-pro-5g,5
u_ca2b85dc,iphone-8-plus-64-gb-chinh-hang-vn,5
u_36c45ecd,iphone-8-plus-64-gb-chinh-hang-vn,4
u_b13964e5,iphone-8-plus-64-gb-chinh-hang-vn,5
u_001167a5,iphone-8-plus-64-gb-chinh-hang-vn,5
u_1cb9837e,xiaomi-14-pro,5
u_29b00fec,xiaomi-14-pro,5
u_649b7fd2,dien-thoai-xiaomi-poco-f7-pro,5
u_1abe1dfc,dien-thoai-xiaomi-poco-f7-pro,5
u_aa8b9394,realme-q2,5
u_fab79673,realme-q2,5
u_e325e5e5,realme-q2,5
u_4c124314,realme-q2,5
u_7ecf4049,samsung-galaxy-a52-5g,5
u_4f23941e,oneplus-ace-2-pro,5
u_f1d0f188,oneplus-ace-2-pro,5
u_4f23941e,dien-thoai-oneplus-ace-3-pro,4
u_82bdb354,realme-q3-pro,5
u_876989c5,realme-q3-pro,5
u_82bdb354,realme-narzo-50a-prime,5
u_08384652,realme-narzo-50a-prime,5
u_63ecf1ea,dien-thoai-xiaomi-redmi-k80-pro,5
u_ebf61d47,dien-thoai-xiaomi-redmi-k80-pro,5
u_d3f9db70,samsung-galaxy-f23,5
u_ce7ff6f3,dien-thoai-samsung-galaxy-a15-5g,5
u_c73d494d,dien-thoai-infinix-note-40-5g,5
u_bf7f4263,infinix-note-30-pro,4
u_5a38f24c,samsung-galaxy-s20,5
u_69619fe8,samsung-galaxy-s20,3
u_e61572fe,samsung-galaxy-s20,4
u_c7fdc43c,samsung-galaxy-s20,3
u_26124985,nokia-72,5
u_5c2d8434,xiaomi-mi-11-ultra,5
u_cbda2095,vsmart-joy-2-plus-ram-2gb,5
u_5b6f0f7b,vsmart-joy-2-plus-ram-2gb,5
u_d5e5a24f,oppo-a92,5
u_d36c56c7,oppo-a92,5
u_ae784069,oppo-a92,5
u_e09d3b9f,xiaomi-redmi-k50s,5
u_4b599aa9,bphone-b86,5
u_f2812f20,dien-thoai-xiaomi-redmi-note-14-pro-8gb-256gb,4
u_95f544ec,xiaomi-mi-10s,5
u_cbee1ef5,xiaomi-poco-f4-gt,5
u_432d4d18,xiaomi-poco-m3,5
u_2bd7d2c2,xiaomi-poco-m3,5
u_625d45c5,xiaomi-poco-m3,5
u_464dcc9b,xiaomi-poco-m3,5
u_ebcf3ed4,xiaomi-poco-m3,4
u_4b599aa9,bphone-b60,5
u_d36c56c7,samsung-galaxy-note-10-chinh-hang,5
u_58805018,samsung-galaxy-note-10-chinh-hang,5
u_75afe84e,xiaomi-redmi-note-8,5
u_ada449ae,realme-7-pro,5
u_666ef6f7,realme-7-pro,5
u_95f69a71,realme-7-pro,4
u_e6ca281b,xiaomi-mi-11,4
u_4b1ecbe5,xiaomi-mi-11,5
u_0d0bed55,xiaomi-mi-11,4
u_71676ad7,xiaomi-mi-11,5
u_590cc0a4,xiaomi-poco-x3,5
u_ec148d4e,xiaomi-poco-x3,5
u_529f9e0d,xiaomi-poco-x3,5
u_2c604caf,xiaomi-poco-x3,5
u_5eca3c66,xiaomi-poco-x3,4
u_beb2ca9e,nokia-c32,5
u_ae739c49,nokia-c32,5
u_9980fb65,nokia-c32,5
u_12063e3b,nokia-c32,5
u_66ac3d85,nokia-c32,5
u_41af5c67,poco-x5-pro-256gb,4
u_c80724d8,poco-x5-pro-256gb,5
u_6e55fb02,poco-x5-pro-256gb,5
u_68c7e7fe,poco-x5-pro-256gb,5
u_ec0fc010,poco-x5-pro-256gb,5
u_5e543256,tecno-pova-4-pro,5
u_e56de71e,tecno-pova-4-pro,5
u_9b4ee4ae,tecno-pova-4-pro,4
u_740a1637,tecno-pova-4-pro,5
u_0aaf267a,xiaomi-redmi-10-6gb-128gb,5
u_bfdbf51b,xiaomi-redmi-10-6gb-128gb,5
u_cf41cb5c,xiaomi-redmi-10-6gb-128gb,5
u_e79eaa0c,nokia-g22,4
u_99064503,nokia-g22,5
u_0e7067a7,nokia-g22,5
u_3df84f2a,nokia-g22,5
u_0b266b37,nokia-g22,5
u_f2abf544,xiaomi-redmi-note-12s,4
u_0c3e0e1d,xiaomi-redmi-note-12s,5
u_abcaec0d,xiaomi-redmi-note-12s,5
u_bd4559f5,xiaomi-redmi-note-12s,5
u_7082d648,xiaomi-redmi-note-12s,5
u_1345be78,xiaomi-redmi-12c,5
u_ee945562,xiaomi-redmi-12c,5
u_4fa3176b,xiaomi-redmi-12c,5
u_dda093cf,xiaomi-redmi-12c,5
u_8b09d19f,xiaomi-redmi-12c,4
u_953679d1,oppo-reno-8t-4g-256gb,5
u_6ecf434a,oppo-reno-8t-4g-256gb,4
u_67b11152,oppo-reno-8t-4g-256gb,4
u_d5d78738,poco-x5-pro,5
u_3dfc4971,poco-x5-pro,5
u_c1716b07,poco-x5-pro,5
u_ae20317a,poco-x5-pro,5
u_7271f9f5,poco-x5-pro,4
u_510b8d70,asus-rog-phone-7,5
u_0926b3c9,asus-rog-phone-7,5
u_c39e2024,asus-rog-phone-7,5
u_c1a43ad4,asus-rog-phone-7,4
u_3e0af40b,samsung-galaxy-s23,5
u_55d39569,samsung-galaxy-s23,5
u_de239bda,samsung-galaxy-a34,5
u_1da5a791,samsung-galaxy-a34,5
u_6615b701,samsung-galaxy-a34,5
u_1a2b74c0,xiaomi-poco-m5,5
u_a7546fa3,xiaomi-poco-m5,5
u_d83f84a0,xiaomi-poco-m5,5
u_c1ab8bdc,xiaomi-poco-m5,5
u_48ef3f1f,iphone-14-plus-256gb,5
u_e75f43f5,iphone-14-plus-256gb,5
u_7f0e9d17,iphone-14-plus-256gb,5
u_0931b128,iphone-14-plus-256gb,5
u_91c6f594,poco-x5,5
u_d13adbaf,poco-x5,5
u_29c5b716,samsung-galaxy-s22,5
u_e6ca281b,samsung-galaxy-s22,5
u_5c38c61e,samsung-galaxy-s22,5
u_5e543256,samsung-galaxy-a73,5
u_b849aaa0,samsung-galaxy-a73,4
u_ec5a0ab7,samsung-galaxy-a73,4
u_319ad4db,samsung-galaxy-a73,5
u_092f2ba9,samsung-galaxy-a73,5
u_f62ab8aa,samsung-galaxy-a53,5
u_356b0a9e,samsung-galaxy-a53,5
u_f14153c1,samsung-galaxy-a53,5
u_dbea438b,samsung-galaxy-a53,5
u_2351038f,oppo-a95,4
u_be560ac6,oppo-a95,5
u_35df13a6,oppo-a95,5
u_ce1e6162,oppo-a95,3
u_4a1f8416,iphone-13-pro,5
u_f2e02ee5,iphone-13-pro,4
u_d7d56e3c,iphone-13-pro,4
u_a6c2e264,iphone-13-pro,5
u_5ab0e1e4,iphone-13-pro,5
u_4529f780,dien-thoai-xiaomi-redmi-14c,5
u_1ccda2f2,dien-thoai-xiaomi-redmi-14c,5
u_7dd73494,dien-thoai-xiaomi-redmi-14c,5
u_cb0eb0f0,dien-thoai-xiaomi-redmi-14c,5
u_d95e319c,dien-thoai-xiaomi-redmi-14c,5
u_faf68213,dien-thoai-realme-note-60,5
u_91ea59f7,dien-thoai-realme-note-60,5
u_fb57dc26,dien-thoai-itel-p55,5
u_0068c866,dien-thoai-itel-p55,5
u_e1395537,dien-thoai-itel-p55,5
u_8cd8b267,dien-thoai-itel-8010-4g,5
u_1def83f1,dien-thoai-itel-8010-4g,5
u_f9f7f953,nubia-neo-5g,5
u_6e77f4a6,nubia-neo-5g,5
u_2243200c,nubia-neo-5g,5
u_38b0adc1,nubia-neo-5g,5
u_fecee289,tecno-spark-10-pro,5
u_83dde17f,tecno-spark-10-pro,5
u_d37c065a,tecno-camon-20,5
u_c3b8f5c5,tecno-camon-20,5
u_003835f8,tecno-camon-20,5
u_9156c085,tecno-camon-20,5
u_ea9a1231,tecno-camon-20,4
u_80a998f5,iphone-12-pro-max-512gb,5
u_930788e6,iphone-12-pro-max-512gb,5
u_7ecf4049,iphone-12-pro-max-512gb,5
u_0085406c,iphone-12-pro-max-512gb,5
u_26289bea,realme-8-pro,5
u_67bddc82,oppo-reno-5-5g,4
u_91e6ec94,oppo-reno-5-5g,5
u_1c2389c3,oppo-reno-5-5g,5
u_1f53bf17,oppo-reno-5-5g,5
u_572a27dc,xiaomi-redmi-note-10-pro-6gb,5
u_cd5da99b,xiaomi-redmi-note-10-pro-6gb,5
u_72d6d9d6,xiaomi-redmi-note-10-pro-6gb,5
u_cb54aec8,oppo-find-x2,5
u_5bef1ac0,oppo-find-x2,5
u_b218fc67,oppo-find-x2,5
u_66efb7e0,samsung-galaxy-a21s,3
u_858735b3,samsung-galaxy-a21s,5
u_166b3470,RED-NOT8-3G-32GB,4
u_6e18f544,RED-NOT8-3G-32GB,5
u_5695a922,realme-6,5
u_3c66d5b5,realme-6,5
u_185b7971,realme-6,5
u_75298c75,Nokia 2.1 Chính hãng,5
u_c8a5ffb3,iphone-xs-max-64-gb-chinh-hang-vn,5
u_641e1412,galaxy-s10plus-chinh-hang,5
u_566a091e,galaxy-s10plus-chinh-hang,5
u_8ea52eee,galaxy-s10plus-chinh-hang,5
u_f1a52a26,iphone-7-plus-32-gb-cty-vn,4
u_609e92ff,iphone-7-plus-32-gb-cty-vn,5
u_33a926ec,samsung-galaxy-a80,4
u_e7a23897,samsung-galaxy-a80,5
u_8ef274f1,iphone-xi-max,5
u_2528f03c,iphone-xi-max,5
u_10a96d94,iphone-xi-max,5
u_f088c678,iphone-xi-max,5
u_c67b6e3d,oppo-reno-3,4
u_9720d5c4,oppo-reno-3,5
u_75b7e00f,oppo-reno-3,5
u_4f1daa39,realme-c3,5
u_453ef18d,nokia-g50,5
u_f952320a,nokia-g50,3
u_27c92c87,nokia-g50,5
u_54603e84,nokia-g50,5
u_682ffdc4,nokia-g50,5
u_57e87c82,vsmart-joy-4-6gb,5
u_cce8ede3,xiaomi-13t,5
u_1434f4cd,xiaomi-13t,5
u_a2fbcdc3,xiaomi-13t,5
u_2303b0db,xiaomi-13t,5
u_242c7ee5,xiaomi-13t,5
u_06a079b6,tecno-camon-20-pro,5
u_1cce7c90,tecno-camon-20-pro,5
u_3447196a,tecno-camon-20-pro,5
u_2d670cf8,tecno-camon-20-pro,5
u_f1a14104,nokia-c21-plus-2gb-32gb,5
u_31793da7,nokia-c21-plus-2gb-32gb,5
u_5bd4778f,infinix-hot-30,5
u_3790df49,infinix-hot-30,5
u_aaa94d43,infinix-hot-30,5
u_4ec07ae9,infinix-hot-30,5
u_e04feb57,infinix-hot-30,5
u_2528f03c,dien-thoai-zte-nubia-z60s-pro,5
u_1d6f1030,dien-thoai-zte-nubia-z60s-pro,5
u_b2e466b8,dien-thoai-zte-nubia-z60s-pro,5
u_345b01fb,dien-thoai-zte-nubia-z60s-pro,5
u_a214b44b,dien-thoai-zte-nubia-z60s-pro,4
u_36111273,dien-thoai-xiaomi-redmi-note-13-pro-5g-8gb-256gb,5
u_6f629596,dien-thoai-xiaomi-redmi-note-13-pro-5g-8gb-256gb,5
u_5d51a5cb,dien-thoai-xiaomi-redmi-note-13-pro-5g-8gb-256gb,5
u_50b327b7,dien-thoai-xiaomi-redmi-note-13-pro-5g-8gb-256gb,5
u_d45abfa5,dien-thoai-xiaomi-redmi-note-13-pro-5g-8gb-256gb,5
u_89bd8a55,dien-thoai-redmi-note-13-pro-5g,4
u_295419f8,dien-thoai-redmi-note-13-pro-5g,4
u_db32699d,dien-thoai-redmi-note-13-pro-5g,5
u_336ba00f,dien-thoai-redmi-note-13-pro-5g,5
u_ea2829e1,dien-thoai-redmi-note-13-pro-5g,5
u_04234717,samsung-galaxy-a55,5
u_e67987ea,samsung-galaxy-a55,5
u_860bd5c8,samsung-galaxy-a55,4
u_a336f645,samsung-galaxy-a55,5
u_b3ac5305,samsung-galaxy-a55,5
u_ccefad35,samsung-galaxy-a15,5
u_67516c3c,samsung-galaxy-a15,5
u_af9166df,samsung-galaxy-a15,5
u_645d2d4d,samsung-galaxy-a15,5
u_8f8dac8c,samsung-galaxy-a15,4
u_e3162cca,tecno-spark-20,4
u_b1baf5e0,tecno-spark-20,5
u_95b809df,tecno-spark-20,5
u_df6c1ef0,tecno-spark-20,5
u_bbaa8001,dien-thoai-xiaomi-redmi-a3,5
u_cce85c7a,dien-thoai-zte-blade-a72,5
u_e11aedde,dien-thoai-zte-blade-a72,5
u_278d18ea,dien-thoai-zte-blade-a72,5
u_86f69a77,dien-thoai-zte-blade-a72,5
u_709fc719,dien-thoai-inoi-note-13s,5
u_eea8f974,dien-thoai-infinix-hot-40i-8gb-256gb,5
u_3799ad8a,dien-thoai-infinix-hot-40i-8gb-256gb,5
u_e0f02cd1,dien-thoai-infinix-hot-40i-8gb-256gb,5
u_d383e925,dien-thoai-infinix-hot-40i-8gb-256gb,4
u_9850711d,dien-thoai-infinix-hot-40i-8gb-256gb,5
u_696fbe90,zte-blade-a52-3gb-64gb,5
u_3c05791c,zte-blade-a52-3gb-64gb,4
u_f0ddde69,zte-blade-a52-3gb-64gb,5
u_c3aafb77,zte-blade-a52-3gb-64gb,4
u_384d861f,zte-blade-a52-3gb-64gb,5
u_6151499f,dien-thoai-masstel-izi-t2,5
u_62c5428a,dien-thoai-masstel-izi-t2,4
u_a75e6690,dien-thoai-zte-blade-v40,5
u_41ba7089,dien-thoai-zte-blade-v40,5
u_8eb0ed3a,dien-thoai-zte-blade-v40,5
u_9099fad9,dien-thoai-zte-blade-v40,5
u_c8e9633b,dien-thoai-zte-blade-v40,5
u_7f6bc54d,dien-thoai-zte-blade-a54,5
u_4874b267,iphone-16-pro-512gb,5
u_677d142f,dien-thoai-samsung-galaxy-s23-fe-256gb,5
u_f3124c3a,dien-thoai-samsung-galaxy-s23-fe-256gb,5
u_f2f5b336,dien-thoai-samsung-galaxy-s23-fe-256gb,5
u_9ec74111,dien-thoai-zte-blade-a55,5
u_016caa0b,dien-thoai-zte-blade-a55,5
u_99830b4c,dien-thoai-tecno-camon-30-12gb-256gb,5
u_7d252fdf,dien-thoai-tecno-camon-30-12gb-256gb,5
u_875b452c,dien-thoai-tecno-camon-30-12gb-256gb,5
u_06bd01e7,poco-x4-gt,4
u_c59e3854,poco-x4-gt,5
u_b9a84c6b,poco-x4-gt,5
u_255905c7,poco-x4-gt,5
u_f8c8cd6b,poco-x4-gt,5
u_94882fbc,nokia-8210-4g,5
u_c3c4d333,nokia-8210-4g,5
u_1b595245,nokia-8210-4g,5
u_93172af9,iphone-14-pro-max-512gb,5
u_5e543256,iphone-14-pro-max-512gb,5
u_da608cfb,iphone-14-pro-max-512gb,5
u_68852c74,iphone-14-pro-max-512gb,5
u_74c07c42,nokia-x10,5
u_aacc0d93,nokia-x10,5
u_22d3d7cb,nokia-x10,5
u_6c197bbf,nokia-x10,5
u_7a51430c,nokia-x10,5
u_4ad35edf,nokia-c21-plus,5
u_5e543256,XIA-POC-M5-4G-64GB-DN,5
u_74b31ef8,samsung-galaxy-m32,5
u_9e4e79dd,samsung-galaxy-m32,5
u_c95af720,samsung-galaxy-m32,5
u_568fb6d5,samsung-galaxy-m32,5
u_2669a650,samsung-galaxy-m32,5
u_2dd34092,samsung-galaxy-z-fold-4,5
u_1d021f78,samsung-galaxy-z-fold-4,5
u_ea21a594,samsung-galaxy-z-fold-4,5
u_860b23bd,samsung-galaxy-z-fold-4,5
u_8e2dc636,vivo-x80,4
u_771b9da8,vivo-x80,5
u_15fb1ba5,nokia-g21,5
u_a220a6e6,nokia-g21,5
u_963bb28b,nokia-g21,4
u_a372b9a1,xiaomi-poco-f4,5
u_0230bae0,xiaomi-poco-f4,5
u_15571b6f,xiaomi-poco-f4,5
u_5e543256,xiaomi-poco-f4,5
u_998f3045,samsung-galaxy-z-flip-4-256gb,5
u_e055b0ba,samsung-galaxy-z-flip-4-256gb,5
u_8f641341,samsung-galaxy-z-flip-4-256gb,4
u_d3b7216e,samsung-galaxy-z-flip-4-256gb,5
u_82e1a72f,samsung-galaxy-z-flip-4-256gb,5
u_fa20f4de,vivo-y02s,5
u_14899483,vivo-y02s,4
u_e8f3cc18,nokia-5710-xpressaudio,5
u_cfb1e8c5,nokia-c31,5
u_546cb004,nokia-c31,5
u_449d59ca,iphone-14-pro-256gb,4
u_09dd8e32,iphone-14-pro-256gb,4
u_06ac3a9c,iphone-14-pro-256gb,5
u_ca1a6f84,iphone-14-pro-256gb,5
u_0cf84db7,iphone-14-pro-256gb,5
u_714e5c55,xiaomi-poco-m5s,5
u_ded744b0,xiaomi-poco-m5s,5
u_4d4c4c16,xiaomi-poco-m5s,4
u_24638db7,oppo-a17,5
u_29dd9a09,nokia-34,4
u_c7bf6bbd,nokia-34,4
u_8052f6f0,oppo-reno-5,5
u_a0017265,oppo-reno-5,5
u_6fdf755d,oppo-reno-5,4
u_e6ca281b,oppo-reno-5,5
u_5ebf5419,oppo-reno-5,5
u_57afe548,iphone-12,5
u_dcfb6f5e,iphone-12,5
u_c5dc1bf6,iphone-12,5
u_b8817830,iphone-12,4
u_399e3fa5,iphone-12,4
u_0c330e21,vivo-v20-se,5
u_9d1df243,nokia-110-4g,5
u_9afd3ccd,samsung-galaxy-a03s,5
u_690c9da1,samsung-galaxy-a03s,5
u_da7587fc,xiaomi-redmi-10-64gb,5
u_a7546fa3,xiaomi-redmi-10-64gb,5
u_ff052476,xiaomi-redmi-10-64gb,4
u_6012be0d,xiaomi-redmi-10-64gb,5
u_a583e53b,iphone-13-mini,5
u_ce5a6eea,Vsmart-Joy-3-4GB,5
u_347661d8,Vsmart-Joy-3-4GB,5
u_22c78aad,Vsmart-Joy-3-4GB,5
u_32b3187a,Vsmart-Joy-3-4GB,5
u_492dacb7,vsmart-star-4,5
u_c1813527,vsmart-live-4,5
u_ce5a6eea,vsmart-live-4,5
u_da59e7b9,vsmart-live-4,5
u_07c6b57b,vsmart-star,5
u_e3b316c2,vsmart-star,5
u_a38ddb52,samsung-galaxy-a32,5
u_67bddc82,samsung-galaxy-a32,3
u_eb4a4a98,samsung-galaxy-a32,5
u_8d2ed51b,samsung-galaxy-a32,5
u_2b5a65fd,samsung-galaxy-a32,5
u_6ef997a1,oppo-a15s,5
u_cf3728b7,oppo-a15s,5
u_e680a75f,xiaomi-redmi-9-64gb,5
u_198bd56c,xiaomi-redmi-9-64gb,5
u_497ed4a4,xiaomi-redmi-9-64gb,5
u_5d1c473e,xiaomi-redmi-9-64gb,5
u_88596eda,xiaomi-redmi-9-64gb,5
u_fc53ca4e,realme-c25,5
u_77d068d4,samsung-galaxy-s21-plus-256gb,5
u_ff789f32,oppo-reno-6,5
u_7d854b73,oppo-reno-6,4
u_df2a7be7,realme-8-5g,5
u_7654511d,realme-8-5g,5
u_bd6d7e66,realme-c15,5
u_a85a47f2,realme-c15,5
u_26bae853,realme-c15,5
u_7654511d,realme-c15,5
u_5ebf5419,realme-c15,5
u_94d84afa,samsung-galaxy-a52,5
u_514e9369,samsung-galaxy-a52,5
u_8b6efa65,samsung-galaxy-a52,5
u_0125c3b5,samsung-galaxy-a52,5
u_efd5deb5,samsung-galaxy-a52,5
u_c992ec39,iphone-12-mini-256gb,5
u_d6c119c0,iphone-12-pro-256gb,5
u_53ec3ce3,nokia-54,5
u_f0215f39,nokia-54,5
u_05afc438,nokia-54,5
u_14740376,nokia-54,5
u_d4dd9bd3,nokia-54,5
u_9022bc0e,samsung-galaxy-s21-plus,5
u_b92f9369,samsung-galaxy-s21-plus,5
u_e1febdba,samsung-galaxy-s21-plus,5
u_31df30ff,samsung-galaxy-s21-plus,4
u_c3aafb77,samsung-galaxy-s21-plus,4
u_28390f8d,samsung-galaxy-z-fold-3,5
u_0269ab39,samsung-galaxy-z-fold-3,5
u_730ca787,samsung-galaxy-z-fold-3,5
u_54bff9d0,samsung-galaxy-z-fold-3,5
u_253d3c46,samsung-galaxy-z-fold-3,5
u_154fa120,SAM-M14-4G-128GB-XDD,5
u_d734514d,SAM-M14-4G-128GB-XDD,5
u_707467da,dien-thoai-nubia-red-magic-9-pro,5
u_cc8f5fec,dien-thoai-nubia-red-magic-9-pro,5
u_3ca8f355,dien-thoai-nubia-red-magic-9-pro,5
u_b1d1d7b5,dien-thoai-nubia-red-magic-9-pro,5
u_02e83cce,nubia-red-magic-7s,5
u_38716205,nubia-red-magic-7s,5
u_ce5a6eea,vsmart-joy-4-4gb,5
u_5e7b1da2,vsmart-joy-4-4gb,5
u_94d8b28d,vsmart-joy-4-4gb,5
u_7d64c48a,vsmart-joy-4-4gb,4
u_90a45f6b,vsmart-aris-8gb,5
u_77fb6d2f,vsmart-aris-8gb,5
u_de116b0c,vsmart-aris-8gb,5
u_b60eae0b,vsmart-aris-8gb,5
u_635c5264,vsmart-aris-8gb,5
u_ebcf3ed4,ASU-ROG2-512GB-DN,3
u_c3aafb77,oppo-reno-6z,4
u_b1dc9102,oppo-reno-6z,5
u_546cb004,oppo-reno-6z,5
u_ef41bcfa,oppo-reno-6z,5
u_4ad35edf,oppo-reno-6z,5
u_ec2cf7a4,realme-c21y,5
u_8c393d09,samsung-galaxy-z-flip-3-256gb,5
u_56f7dbfc,samsung-galaxy-z-flip-3-256gb,5
u_69e1db5a,samsung-galaxy-fold-2,5
u_ee9151e3,oppo-a15,4
u_ccfdbb8b,oppo-a73,5
u_9f4b51d4,oppo-a73,5
u_c54b77e0,nokia-6300-4g,5
u_e9e8f089,nokia-6300-4g,5
u_6850bb8b,nokia-6300-4g,5
u_06fa4949,nokia-6300-4g,5
u_5ebf5419,nokia-6300-4g,5
u_f5df6232,tecno-pova-5-8gb-256gb,4
u_32f368ac,tecno-pova-5-8gb-256gb,5
u_0931f909,tecno-pova-5-8gb-256gb,5
u_6e77f4a6,tecno-pova-5-8gb-256gb,5
u_bd730af7,vivo-y17s,4
u_d3e7f9d4,vivo-y17s,4
u_68ed2446,vivo-y17s,5
u_6fe4f053,vivo-y17s,5
u_f7ddd7d4,samsung-galaxy-z-fold-5,5
u_b899e09e,samsung-galaxy-z-fold-5,5
u_6a4f410f,samsung-galaxy-z-fold-5,5
u_9d5ed323,infinix-note-30,5
u_0aaf267a,infinix-note-30,5
u_3e4dc14d,infinix-note-30,4
u_680a47a5,infinix-note-30,5
u_9a2309bc,infinix-note-30,5
u_0f00af98,samsung-galaxy-z-flip-5-256gb,5
u_ba65d021,samsung-galaxy-z-flip-5-256gb,4
u_e19559d7,tcl-408,5
u_9850ec8f,tcl-408,5
u_2577cd28,iphone-15-plus-256gb,4
u_96c18ca6,iphone-15-plus-256gb,5
u_5e543256,tcl-40-se-256gb,5
u_0a1c40b2,iphone-11-128gb,5
u_96ab7d70,iphone-11-128gb,5
u_ab3318ae,iphone-11-128gb,5
u_4be80b01,iphone-11-128gb,5
u_75eff9f1,iphone-11-128gb,5
u_b86b5b54,iphone-11-256gb,5
u_1556a8a2,iphone-8-plus-128gb-chinh-hang-vn-a,5
u_60d0e2d9,iphone-8-plus-128gb-chinh-hang-vn-a,5
u_766b0630,iphone-8-plus-128gb-chinh-hang-vn-a,5
u_be190fcd,realme-5i,5
u_0c76e8e9,realme-5i,5
u_4ea5c376,realme-5i,5
u_a880f6ed,xiaomi-redmi-note-8-pro-128gb,3
u_e2a09e9e,samsung-galaxy-a51,5
u_dea012a1,samsung-galaxy-a51,5
u_1a781d3a,nokia-105-single-sim-2019,5
u_ffdf299a,samsung-galaxy-note-10-lite,5
u_2052a791,samsung-galaxy-note-10-lite,5
u_1c9684d6,samsung-galaxy-note-10-lite,5
u_df4b4279,samsung-galaxy-note-10-lite,5
u_14b3bfa4,samsung-galaxy-a71,5
u_c574df3d,samsung-galaxy-a71,5
u_0388813c,samsung-galaxy-a71,5
u_48cff31e,samsung-galaxy-a71,3
u_2425306b,samsung-galaxy-s20-plus,5
u_b549e415,samsung-galaxy-s20-plus,4
u_dcd4a464,samsung-galaxy-s20-plus,3
u_5ba162f7,samsung-galaxy-a11,5
u_74c07c42,samsung-galaxy-a11,5
u_d11e1b61,samsung-galaxy-a11,4
u_db49a7b0,samsung-galaxy-a11,5
u_7a1360a6,iphone-se-2020-256gb,5
u_ecb878c9,xiaomi-mi-note-10-lite,5
u_f9da0e04,xiaomi-mi-note-10-lite,3
u_34b809fe,xiaomi-mi-note-10-lite,5
u_59c27728,xiaomi-mi-note-10-lite,5
u_cde94c31,oppo-reno-4,5
u_80817aae,oppo-reno-4,5
u_16f92771,oppo-reno-4,5
u_fd21c0e8,xiaomi-redmi-9a,5
u_d477bc6a,xiaomi-redmi-9a,5
u_84f3fb9d,xiaomi-redmi-9a,5
u_89eab857,xiaomi-redmi-9a,5
u_c786f96b,xiaomi-redmi-9a,5
u_24253b65,samsung-galaxy-note-20-ultra,5
u_9c4fd6c9,samsung-galaxy-note-20-ultra,5
u_f27eb313,xiaomi-redmi-9c-64gb,5
u_56e19782,xiaomi-redmi-9c-64gb,5
u_aff4f35a,xiaomi-redmi-9c-64gb,5
u_2f65af15,xiaomi-redmi-9c-64gb,5
u_cc13b92d,SAM-S20+-TI,5
u_216daff7,SAM-S20+-TI,5
u_25753c33,SAM-S20+-TI,5
u_39d123e4,SAM-S20+-TI,5
u_61480124,SAM-S20+-TI,5
u_a0996a26,nokia-24,5
u_47d38dcf,nokia-24,5
u_fc9bd17e,nokia-24,5
u_6bbe4067,nokia-24,5
u_e21fb09c,dien-thoai-benco-s1-pro,5
u_353b634b,samsung-galaxy-s23-ultra-12gb-512gb,5
u_34c44af4,samsung-galaxy-s23-ultra-12gb-512gb,4
u_7b98f9d7,xiaomi-14,5
u_896aeb5b,xiaomi-14,5
u_ee13cd4e,xiaomi-14,5
u_3fbb02dc,xiaomi-14,5
u_46f03eb0,xiaomi-14,5
u_c211a717,asus-rog-phone-6-12gb-256gb,5
u_ebadd129,asus-rog-phone-6-12gb-256gb,5
u_b0f492af,asus-rog-phone-6-12gb-256gb,5
u_84b54804,asus-rog-phone-6-12gb-256gb,5
u_1fa25d97,asus-rog-phone-6-12gb-256gb,5
u_76262c8e,iphone-12-128gb,5
u_558edab9,iphone-12-128gb,5
u_157095d6,iphone-12-128gb,5
u_1203d4b7,iphone-12-128gb,5
u_21280333,iphone-12-128gb,4
u_f075b5e9,xiaomi-redmi-note-11-pro,5
u_5e6d19d5,xiaomi-redmi-note-11-pro,5
u_eebbaefa,xiaomi-redmi-note-11-pro,5
u_9a1f9f50,xiaomi-redmi-note-11-pro,4
u_6f82356a,xiaomi-redmi-note-11-pro,5
u_f97dd85a,samsung-galaxy-a52s,4
u_ab1d59b3,samsung-galaxy-a52s,5
u_b588585f,samsung-galaxy-a52s,5
u_35e8fbac,samsung-galaxy-a52s,5
u_5cad9d94,samsung-galaxy-a52s,5
u_3da1db3f,samsung-galaxy-s22-ultra-12gb-256gb,5
u_6f773699,samsung-galaxy-s22-ultra-12gb-256gb,5
u_c8caaa9d,samsung-galaxy-s22-ultra-12gb-256gb,5
u_6eef123c,samsung-galaxy-s22-ultra-12gb-256gb,4
u_07ca1a25,samsung-galaxy-s23-plus-512gb,5
u_fd4fd655,samsung-galaxy-s23-plus-512gb,5
u_5b75217e,samsung-galaxy-s21-fe-8gb-128gb,5
u_a249dac9,samsung-galaxy-s21-fe-8gb-128gb,5
u_25a4d9ea,samsung-galaxy-s21-fe-8gb-128gb,5
u_c35db556,samsung-galaxy-s21-fe-8gb-128gb,5
u_a7b18154,iphone-13-256gb,5
u_6c0bcf4b,iphone-13-256gb,5
u_42ef4482,iphone-13-256gb,5
u_9f37ea6e,iphone-13-256gb,4
u_b549e648,dien-thoai-nubia-v60-design-6gb-256gb,5
u_b9ca05ee,dien-thoai-nubia-v60-design-6gb-256gb,5
u_b63db3a7,dien-thoai-nubia-v60-design-6gb-256gb,5
u_fa8e80fe,dien-thoai-nubia-v60-design-6gb-256gb,5
u_599bfad2,iphone-15-pro-256gb,5
u_844bb614,iphone-15-pro-256gb,5
u_6d1989b4,iphone-15-pro-256gb,5
u_00a00cad,iphone-15-pro-256gb,5
u_bfa15489,iphone-15-pro-256gb,5
u_288cb5b3,iphone-14-pro,5
u_9ff9214b,iphone-14-pro,5
u_2de016f7,iphone-14-pro,5
u_d3760b48,iphone-14-pro,5
u_0631813d,tecno-pova-5,5
u_1891e3cc,tecno-pova-5,4
u_41b2d90a,tecno-pova-5,5
u_da6e2783,tecno-pova-5,5
u_a3251b8c,dien-thoai-samsung-galaxy-a06-5g,5
u_9dea07b8,dien-thoai-samsung-galaxy-a06-5g,5
u_143616ef,dien-thoai-samsung-galaxy-a06-5g,4
u_8416864d,dien-thoai-samsung-galaxy-a06-5g,5
u_6bb0f061,dien-thoai-samsung-galaxy-a06-5g,5
u_68ac99c8,oppo-reno10,5
u_bfbca476,oppo-reno10,5
u_e54ef0a3,oppo-reno10,4
u_a3bb6ba8,oppo-reno10,5
u_5a9be84b,iphone-16-256gb,5
u_496a9ba0,iphone-16-256gb,5
u_c924cb20,iphone-16-256gb,5
u_d6c1bf32,dien-thoai-nothing-phone-2a-12gb-256gb,5
u_b1e57901,dien-thoai-oppo-a3,5
u_14e2fbe4,dien-thoai-oppo-a3,5
u_6015cfa4,dien-thoai-oppo-a3,5
u_e364fda0,dien-thoai-samsung-galaxy-m55,4
u_f6356170,dien-thoai-samsung-galaxy-m55,5
u_f0caebeb,dien-thoai-samsung-galaxy-m55,5
u_c1a46936,dien-thoai-samsung-galaxy-m55,5
u_cf2dea43,samsung-galaxy-z-flip-6,5
u_d59f4e49,samsung-galaxy-z-flip-6,5
u_7a8a3cd2,samsung-galaxy-z-flip-6,5
u_13ffd023,samsung-galaxy-z-flip-6,5
u_d9927faf,oppo-a78,5
u_ee3f6261,oppo-a78,5
u_ab9fc530,oppo-a78,5
u_e120cd9e,oppo-a78,5
u_fed5255c,oppo-reno10-128gb,5
u_29360705,oppo-reno10-128gb,4
u_635473a5,tecno-pova-6-neo,5
u_a600a46e,tecno-pova-6-neo,5
u_fd12b805,tecno-pova-6-neo,5
u_98e1d7e7,tecno-pova-6-neo,5
u_2d690325,tecno-pova-6-neo,5
u_d9583de7,tecno-pova-6,5
u_649643c7,tecno-pova-6,5
u_db71d558,tecno-pova-6,5
u_9f73fbab,tecno-pova-6,5
u_6a4f410f,vivo-y16,5
u_ade4c021,vivo-y16,5
u_18c94863,oppo-a77s,5
u_fa20f4de,oppo-a77s,5
u_73e56316,dien-thoai-itel-rs4-12gb-256gb,5
u_cc7d08e7,dien-thoai-itel-rs4-12gb-256gb,5
u_c6a9a36d,dien-thoai-itel-rs4-12gb-256gb,5
u_9ff4e4f6,dien-thoai-itel-rs4-12gb-256gb,5
u_9240af68,dien-thoai-tecno-spark-30-pro-8gb-256gb,5
u_fec44638,dien-thoai-tecno-spark-30-pro-8gb-256gb,5
u_04f4c48f,dien-thoai-tecno-spark-30-pro-8gb-256gb,5
u_83249149,dien-thoai-tecno-spark-30-pro-8gb-256gb,5
u_8837ee6a,dien-thoai-tecno-spark-30-pro-8gb-256gb,5
u_2243200c,dien-thoai-masstel-izi-16-4g-den,5
u_c2ec8e07,dien-thoai-masstel-izi-16-4g-den,5
u_330696e3,dien-thoai-masstel-izi-16-4g-den,5
u_2d25faaa,dien-thoai-vivo-y18s,5
u_f0008021,samsung-galaxy-s24-ultra,5
u_9dea07b8,samsung-galaxy-s24-ultra,4
u_718b8d46,samsung-galaxy-s24-ultra,5
u_96ed4261,samsung-galaxy-s24-ultra,5
u_e7f0ecd6,samsung-galaxy-s24-ultra,5
u_33b2c244,dien-thoai-samsung-galaxy-s24-fe,5
u_531b302a,dien-thoai-samsung-galaxy-s24-fe,5
u_0f1e00a4,dien-thoai-samsung-galaxy-s24-fe,5
u_7a4acf06,dien-thoai-samsung-galaxy-s24-fe,5
u_74d3abfb,dien-thoai-xiaomi-redmi-note-14,5
u_0f0a751a,dien-thoai-xiaomi-redmi-note-14,5
u_b746d893,dien-thoai-xiaomi-redmi-note-14,5
u_2338a72f,dien-thoai-xiaomi-redmi-note-14,5
u_eb83d997,dien-thoai-xiaomi-redmi-note-14,5
u_1672b888,dien-thoai-oppo-find-x9,5
u_610360fb,dien-thoai-oppo-find-x9,5
u_6981f370,dien-thoai-oppo-find-x9,5
u_797b6bb9,dien-thoai-oppo-find-x9,5
u_e9269ee1,dien-thoai-oppo-find-x9,5
u_703b563e,dien-thoai-oppo-reno14,5
u_10ae961a,dien-thoai-oppo-reno14,5
u_b240b971,dien-thoai-oppo-reno14,5
u_3be9b485,dien-thoai-oppo-reno14,5
u_41ab108b,dien-thoai-oppo-reno14-f,5
u_61d7b906,dien-thoai-oppo-reno14-f,5
u_86e6e0d6,dien-thoai-oppo-reno14-f,5
u_fae2dd08,dien-thoai-oppo-reno14-f,5
u_a3d05e40,dien-thoai-oppo-reno14-f,5
u_9c311d8b,dien-thoai-masstel-alfa-5,4
u_21f37eb0,dien-thoai-sony-xperia-10-vii,5
u_7e4b119d,dien-thoai-samsung-galaxy-s25-ultra-512gb,5
u_3ece311d,dien-thoai-samsung-galaxy-s25-ultra-512gb,5
u_113aafc4,dien-thoai-samsung-galaxy-s25-ultra-512gb,5
u_a1df3913,dien-thoai-samsung-galaxy-s25-ultra-512gb,5
u_f959130b,dien-thoai-samsung-galaxy-s25-ultra-512gb,5
u_fafb934d,dien-thoai-samsung-galaxy-z-flip-7,5
u_48aa62f6,dien-thoai-samsung-galaxy-z-flip-7,5
u_7266e52d,dien-thoai-samsung-galaxy-z-flip-7,5
u_36aafe07,dien-thoai-samsung-galaxy-z-flip-7,5
u_d9fe277c,dien-thoai-samsung-galaxy-z-flip-7,5
u_2eba45d8,nokia-110-4g-pro,5
u_219aac8b,nokia-110-4g-pro,5
u_e362c05d,dien-thoai-nubia-v70-design-8gb-128gb,5
u_8ad20b63,dien-thoai-nubia-v70-design-8gb-128gb,5
u_18c94863,dien-thoai-honor-magic-v5,5
u_c9443b04,dien-thoai-xiaomi-15t-5g,5
u_797b6bb9,dien-thoai-xiaomi-15t-5g,5
u_a4f2ef7d,dien-thoai-xiaomi-15t-5g,5
u_6321fcd3,dien-thoai-xiaomi-15t-5g,5
u_bc039522,dien-thoai-xiaomi-15t-5g,5
u_b00953f6,iphone-13-pro-max,5
u_5c4b2e12,iphone-13-pro-max,5
u_a38b9485,iphone-13-pro-max,5
u_c126ab62,iphone-13-pro-max,5
u_d879636b,iphone-13-pro-max,5
u_218a7583,dien-thoai-meizu-mblu-21,5
u_c61757b5,dien-thoai-meizu-mblu-21,5
u_27189a0a,dien-thoai-meizu-mblu-21,5
u_864a2c19,dien-thoai-meizu-mblu-21,5
u_911c23f6,dien-thoai-meizu-mblu-21,5
u_faf37cd1,xiaomi-redmi-a1,5
u_586498ee,xiaomi-redmi-a1,5
u_fa1b99cc,xiaomi-redmi-a1,5
u_6b0ad49d,xiaomi-redmi-a1,5
u_44e9f5b0,xiaomi-redmi-a1,5
u_9423e91c,dien-thoai-samsung-galaxy-z-fold-7,5
u_9da0747b,dien-thoai-samsung-galaxy-z-fold-7,5
u_0bbd5ddd,dien-thoai-samsung-galaxy-z-fold-7,5
u_cd7b005c,dien-thoai-samsung-galaxy-z-fold-7,5
u_80fecc54,dien-thoai-samsung-galaxy-z-fold-7,5
u_341fdc7f,dien-thoai-honor-x9d,5
u_b129e74e,samsung-galaxy-s24-512gb,5
u_55d0884b,dien-thoai-infinix-hot-40-pro,5
u_57659df8,dien-thoai-infinix-hot-40-pro,5
u_29afe71e,dien-thoai-infinix-hot-40-pro,5
u_08cf8246,dien-thoai-infinix-hot-40-pro,5
u_5ffdec86,dien-thoai-infinix-hot-40-pro,5
u_d99f4fad,oppo-reno10-pro-plus,5
u_bd6fed95,oppo-reno10-pro-plus,5
u_e2f40317,oppo-reno10-pro-plus,5
u_b4d27003,oppo-reno10-pro-plus,5
u_8e0f104f,oppo-find-x5-pro,5
u_3093b64d,oppo-find-x5-pro,4
u_6c2e68a4,oppo-find-x5-pro,4
u_77bd1e13,oppo-find-x5-pro,5
u_166c54a0,iphone-xi,5
u_fa42e4d1,iphone-xi,5
u_37d0d80f,iphone-xi,5
u_2855cae4,dien-thoai-oppo-find-x8,5
u_c94aa450,dien-thoai-oppo-find-x8,5
u_4b4f0497,dien-thoai-oppo-find-x8,5
u_5d204b50,dien-thoai-oppo-find-x8,5
u_684c3a86,dien-thoai-xiaomi-17-ultra,5
u_73d7b687,dien-thoai-xiaomi-17-ultra,5
u_4273583e,dien-thoai-xiaomi-17-ultra,5
u_c5e8ca83,dien-thoai-xiaomi-redmi-note-15-pro,5
u_624eba40,iphone-16-pro-max-512gb,5
u_ffa09657,iphone-16-pro-max-512gb,5
u_26ac42db,iphone-16-pro-max-512gb,5
u_4b46e21d,iphone-16-pro-max-512gb,4
u_92a21201,iphone-16-pro-max-512gb,5
u_cf66e4e3,dien-thoai-zte-nubia-z60s-pro-16gb-512gb,5
u_781036cc,dien-thoai-zte-nubia-z60s-pro-16gb-512gb,5
u_786bb537,tecno-camon-30,5
u_d3d24801,tecno-camon-30,4
u_b166a396,tecno-camon-30,4
u_72035b20,tecno-camon-30,5
u_e6ca281b,masstel-izi-15,5
u_3c41762b,masstel-izi-15,5
u_963dd8c9,masstel-izi-15,5
u_b063fbc9,masstel-izi-15,5
u_b6492732,samsung-galaxy-z-fold-6,5
u_4105b354,samsung-galaxy-z-fold-6,5
u_dc827c39,nubia-neo-2,5
u_f5ba7fcd,nubia-neo-2,5
u_a2f1396e,nubia-neo-2,5
u_e6326599,nubia-neo-2,5
u_b94e43ca,nubia-neo-2,5
u_494de328,dien-thoai-itel-rs4-128gb,5
u_8001161f,dien-thoai-itel-rs4-128gb,5
u_9cd49ad9,dien-thoai-itel-rs4-128gb,5
u_26e10916,dien-thoai-itel-rs4-128gb,5
u_ca706ad0,dien-thoai-itel-rs4-128gb,5
u_71d7bf91,dien-thoai-samsung-galaxy-a07-256gb,5
u_17e3abea,dien-thoai-samsung-galaxy-s25-fe,5
u_2e00e4d7,dien-thoai-samsung-galaxy-s25-fe,5
u_ffd058a8,dien-thoai-samsung-galaxy-s25-fe,5
u_51c1b210,dien-thoai-samsung-galaxy-s25-fe,5
u_f1a52a26,dien-thoai-samsung-galaxy-s25-fe,5
u_2db6f981,dien-thoai-tecno-camon-40-pro,5
u_effadbff,dien-thoai-tecno-camon-40-pro,5
u_7e58ab7c,dien-thoai-tecno-camon-40-pro,4
u_44eb1fdc,dien-thoai-tecno-camon-40-pro,5
u_aebfb725,dien-thoai-tecno-camon-40-pro,5
u_604e37b8,dien-thoai-samsung-galaxy-s26-ultra-12gb-512gb,5
u_5be84712,dien-thoai-samsung-galaxy-s26-ultra-12gb-512gb,5
u_59b9e31d,dien-thoai-samsung-galaxy-s26-ultra-12gb-512gb,5
u_dfc311cf,dien-thoai-oppo-reno12f-5g,5
u_fa85166a,dien-thoai-oppo-reno12f-5g,4
u_2fdaab9f,dien-thoai-oppo-reno12f-5g,5
u_4ed65241,dien-thoai-xiaomi-redmi-note-15,5
u_257fbc04,dien-thoai-xiaomi-redmi-note-15,5
u_74f5669d,dien-thoai-xiaomi-redmi-note-15,5
u_1e62636b,dien-thoai-meizu-mblu-22,5
u_063961ae,nokia-hmd-105-4g,5
u_be203ee3,nokia-hmd-105-4g,5
u_dfee82b8,nokia-hmd-105-4g,5
u_826d2416,nokia-hmd-105-4g,5
u_fee9ba74,dien-thoai-nubia-neo-3-gt-12gb-256gb,5
u_2c82c30d,dien-thoai-nubia-neo-3-gt-12gb-256gb,5
u_22d82ef4,dien-thoai-nubia-neo-3-gt-12gb-256gb,5
u_e00e031d,dien-thoai-nubia-neo-3-gt-12gb-256gb,4
u_890d6968,iphone-17-pro-1tb,5
u_46c9a651,dien-thoai-nubia-neo-5-5g-8gb-256gb,5
u_f21b14cb,iphone-15-256gb,5
u_fac9e34e,iphone-15-256gb,5
u_9c0c00ae,iphone-15-256gb,5
u_1fc29711,iphone-16,5
u_ccba3929,iphone-16,4
u_95f48bab,iphone-16,5
u_8b3de55c,iphone-16,5
u_c5fb3754,iphone-16,5
u_165eb248,dien-thoai-oppo-a6t-4gb-128gb,5
u_6cf348d4,dien-thoai-nubia-neo-5-gt,5
u_c8cbb1f2,dien-thoai-nubia-neo-5-gt,5
u_997b0cf2,iphone-14,5
u_940f4572,iphone-14,5
u_55e9351e,iphone-14,4
u_fb57b57b,iphone-14,5
u_ebe0c0c0,iphone-14,5
u_008099dd,dien-thoai-samsung-galaxy-a56,5
u_6bf2d2f0,dien-thoai-samsung-galaxy-a56,5
u_bb8390b9,dien-thoai-samsung-galaxy-a56,4
u_f375dbdf,dien-thoai-samsung-galaxy-a56,5
u_74e58ed7,dien-thoai-samsung-galaxy-a56,5
u_38c68f98,dien-thoai-samsung-galaxy-a17,5
u_486a9dbf,dien-thoai-nubia-v80-max,5
u_15060a4b,dien-thoai-nubia-v80-max,5
u_42cdcfe0,dien-thoai-nubia-v80-max,5
u_ad2b3abe,dien-thoai-nubia-v80-max,5
u_ec2cf7a4,LAP-ASUS-D570DD-E4028T-D570DD-E4028T-DN,5
u_8dba6e8f,LAP-MSI-GF63-10SCSR-830VN-i7-10750H,5
u_e46f22b0,LAP-ASUS-D509DA-EJ285T-RYZEN R3-3200U-BA,5
u_1b03a4a6,LAP-LEN-15ARH05-82B500GUVN-R5-4600H-DN,5
u_4c9f7f8b,LAP-LEN-15ARH05-82B500GUVN-R5-4600H-DN,5
u_d96050d7,LAP-ASUS-FX505DT-AL003T-RYZEN 7-3750H-XA,5
u_db47b38e,LAP-ASUS-FX505DT-AL003T-RYZEN 7-3750H-XA,5
u_f6484106,LAP-ASUS-FX505DT-AL118T-AMD R5-3550H-XA,5
u_d84e92be,LAP-LEN-15IMH05 81Y400Y8VN-I5-10300H-DN,5
u_8adf408a,LAP-LEN-15IMH05 81Y400Y8VN-I5-10300H-DN,5
u_856ce5d7,LAP-ACER-AN515-55-5923-CORE I5-10300H-DN,5
u_505fea8a,laptop-msi-crosshair-16-hx-d2xwfkg-078vn,5
u_25c9b34a,laptop-msi-crosshair-16-hx-d2xwfkg-078vn,5
u_36c034e2,laptop-msi-crosshair-16-hx-d2xwfkg-078vn,5
u_1350a159,laptop-lenovo-loq-15arp10e-83s0006qvn,5
u_01756fb6,macbook-air-2020-m1-16gb,5
u_bf142320,macbook-air-2020-m1-16gb,5
u_94666049,laptop-lenovo-yoga-slim-7,5
u_498d3c6b,laptop-asus-vivobook-15-x515ma-celeron-n4020,5
u_ea3c9249,laptop-asus-gaming-rog-zephyrus-g14-ga401iu,5
u_07a9e501,laptop-acer-aspire-5-a514-i5-ram-8gb-ssd-512gb-den-ban-phim,5
u_7edf40a2,laptop-acer-aspire-5-a514-i5-ram-8gb-ssd-512gb-den-ban-phim,5
u_61321fc8,laptop-acer-aspire-5-a514-i5-ram-8gb-ssd-512gb-den-ban-phim,5
u_5d88c0f5,laptop-acer-aspire-5-a514-i5-ram-8gb-ssd-512gb-den-ban-phim,5
u_cbde1e74,LAP-ASUS- FA506II-AL016T-AMD R7-4800H-XA,5
u_16c55648,LAP-ASUS- FA506II-AL016T-AMD R7-4800H-XA,5
u_e08fd845,LAP-ASUS-GA502IU-AL007- R7-4800HS-DN,4
u_c37d49b3,laptop-asus-tuf-gaming-a15-fa506ncr-hn047w,5
u_0c879c5b,laptop-asus-tuf-gaming-a15-fa506ncr-hn047w,5
u_ea0675af,laptop-asus-tuf-gaming-a15-fa506ncr-hn047w,5
u_fa6be166,laptop-asus-tuf-gaming-a15-fa506ncr-hn047w,5
u_9b25fcf5,laptop-asus-tuf-gaming-a15-fa506ncr-hn047w,5
u_c081fbe9,laptop-lenovo-ideapad-gaming-3-15ach6-82k201bbvn,5
u_7cc50602,laptop-lenovo-ideapad-gaming-3-15ach6-82k201bbvn,4
u_dda05c7b,laptop-lenovo-ideapad-gaming-3-15ach6-82k201bbvn,5
u_3b2245b0,laptop-gigabyte-g5-ge-51vn263sh,5
u_0ff6ee26,laptop-asus-vivobook-15-oled-a1505va-l1114w,5
u_2fedb17e,laptop-asus-vivobook-15-oled-a1505va-l1114w,4
u_6645c865,laptop-asus-vivobook-15-oled-a1505va-l1114w,5
u_041cda4f,laptop-asus-vivobook-15-oled-a1505va-l1114w,5
u_dcebbcad,laptop-msi-modern-14-c13m-607vn,5
u_25c9b34a,laptop-msi-modern-14-c13m-607vn,5
u_d675941d,laptop-msi-modern-14-c13m-607vn,5
u_44c31efb,laptop-msi-modern-14-c13m-607vn,5
u_92f37a1a,laptop-surface-pro-9-i7-16gb-256gb,4
u_ef37972f,laptop-asus-vivobook-go-14-e1404fa-nk177w,5
u_32d1a52a,laptop-asus-vivobook-go-14-e1404fa-nk177w,5
u_39625ba6,laptop-asus-vivobook-go-14-e1404fa-nk177w,4
u_0b17fa79,laptop-asus-vivobook-go-14-e1404fa-nk177w,4
u_5321d3ed,laptop-asus-vivobook-go-14-e1404fa-nk177w,5
u_dcebbcad,laptop-msi-modern-15-b7m-238vn,5
u_8301ad6c,laptop-msi-modern-15-b7m-238vn,5
u_c3c89b38,laptop-msi-modern-15-b7m-238vn,5
u_0169be06,laptop-msi-modern-15-b7m-238vn,5
u_44c31efb,laptop-msi-modern-15-b7m-238vn,5
u_00dd4cfc,laptop-hp-14s-dq2644tu,5
u_dd65ef9a,laptop-hp-14s-dq2644tu,5
u_b5d5ae9b,laptop-asus-vivobook-16-m1605ya-mb303w,5
u_6c0a7d32,laptop-asus-vivobook-16-m1605ya-mb303w,5
u_1c9e0048,laptop-asus-vivobook-16-m1605ya-mb303w,5
u_9ea40fec,laptop-asus-vivobook-16-m1605ya-mb303w,5
u_b94a2bfb,laptop-asus-vivobook-14-x1404za-nk386w,5
u_11f7a502,laptop-asus-vivobook-14-x1404za-nk386w,5
u_c273ef53,laptop-asus-vivobook-14-x1404za-nk386w,5
u_88596eda,laptop-lenovo-ideapad-3-15alc6-82ku00a9us,5
u_07b15422,laptop-asus-vivobook-r565ea-uh31t,4
u_e6ca281b,laptop-asus-vivobook-r565ea-uh31t,4
u_36ad4c01,laptop-asus-vivobook-r565ea-uh31t,5
u_954edd1c,laptop-dell-insprion-15-5510-0wt8r2,5
u_f308f9d1,laptop-msi-gaming-bravo-15-b5dd-275vn,5
u_d018a24b,laptop-msi-gaming-bravo-15-b5dd-275vn,5
u_72cb1423,laptop-msi-gaming-bravo-15-b5dd-275vn,5
u_0f526403,laptop-gaming-acer-nitro-5-an515-45-r86d,5
u_1a0e0ae0,laptop-msi-modern-15-a5m-239vn,5
u_eda3fd61,laptop-msi-modern-14-b5m-204vn,5
u_1a2d0fd0,laptop-asus-expertbook-b1400ceae-eb3182w,5
u_9e09356c,laptop-asus-gaming-rog-zephyrus-g14-ga401qh-k2091w,5
u_c992ec39,laptop-asus-vivobook-flip-14-tp470ea-ec347w,5
u_3f88662e,laptop-msi-modern-14-b11mou-1033vn,5
u_c6e6b29d,laptop-asus-vivobook-pro-m3500qc-l1388w,5
u_2e58106f,macbook-pro-m2-2022,5
u_ae985cae,macbook-pro-m2-2022,5
u_d17e15ee,laptop-msi-katana-gf66-11ud-696vn,5
u_8485c074,laptop-msi-katana-gf66-11ud-696vn,5
u_93172af9,laptop-msi-modern-14-b11mou-1032vn,3
u_d84d52b3,laptop-msi-modern-14-b11mou-1032vn,5
u_95aaa7b8,laptop-msi-gaming-gf63-thin-11sc-666vn,5
u_73a14bb4,laptop-msi-gaming-gf63-thin-11sc-666vn,5
u_97569fda,laptop-msi-gaming-gf63-thin-11sc-666vn,5
u_7d4db60a,laptop-asus-vivobook-pro-m3401qa-km025w,5
u_824a7c12,laptop-asus-vivobook-pro-m3401qa-km025w,5
u_b8817830,macbook-pro-m2-2022-16gb-256gb,5
u_7a52bf59,macbook-pro-m2-2022-16gb-256gb,5
u_01823768,laptop-acer-aspire-3-a315-58-53s6,5
u_5357c735,laptop-acer-aspire-3-a315-58-53s6,5
u_5e77d51d,laptop-acer-aspire-3-a315-58-53s6,5
u_0ff6e59c,laptop-acer-aspire-3-a315-58-53s6,5
u_a5449c57,laptop-hp-pavilion-15-eg2038tx-6k784pa,5
u_658b3aaf,laptop-asus-tuf-gaming-a15-fa506ihrb-hn019w,3
u_7ccd965e,laptop-msi-gaming-katana-gf66-11ue-824vn,4
u_ba169b75,laptop-msi-gaming-katana-gf66-12uck-804vn,5
u_41f70148,laptop-msi-gaming-katana-gf66-12uck-804vn,5
u_4711207d,laptop-msi-gaming-katana-gf66-12uck-804vn,5
u_c992ec39,laptop-msi-modern-14-b11mou-1028vn,5
u_4bec8147,laptop-msi-modern-14-b11mou-1028vn,5
u_9afeb8ca,laptop-gigabyte-g5-ge-51vn213sh,5
u_6b8aa739,laptop-gigabyte-g5-ge-51vn213sh,5
u_0a2ebcaa,laptop-asus-vivobook-15-oled-a1505va-ma468w,5
u_4aa7d334,laptop-asus-vivobook-15-oled-a1505va-ma468w,5
u_7199e0a2,laptop-asus-vivobook-15-oled-a1505va-ma468w,5
u_58154151,laptop-asus-vivobook-15-oled-a1505va-ma468w,5
u_0ff6ee26,laptop-asus-vivobook-15-oled-a1505va-ma468w,5
u_a4347d28,laptop-asus-vivobook-15-oled-a1505va-ma492w,5
u_b614966c,laptop-gaming-acer-nitro-v-anv15-41-r7ap,5
u_a5ab78e6,laptop-gaming-acer-nitro-v-anv15-41-r7ap,5
u_77a77e2c,laptop-lg-gram-2024-17z90s-g-ah78a5,5
u_cf9f933c,laptop-asus-tuf-gaming-a16-advantage-edition-fa617nsr-rl100w,5
u_099c96ad,laptop-acer-swift-lite-14-ai-sfl14-51m-56hs,5
u_38032c5d,laptop-acer-swift-lite-14-ai-sfl14-51m-56hs,5
u_e2e0b763,laptop-acer-swift-lite-14-ai-sfl14-51m-56hs,5
u_ed1a81aa,laptop-acer-swift-lite-14-ai-sfl14-51m-56hs,5
u_bb964f7e,laptop-acer-swift-lite-14-ai-sfl14-51m-56hs,5
u_5d811333,laptop-asus-vivobook-15-x1504za-nj1039w,5
u_4bb97276,laptop-asus-vivobook-15-x1504za-nj1039w,5
u_a04fc570,laptop-asus-vivobook-15-x1504za-nj1039w,5
u_acfbbb27,laptop-asus-vivobook-15-x1504za-nj1039w,5
u_2b437219,laptop-acer-aspire-3-spin-14-a3sp14-31pt-387z,5
u_4b1a09cd,laptop-acer-aspire-3-spin-14-a3sp14-31pt-387z,5
u_f059f7a9,laptop-msi-prestige-14-ai-studio-c1udxg-058vn,5
u_a05bcc60,laptop-asus-vivobook-14-x1404va-nk394w,5
u_6ffeaee4,laptop-asus-rog-strix-g16-g614jv-n4369w,5
u_a344fd1d,laptop-asus-rog-strix-g16-g614jv-n4369w,5
u_4fbde636,laptop-asus-rog-strix-g16-g614jv-n4369w,5
u_ff138083,laptop-asus-flip-br1100fka-bp1135w,4
u_dbb672e4,laptop-asus-flip-br1100fka-bp1135w,4
u_0098f9f6,laptop-lenovo-yoga-slim-7-14acn6-82n7008vvn,5
u_52171124,laptop-asus-gaming-rog-zephyrus-g14-ga401qc-k2199w,5
u_1a1c80bb,laptop-dell-vostro-3400-70234073,5
u_9ac2007d,laptop-gaming-acer-nitro-5-eagle-an515-57-54mv,5
u_758d5e96,laptop-gaming-acer-nitro-5-eagle-an515-57-54mv,4
u_fb587596,laptop-gaming-acer-nitro-5-eagle-an515-57-54mv,5
u_c35db556,laptop-gaming-acer-nitro-5-eagle-an515-57-54mv,5
u_04a58994,laptop-gaming-acer-nitro-5-eagle-an515-57-54mv,5
u_9b81195c,laptop-gaming-acer-nitro-5-eagle-an515-57-720a,5
u_a428e4e7,laptop-gaming-acer-nitro-5-eagle-an515-57-720a,5
u_965ecb89,laptop-lenovo-ideapad-3-15itl6-82h800m4vn,5
u_4b812d08,laptop-asus-vivobook-a515ea-l12033t,4
u_1b7e0994,laptop-msi-modern-15-a10mu-667vn,4
u_bb18667f,laptop-asus-gaming-tuf-fx506hcb-hn144w,5
u_73a14bb4,laptop-msi-crosshair-16-hx-d2xwfkg-036vn,5
u_0171387c,laptop-msi-crosshair-16-hx-d2xwfkg-036vn,5
u_d675941d,laptop-msi-crosshair-16-hx-d2xwfkg-036vn,5
u_25c9b34a,laptop-msi-katana-15-hx-b14wfk-294vn,5
u_44c31efb,laptop-msi-katana-15-hx-b14wfk-294vn,5
u_d675941d,laptop-msi-katana-15-hx-b14wfk-294vn,5
u_763ea932,laptop-asus-vivobook-s14-s3407qa-sf043ws,5
u_22e1ab4f,laptop-asus-vivobook-s14-m3407ka-sf032ws-ryzen-ai-7,5
u_49c3e2a0,laptop-asus-zenbook-14-ux425ea-ki429t,5
u_fa9f4db8,laptop-asus-zenbook-14-ux425ea-ki429t,4
u_73db52d4,laptop-asus-zenbook-14-ux425ea-ki429t,5
u_47a80764,laptop-asus-zenbook-14-ux425ea-ki429t,4
u_9610036f,laptop-dell-inspiron-3501-5081blk,5
u_83269271,laptop-dell-inspiron-3501-5081blk,5
u_32642a76,laptop-dell-inspiron-3501-5081blk,5
u_ec5dbe27,laptop-dell-inspiron-3501-5081blk,5
u_a18d03bd,laptop-hp-gaming-victus-15-fb1023ax-94f20pa,5
u_0df5037b,laptop-asus-vivobook-14-x1404za-nk075w,5
u_5135bdb4,laptop-asus-zenbook-14-oled-ux3405ma-pp152w,5
u_46f16a36,laptop-asus-zenbook-14-oled-ux3405ma-pp152w,4
u_83eb1cf9,laptop-asus-zenbook-14-oled-ux3405ma-pp152w,5
u_964f3816,laptop-asus-zenbook-14-oled-ux3405ma-pp152w,5
u_bae465d5,laptop-asus-zenbook-14-oled-ux3405ma-pp152w,5
u_e6738b95,laptop-asus-tuf-gaming-a15-fa507nv-lp110w,5
u_fbb099ac,laptop-asus-tuf-gaming-a15-fa507nv-lp110w,5
u_4fed2263,laptop-asus-tuf-gaming-a15-fa507nv-lp110w,4
u_8bcf6a35,laptop-asus-tuf-gaming-a15-fa507nv-lp110w,5
u_0d7d5e6f,laptop-asus-tuf-gaming-a15-fa507nv-lp110w,5
u_6cd2c5ab,laptop-asus-tuf-gaming-a15-fa506nc-hn011w,5
u_6574031c,laptop-asus-tuf-gaming-a15-fa506nc-hn011w,5
u_12001f12,laptop-asus-tuf-gaming-a15-fa506nc-hn011w,5
u_597193ee,laptop-asus-tuf-gaming-a15-fa506nc-hn011w,5
u_84f79a8d,laptop-asus-tuf-gaming-a15-fa506nc-hn011w,5
u_a766dd3e,laptop-msi-gaming-thin-a15-b7ucx-020vn,5
u_c3c89b38,laptop-msi-titan-18-hx-ai-a2xwjg-035vn,5
u_75121b3b,laptop-msi-titan-18-hx-ai-a2xwjg-035vn,5
u_204cb2a7,laptop-msi-titan-18-hx-ai-a2xwjg-035vn,5
u_eacd478a,laptop-msi-titan-18-hx-ai-a2xwjg-035vn,5
u_8813c28b,laptop-msi-titan-18-hx-ai-a2xwjg-035vn,5
u_a8f4a705,laptop-asus-vivobook-16x-k3605vc-rp431w,5
u_53b0cc51,laptop-asus-vivobook-16x-k3605vc-rp431w,5
u_e0c9ca72,laptop-asus-vivobook-16x-k3605vc-rp431w,5
u_c1c65e9d,laptop-asus-vivobook-16x-k3605vc-rp431w,5
u_e6eaeb0d,macbook-pro-16-m4-max-16-cpu-40-gpu-128gb-8tb-2024-sac-140w,5
u_d3eb12a6,laptop-asus-vivobook-s-14-flip-tp3402va-lz118w,5
u_519d71d7,laptop-asus-vivobook-x515ea-ej3633w,5
u_2393b468,laptop-asus-vivobook-x515ea-ej3633w,4
u_5e543256,mac-mini-m2-16gb-512gb-2023,4
u_60398dff,laptop-gaming-acer-nitro-v-anv15-51-75gs,5
u_2ef5cf3d,laptop-lenovo-loq-15iax9-83gs001svn,4
u_eac1eec1,laptop-lenovo-loq-15iax9-83gs001svn,5
u_2398ac15,laptop-lenovo-loq-15iax9-83gs001svn,5
u_32762464,laptop-lenovo-loq-15iax9-83gs001svn,5
u_2e3e337b,laptop-lenovo-ideapad-slim-3-15abr8-82xm00ehvn,5
u_aab3e5f6,laptop-lenovo-ideapad-slim-3-15abr8-82xm00ehvn,5
u_ebd29ad5,laptop-asus-gaming-vivobook-k3605zf-rp634w,5
u_858500d4,laptop-asus-gaming-vivobook-k3605zf-rp634w,5
u_1eac0275,laptop-asus-gaming-vivobook-k3605zf-rp634w,5
u_f2842bb1,laptop-asus-gaming-vivobook-k3605zf-rp634w,5
u_37fbfbbf,mac-mini-m4-2024-16gb-256gb,5
u_3e3af4b4,mac-mini-m4-2024-16gb-256gb,5
u_1c23ce2e,mac-mini-m4-2024-16gb-256gb,5
u_55ada23a,mac-mini-m4-2024-16gb-256gb,5
u_09165532,mac-mini-m4-2024-16gb-256gb,5
u_de289bd8,laptop-asus-tuf-gaming-a17-fa706nfr-hx025w,5
u_33af5339,LAP-HP-PAV15-EC1054AX-1N1H6PA-RYZEN5-4600H,5
u_6a8907bc,laptop-asus-rog-zephyrus-g14-ga401qc-hz100t,5
u_d3facf36,laptop-asus-rog-zephyrus-g14-ga401qc-hz133t,4
u_44eb1fdc,laptop-lenovo-ideapad-3-81wh-pent,5
u_cbbef434,laptop-dell-inspiron-14-5406-tycjn1,4
u_affa3cc5,laptop-lenovo-ideapad-3-81x80055us,5
u_350c58af,laptop-lenovo-ideapad-3-81x80055us,5
u_c352e107,laptop-lenovo-ideapad-3-81x80055us,5
u_5dfb0644,laptop-lenovo-ideapad-3-81x80055us,5
u_62cdbee1,laptop-asus-vivobook-14-a415ea-i3-ram-4gb-ssd-256gb,5
u_e5d471ab,laptop-asus-vivobook-15-a515ea-i3-ram-4gb,5
u_5a2137fc,laptop-asus-vivobook-15-a515ea-i3-ram-4gb,5
u_585f0f6d,laptop-asus-vivobook-15-a515ea-i3-ram-4gb,5
u_24a5bf04,macbook-air-2020-m1-512gb,5
u_6e18f544,macbook-air-2020-m1-512gb,5
u_1cdf6abf,laptop-asus-gaming-rog-zephyrus-g14-ga401ii,5
u_dc3c1447,laptop-dell-vostro-3405-ryzen-5,4
u_258f1dff,laptop-dell-vostro-3405-ryzen-5,5
u_da5ed030,laptop-dell-vostro-3405-ryzen-5,5
u_85d93872,macbook-pro-2020-13-inch-touch-bar-m1-16gb,5
u_fafb934d,macbook-pro-2020-13-inch-touch-bar-m1-16gb,5
u_0fb5451f,macbook-pro-2020-13-inch-touch-bar-m1-16gb,5
u_4d8d3f5a,laptop-lenovo-yoga-6-13are05,5
u_eed877d0,laptop-lenovo-yoga-6-13are05,5
u_9541b8b6,laptop-msi-gaming-gl75-leopard-10scsk-056vn,5
u_71305cf9,laptop-msi-gaming-gl75-leopard-10scsk-056vn,4
u_11b1768f,laptop-asus-tuf-gaming-f15-fx506lh,5
u_55d0884b,laptop-asus-tuf-gaming-f15-fx506lh,5
u_c841f882,laptop-asus-tuf-gaming-f15-fx506lh,5
u_212b992b,laptop-asus-tuf-gaming-f15-fx506lh,5
u_0931f909,laptop-asus-tuf-gaming-f15-fx506lh,5
u_fe8542c1,laptop-asus-vivobook-x415ea-i5-ssd-512gb,5
u_67356cba,laptop-lenovo-thinkbook-13s-gen-2,4
u_0c196adf,laptop-gaming-acer-nitro-5-an515-i5-11300h-vga-gtx1650,5
u_a482067e,laptop-gaming-acer-nitro-5-an515-i5-11300h-vga-gtx1650,5
u_c3dcd179,laptop-gaming-acer-nitro-5-an515-i5-11300h-vga-gtx1650,5
u_00547b54,imac-2021-8gpu-512gb,5
u_62ce038f,imac-2021-8gpu-16gb,5
u_8787142b,imac-2021-8gpu-16gb,5
u_dd46e66e,laptop-acer-aspire-3-a315-57g-524z,4
u_6d2753c2,laptop-msi-gaming-gf65-thin-10ue-286vn,4
u_2cc0d60c,laptop-msi-gaming-gf65-thin-10ue-286vn,5
u_9fd0508c,laptop-msi-gaming-gf65-thin-10ue-286vn,5
u_bf101bb7,laptop-msi-katana-gf76-11uc-096vn,5
u_e2f40317,laptop-msi-modern-14-b11mou-851vn,4
u_2b00f598,laptop-msi-modern-14-b11mou-851vn,5
u_890fc00e,laptop-asus-gaming-rog-zephyrus-g15-ga503qc-hn074t,4
u_2cae8ebf,laptop-hp-envy-x360-13-bd0063dx,5
u_75c69727,laptop-gaming-acer-nitro-5-tiger-an515-58-52sp,5
u_be26fe8c,laptop-gaming-acer-nitro-5-tiger-an515-58-52sp,5
u_711e44dd,laptop-gaming-acer-nitro-5-tiger-an515-58-52sp,5
u_dab6848f,laptop-gaming-acer-nitro-5-tiger-an515-58-52sp,5
u_677c9157,laptop-gaming-acer-nitro-5-tiger-an515-58-52sp,5
u_c2921258,laptop-asus-rog-strix-g15-g513im-hn008w,5
u_15efe74a,laptop-asus-rog-strix-g15-g513im-hn008w,5
u_05b3bfa7,laptop-asus-rog-strix-g15-g513im-hn008w,5
u_307fc2cf,laptop-gigabyte-g5-gd-51s1123so,5
u_cad5e14c,laptop-lenovo-ideapad-5-15alc05-82ln00cevn,5
u_0e79dd85,laptop-xiaomi-redmibook-15-jyu4506ap,5
u_0d4ca1bf,laptop-lenovo-thinkbook-13s-g3-acn-20ya0038vn,5
u_025de4a3,macbook-pro-m2-2022-16gb-512gb,5
u_7a52bf59,macbook-pro-m2-2022-16gb-512gb,5
u_d42959bd,laptop-asus-zenbook-14-ux3402za-km219w,5
u_dd2153f3,laptop-asus-zenbook-14-ux3402za-km219w,5
u_2c64e92c,macbook-pro-14-inch-m4-pro-24gb-512gb,5
u_453082fb,macbook-pro-14-inch-m4-pro-24gb-512gb,4
u_9233b737,macbook-pro-14-inch-m4-pro-24gb-512gb,5
u_c2ebdf97,macbook-pro-14-inch-m4-pro-24gb-512gb,5
u_34af39aa,laptop-acer-swift-14-ai-sf14-51-53p9,5
u_b90f03f1,laptop-acer-swift-14-ai-sf14-51-53p9,5
u_b66388eb,laptop-acer-swift-14-ai-sf14-51-53p9,5
u_9a446374,laptop-msi-gaming-thin-15-b12ucx-1419vn-16gb,5
u_ff89e83a,laptop-dell-inspiron-15-3520-n3520-i5u165w11slu,5
u_747b7315,laptop-asus-rog-strix-g16-g614ju-n3480w,5
u_48d0e9a4,laptop-lenovo-ideapad-slim-3-16irh10-83k20002vn,5
u_8f9e2d8f,laptop-asus-vivobook-15x-a1503za-l1421w,5
u_d8944443,laptop-lenovo-ideapad-gaming-3-15iah7-82s900v3vn,5
u_89e0cf03,laptop-lenovo-yoga-duet-7-13itl6-82ma009nvn,5
u_cec7ec89,laptop-lenovo-thinkbook-14-g3-acl-21a200cpvn,5
u_f2001f16,laptop-asus-vivobook-pro-14x-oled-n7401ze-m9028w,5
u_ae8851af,laptop-asus-tuf-gaming-a16-advantage-edition-fa617ns-n3486w,5
u_4bff0c27,laptop-asus-tuf-gaming-a16-advantage-edition-fa617ns-n3486w,5
u_41be969d,laptop-asus-tuf-gaming-a16-advantage-edition-fa617ns-n3486w,5
u_6305970a,laptop-msi-modern-15-b7m-098vn,5
u_4785e2bc,laptop-msi-modern-15-b7m-099vn,5
u_dcebbcad,laptop-msi-modern-14-c13m-608vn,5
u_d675941d,laptop-msi-modern-14-c13m-608vn,5
u_44c31efb,laptop-msi-modern-14-c13m-608vn,5
u_14799960,laptop-asus-vivobook-15-x1504va-nj070w,5
u_517380ac,laptop-asus-vivobook-15-x1504va-nj070w,5
u_ae01c689,laptop-asus-vivobook-15-x1504va-nj070w,5
u_ace5ae37,laptop-msi-katana-15-b13vek-252vn,5
u_f39d2c64,laptop-asus-vivobook-s-14-flip-tp3402va-lz025w,5
u_7a7b5a44,laptop-asus-vivobook-s-14-flip-tp3402va-lz025w,5
u_9e4a53fd,laptop-asus-vivobook-s-14-flip-tp3402va-lz025w,5
u_a64971b1,laptop-asus-tuf-gaming-f15-fx507zc4-hn074w,5
u_cc75418c,laptop-asus-tuf-gaming-f15-fx507zc4-hn074w,5
u_fa98de6b,laptop-asus-tuf-gaming-f15-fx507zc4-hn074w,5
u_81cbcd35,laptop-asus-tuf-gaming-f15-fx507zc4-hn074w,4
u_bf2d8ddd,laptop-asus-tuf-gaming-f15-fx507zc4-hn074w,5
u_938b2773,laptop-msi-modern-15-b12mo-487vn,5
u_82ba208e,laptop-msi-modern-15-b12mo-487vn,5
u_bfd603c8,laptop-msi-gaming-bravo-15-b7ed-010vn,5
u_4b599aa9,laptop-msi-gaming-bravo-15-b7ed-010vn,5
u_52146d5f,laptop-msi-gaming-bravo-15-b7ed-010vn,5
u_e75084b2,laptop-msi-gaming-bravo-15-b7ed-010vn,5
u_52e69746,laptop-msi-gaming-bravo-15-b7ed-010vn,5
u_ecd1da8b,laptop-asus-vivobook-15-x1504za-nj582w,5
u_d903f8b8,laptop-asus-vivobook-15-x1504za-nj582w,5
u_39d1e842,laptop-msi-gaming-bravo-15-b5dd-264vn,4
u_24a5bf04,laptop-hp-240-g8-1h7f8av,4
u_311dc434,laptop-asus-vivobook-x415ea-ek675w,4
u_4b1c83ad,laptop-asus-vivobook-x415ea-ek675w,4
u_a76cca1a,laptop-asus-vivobook-x415ea-ek675w,5
u_d02e05f9,laptop-dell-inspiron-15-3000-i3511-7125blk,5
u_7923ff5c,laptop-dell-vostro-3510-p112f002bbl,5
u_06f8595e,laptop-msi-gaming-bravo-15-b5dd-276vn,5
u_546cc7a8,laptop-msi-gaming-bravo-15-b5dd-276vn,5
u_52019ad7,laptop-msi-gaming-bravo-15-b5dd-276vn,5
u_8fef14c4,laptop-msi-gaming-bravo-15-b5dd-276vn,5
u_22caaf0a,laptop-msi-gaming-bravo-15-b5dd-276vn,5
u_0169be06,laptop-msi-katana-15-b13vek-2256vn,5
u_44c31efb,laptop-msi-katana-15-b13vek-2256vn,5
u_d675941d,laptop-msi-katana-15-b13vek-2256vn,5
u_732ff8a5,laptop-msi-katana-15-b13vek-2256vn,5
u_3fb1aa4b,laptop-msi-katana-15-b13vek-2256vn,5
u_2537294f,laptop-lenovo-thinkbook-14-g6-irl-21kg00bqvn,5
u_5c54fffc,LAP-HP-PAV14-ce2034TU-6YZ17PA-CORE I3-8145U-BA,4
u_e9269ee1,LAP-HP-PAV14-ce2034TU-6YZ17PA-CORE I3-8145U-BA,4
u_fafb934d,LAP-HP-PAV14-ce2034TU-6YZ17PA-CORE I3-8145U-BA,5
u_5bbf0e58,LAP-LEN-14ARE05-81W30059VN-RYZEN 5-4500U-DN,5
u_ec2cf7a4,LAP-LEN-14ARE05-81W30059VN-RYZEN 5-4500U-DN,4
u_35ded047,LAP-LEN-14ARE05-81W30059VN-RYZEN 5-4500U-DN,4
u_6e89a30a,laptop-acer-aspire-lite-14-al14-71m-52gq,5
u_34af39aa,laptop-acer-aspire-lite-14-al14-71m-52gq,5
u_1fc29711,laptop-acer-aspire-lite-14-al14-71m-52gq,5
u_38032c5d,laptop-acer-aspire-lite-14-al14-71m-52gq,5
u_6772f67a,laptop-acer-aspire-lite-14-al14-71m-52gq,4
u_3795821f,laptop-lenovo-loq-15arp9-83jc00lvvn,5
u_ba93c227,laptop-acer-predator-helios-300-ram-16gb-240hz,5
u_474b71ed,laptop-asus-vivobook-14-a415ea-i3-ssd-256gb,5
u_b4346433,laptop-asus-vivobook-14-a415ea-i3-ssd-256gb,5
u_7a7ef547,laptop-asus-vivobook-flip-14-tp470ea-ec027t,5
u_087a2513,laptop-gaming-acer-nitro-5-an515-56,5
u_f986a9ed,laptop-hp-pavilion-14-dv0007tu,5
u_9d5b1e14,laptop-asus-rog-zephyrus-duo-15-se-gx551qr-120hz,5
u_f1c23713,laptop-asus-vivobook-flip-14-tp470ea,4
u_9e09356c,laptop-asus-tuf-gaming-a17-fa706iu-hx406t,5
u_b13964e5,laptop-asus-rog-zephyrus-g14-ga401qc-hz032t,5
u_de6a7572,laptop-asus-vivobook-d515da-ej711t,5
u_ef7e5172,laptop-hp-victus-16-e0177ax-4r0u9pa,4
u_89455a68,laptop-hp-victus-16-e0177ax-4r0u9pa,5
u_7a52bf59,laptop-hp-victus-16-e0177ax-4r0u9pa,4
u_f174f33a,laptop-hp-victus-16-e0177ax-4r0u9pa,5
u_fa5ce9a5,macbook-pro-16-inch-2021-m1-max,5
u_2a4385db,macbook-pro-16-inch-2021-m1-max,5
u_ec5dbe27,laptop-asus-vivobook-pro-m6500qc-ma002w,5
u_389e2017,laptop-msi-gaming-bravo-15-b5dd-417vn,5
u_29dd9a09,macbook-pro-14-inch-m2-pro-2023,5
u_b0fd0458,mac-mini-m2-2023,5
u_00fdab86,laptop-asus-vivobook-m513ua-ej710w,5
u_a077ccf6,laptop-asus-rog-strix-g16-g614ju-n3777w,5
u_b627a06d,laptop-dell-vostro-3520,4
u_64cd4170,laptop-dell-vostro-3520,5
u_359dd470,laptop-huawei-matebook-d14-i5-1240p,5
u_2f7fd5c5,laptop-lenovo-ideapad-3-14itl6-82h701qyvn,4
u_ae2fa8b8,laptop-asus-tuf-gaming-f15-fx506he-hn377w,4
u_b48010e5,laptop-msi-gaming-msi-gf63-12ucx-841vn,5
u_2ad40099,laptop-msi-gaming-msi-gf63-12ucx-841vn,5
u_e0917a4c,macbook-pro-14-inch-m3-pro-2023-18gb-512gb,4
u_4c339b45,laptop-acer-gaming-aspire-7-a715-76-53pj,5
u_0d57714e,laptop-acer-gaming-aspire-7-a715-76-53pj,4
u_50e55180,laptop-asus-zenbook-14-oled-ux3405ma-pp151w,4
u_a51c95a0,laptop-asus-zenbook-14-oled-ux3405ma-pp151w,5
u_3f529523,laptop-asus-zenbook-14-oled-ux3405ma-pp151w,5
u_985e6843,laptop-asus-zenbook-14-oled-ux3405ma-pp151w,5
u_281b8ed4,laptop-gaming-acer-nitro-v-anv15-51-58an,5
u_3a7a6158,laptop-gaming-acer-nitro-v-anv15-51-58an,5
u_11ac68fd,laptop-gaming-acer-nitro-v-anv15-51-58an,5
u_10413604,laptop-gaming-acer-nitro-v-anv15-51-58an,5
u_78d119ea,laptop-asus-tuf-gaming-a15-fa507xi-lp420w,5
u_a8feee8b,laptop-asus-vivobook-14-oled-a1405va-km095w,5
u_3fcd3ff6,laptop-asus-vivobook-14-oled-a1405va-km095w,5
u_ec5cf849,laptop-asus-vivobook-14-oled-a1405va-km095w,5
u_b62a6b5a,laptop-asus-vivobook-14-oled-a1405va-km095w,5
u_006dc1bf,laptop-asus-tuf-gaming-f15-fx506hf-hn014w,5
u_913bcc60,laptop-asus-tuf-gaming-f15-fx506hf-hn014w,5
u_4f94fbd0,laptop-asus-tuf-gaming-f15-fx506hf-hn014w,5
u_df839daa,laptop-asus-tuf-gaming-f15-fx507zc4-hn099w,5
u_b91c9951,laptop-lenovo-ideapad-flex-5-14iau7-82r700jqvn,4
u_a106422e,laptop-lenovo-ideapad-flex-5-14iau7-82r700jqvn,5
u_c6cad6d7,laptop-lenovo-ideapad-flex-5-14iau7-82r700jqvn,5
u_c78dc03f,laptop-msi-gaming-gf63-12uc-887vn,5
u_30e44392,laptop-lenovo-thinkbook-16-g6-irl-21kh00q1vn,5
u_3d659426,laptop-msi-vector-16-hx-ai-a2xwhg-010vn,5
u_05b0df14,laptop-msi-vector-16-hx-ai-a2xwhg-010vn,5
u_f2d67ed3,laptop-msi-vector-16-hx-ai-a2xwhg-010vn,5
u_f3584501,laptop-msi-vector-16-hx-ai-a2xwhg-010vn,5
u_c069d6a1,laptop-msi-vector-16-hx-ai-a2xwhg-010vn,5
u_14ac5897,laptop-asus-vivobook-s14-s3407va-ly046w,5
u_b7f64d65,laptop-asus-vivobook-s14-s3407va-ly046w,5
u_ea0675af,laptop-lenovo-thinkbook-16-g6-irl-21kh00w8vn,5
u_b6543c51,laptop-asus-tuf-gaming-f16-fx608jmr-rv048w,5
u_bc475fb3,laptop-acer-aspire-lite-15-al15-72p-581v,5
u_e78df957,laptop-dell-vostro-3530-2h1tpi3,5
u_44c31efb,laptop-msi-katana-15-hx-b14wgk-022vn,5
u_d675941d,laptop-msi-katana-15-hx-b14wgk-022vn,5
u_8301ad6c,laptop-msi-katana-15-hx-b14wgk-022vn,5
u_732ff8a5,laptop-msi-katana-15-hx-b14wgk-022vn,5
u_3fb1aa4b,laptop-msi-katana-15-hx-b14wgk-022vn,5
u_a884d841,laptop-msi-modern-14-f13mg-466vn,5
u_dcebbcad,laptop-msi-modern-14-f13mg-466vn,5
u_25c9b34a,laptop-msi-modern-14-f13mg-466vn,5
u_d675941d,laptop-msi-modern-14-f13mg-466vn,5
u_1b6283de,laptop-lenovo-ideapad-5-pro-82l500ldvn,4
u_1b595245,laptop-asus-vivobook-s-16-oled-s5606ma-mx051w,5
u_8b2aae86,laptop-asus-vivobook-s-16-oled-s5606ma-mx051w,5
u_35a38cd1,laptop-asus-vivobook-s-16-oled-s5606ma-mx051w,5
u_0db2a741,laptop-lenovo-ideapad-slim-5-15iru9-83d00003vn,5
u_f474186b,laptop-lenovo-ideapad-slim-5-15iru9-83d00003vn,5
u_d3e7f9d4,laptop-lenovo-thinkbook-14-g6-abp-21kj005hvn,5
u_b2501847,laptop-asus-vivobook-14-oled-a1405za-km263w,5
u_fe758035,laptop-asus-vivobook-14-oled-a1405za-km263w,4
u_4426ed22,laptop-acer-gaming-aspire-7-a715-76g-73fm,5
u_22f21253,laptop-acer-gaming-aspire-7-a715-76g-73fm,4
u_bb9429d3,laptop-acer-gaming-aspire-7-a715-76g-73fm,5
u_dfee82b8,laptop-asus-zenbook-s-14-oled-ux5406sa-pv140ws,5
u_b66ab95a,laptop-lenovo-ideapad-3-15iau7-82rk001gvn,5
u_d7045dcf,laptop-asus-zenbook-flip-ux363ea-hp726w,4
u_5e213d1d,laptop-lenovo-ideapad-l340-gaming-i5-ssd-512gb-vga-4gb,5
u_7b802558,laptop-lenovo-ideapad-l340-gaming-i5-ssd-512gb-vga-4gb,5
u_f9f3a4f6,laptop-lenovo-ideapad-l340-gaming-i5-ssd-512gb-vga-4gb,5
u_2055b9e8,laptop-lenovo-ideapad-l340-gaming-i5-ssd-512gb-vga-4gb,5
u_e17c22dd,laptop-lenovo-ideapad-l340-gaming-i5-ssd-512gb-vga-4gb,5
u_749a47cb,laptop-gigabyte-g5-kf-e3ph333sh,5
u_68e8bb5a,laptop-acer-aspire-3-a315-59-381e,5
u_9ac2007d,laptop-acer-aspire-3-a315-59-381e,5
u_240c6a92,laptop-lenovo-ideapad-slim-5-14irl8-82xd007qvn,5
u_d0d08217,laptop-lenovo-loq-15irx9-83dv00d5vn,5
u_a4f2ef7d,laptop-lenovo-loq-15irx9-83dv00d5vn,5
u_11f7a502,laptop-asus-vivobook-s-14-oled-s5406ma-pp136w,5
u_b5fe0875,laptop-lenovo-loq-15arp9-83jc003yvn,5
u_8cf43b62,laptop-lenovo-loq-15arp9-83jc003yvn,5
u_e2f40317,laptop-lenovo-loq-15arp9-83jc003yvn,5
u_978b6979,laptop-lenovo-loq-15arp9-83jc003yvn,5
u_2d3523b3,laptop-dell-inspiron-15-3520-25p2312,5
u_267fcc34,laptop-asus-tuf-gaming-a15-fa506ncg-hn184w,5
u_46209370,macbook-pro-14-m5-pro-15cpu-16-gpu-24gb-1tb,5
u_44bafd2c,macbook-pro-14-m5-pro-15cpu-16-gpu-24gb-1tb,5
u_ee011d42,laptop-hp-240-g9-6l1y2pa,5
u_c6b6d015,laptop-asus-vivobook-go-14-e1404fa-eb482w,5
u_28a758b5,laptop-asus-vivobook-go-14-e1404fa-eb482w,5
u_d1356a95,laptop-acer-nitro-v-15-anv15-41-r1jy,5
u_1707ef77,macbook-air-m2-2022-16gb,5
u_6c74c72f,macbook-air-m2-2022-16gb,5
u_d004fbd2,macbook-air-m2-2022-16gb,5
u_cef42258,macbook-air-m2-2022-16gb,5
u_dc51a118,macbook-air-m2-2022-16gb,5
u_6535ae64,laptop-lenovo-loq-15iax9e-83lk0079vn,5
u_00ad0b80,laptop-lenovo-loq-15iax9e-83lk0079vn,5
u_dce96db9,laptop-lenovo-loq-15iax9e-83lk0079vn,5
u_7b19f0dd,laptop-lenovo-loq-15iax9e-83lk0079vn,5
u_c14ead48,laptop-lenovo-loq-15iax9e-83lk0079vn,4
u_68eb07b5,laptop-acer-aspire-lite-gen-2-al14-52m-32kv,5
u_fdb045c0,laptop-acer-aspire-lite-gen-2-al14-52m-32kv,5
u_ccd0f6f6,laptop-acer-aspire-lite-gen-2-al14-52m-32kv,5
u_e8153c64,laptop-acer-aspire-lite-gen-2-al14-52m-32kv,5
u_027b6b4f,macbook-pro-14-inch-m5-16gb-512gb,5
u_fafb934d,macbook-pro-14-inch-m5-16gb-512gb,5
u_cb50f686,apple-macbook-air-15-m4-10cpu-10gpu-16gb-256gb-2025-sac-70w,5
u_4ad35edf,apple-macbook-air-15-m4-10cpu-10gpu-16gb-256gb-2025-sac-70w,5
u_656b92e7,apple-macbook-air-13-m4-10cpu-8gpu-16gb-256gb-2025,5
u_59f7d7d7,apple-macbook-air-13-m4-10cpu-8gpu-16gb-256gb-2025,5
u_835ca5f9,apple-macbook-air-13-m4-10cpu-8gpu-16gb-256gb-2025,4
u_9f281006,apple-macbook-air-13-m4-10cpu-8gpu-16gb-256gb-2025,5
u_57275a54,apple-macbook-air-13-m4-10cpu-8gpu-16gb-256gb-2025,5
u_d9cb2384,laptop-lenovo-loq-15iax9-83gs000rvn,5
u_5e543256,laptop-lenovo-loq-15iax9-83gs000rvn,5
u_11ac68fd,laptop-lenovo-loq-15iax9-83gs000rvn,4
u_9032b30b,laptop-lenovo-loq-15iax9-83gs000rvn,5
u_8d5c67e5,laptop-lenovo-loq-15iax9-83gs000rvn,5
u_dea012a1,laptop-msi-gaming-gl65-leopard-10scxk-093vn,5
u_2cae8ebf,laptop-lg-gram-2022,5
u_15ca37f5,LAP-ASUS- FA506II-AL012T-AMD R5-4600H-XA,5
u_7a488c9d,LAP-LEN-15IMH05-82AU004YVN-CORE I7-10750H-DN,5
u_ecb878c9,LAP-LEN-15IMH05-82AU004YVN-CORE I7-10750H-DN,5
u_fc285ba4,LAP-LEN-15IMH05-82AU004YVN-CORE I7-10750H-DN,5
u_89679963,laptop-asus-tuf-gaming-f16-fx608jhr-rv037w,5
u_89764e44,laptop-dell-pro-15-essential-pv15250-vkvkd,5
u_eacd478a,laptop-lenovo-ideapad-5-pro-14itl6-82l300mavn,4
u_e21fb09c,laptop-dell-inspiron-3511-5829blk,5
u_567ecc10,laptop-asus-vivobook-14x-oled-s3405va-km071w,5
u_b9ca05ee,laptop-asus-vivobook-15x-oled-s3504va-l1226w,5
u_0cf6562b,laptop-lenovo-ideapad-gaming-3-15ach6-82k2027qvn,5
u_3e0c41d1,laptop-asus-tuf-gaming-a15-fa507nu-lp131w,5
u_d4cf17fe,laptop-asus-tuf-gaming-a15-fa507nu-lp131w,5
u_b66388eb,laptop-acer-swift-14-ai-sf14-51-75vp,5
u_22bc307a,laptop-lenovo-ideapad-slim-3-15abr8-82xm00mcvn,5
u_1818c90f,laptop-msi-gaming-ge66-raider-10ug-205vn,5
u_eb7130e9,laptop-gaming-acer-nitro-5-an515-45,5
u_012a30da,laptop-lenovo-ideapad-gaming-3-15imh05-81y400x0vn,5
u_91ea59f7,laptop-gaming-acer-nitro-5-eagle-an515-57-71vv,5
u_2b2b6dd6,laptop-gaming-acer-nitro-5-eagle-an515-57-71vv,5
u_85da9640,laptop-hp-zbook-firefly-14-g8-1a2f1av,5
u_2bdd192c,laptop-hp-15-dy2089ms,5
u_f90ad9bf,laptop-msi-katana-gf76-11uc-441vn,5
u_30c35a69,laptop-asus-vivobook-a415ea-eb1474w,5
u_83065175,laptop-asus-zenbook-14x-um5401qa-kn209w,5
u_6012be0d,laptop-asus-zenbook-14x-um5401qa-kn209w,5
u_9e2d18e2,laptop-asus-zenbook-14x-um5401qa-kn209w,5
u_2cab77c9,laptop-msi-gaming-gf63-thin-11ud-628vn,5
u_4cd7493c,laptop-lenovo-thinkpad-e14-gen-7-21u2003qvn,5
u_ffb2ec9c,laptop-msi-modern-14-c12mo-660vn,4
u_1cbec9b9,laptop-msi-modern-14-c12mo-660vn,5
u_d4e8097b,laptop-msi-modern-14-c12mo-660vn,5
u_4d717c03,laptop-msi-modern-14-c12mo-660vn,5
u_26e433a4,laptop-msi-modern-14-c12mo-660vn,5
u_c511222f,laptop-lenovo-ideapad-5-pro-14iap7-82sh002tvn,5
u_30ef4213,laptop-asus-tuf-gaming-a15-fa506ihrb-hn080w,5
u_a9e2bca4,laptop-hp-envy-x360-2in1-14-es0013,5
u_b4bdeff1,laptop-asus-vivobook-15-oled-a1505za-l1245w,4
u_9b22cd6f,laptop-lenovo-ideapad-gaming-3-15arh7-82sb00bbvn,5
u_8274268b,laptop-dell-inspiron-14-plus-7420-t9k26,5
u_bfd5d063,laptop-asus-vivobook-14x-oled-k3405zf-km184w,5
u_b79578a9,laptop-asus-vivobook-14x-oled-k3405zf-km184w,5
u_5b1e52d4,laptop-lenovo-thinkbook15p-imh,4
u_7ca5ec7b,laptop-lenovo-thinkbook15p-imh,5
u_b3b3a7ca,laptop-asus-tuf-gaming-f17-fx706hc-hx579w,5
u_a3c4d629,laptop-asus-tuf-gaming-f17-fx706hc-hx579w,5
u_0906aae6,laptop-hp-pavilion-aero-13-be0229au-64u91pa,5
u_a85a47f2,LAP-LEN-15ARE05-81W4009FVN-RYZEN 5-4500U-XA,5
u_9fd0508c,LAP-LEN-15ARE05-81W4009FVN-RYZEN 5-4500U-XA,5
u_b833e9f3,LAP-ASUS-FA506IH-AL018T-AMD R5-4600H-XA,5
u_8bf245ea,LAP-ASUS-FA506IH-AL018T-AMD R5-4600H-XA,5
u_d3ec5de7,LAP-ASUS-FA506IH-AL018T-AMD R5-4600H-XA,5
u_0923b32d,laptop-dell-gaming-g5-5510-512gb,5
u_b4d27003,macbook-pro-14-inch-2021-1tb,5
u_46e2fe08,macbook-pro-14-inch-2021-1tb,5
u_ae885b17,macbook-pro-14-inch-2021-1tb,5
u_058c3b79,macbook-pro-14-inch-2021-1tb,5
u_ddd2f408,laptop-gaming-acer-nitro-v-anv15-51-72vs,5
u_83b516e3,laptop-gaming-acer-nitro-v-anv15-51-72vs,5
u_f6608eda,laptop-gaming-acer-nitro-v-anv15-51-72vs,5
u_e2e0b763,laptop-gaming-acer-nitro-v-anv15-51-72vs,5
u_16c76781,laptop-gaming-acer-nitro-v-anv15-51-72vs,5
u_8bfa8eb6,laptop-acer-gaming-aspire-5-a515-58gm-53pz,5
u_c54325b0,laptop-acer-gaming-aspire-5-a515-58gm-53pz,5
u_ec471d3b,laptop-acer-gaming-aspire-5-a515-58gm-53pz,5
u_540f6ca0,laptop-acer-gaming-aspire-5-a515-58gm-53pz,5
u_24f98b5d,laptop-acer-gaming-aspire-5-a515-58gm-53pz,5
u_1994c5c3,laptop-asus-tuf-gaming-a15-fa506nfr-hn006w,5
u_5f471d2c,laptop-asus-tuf-gaming-a15-fa507nv-lp046w,5
u_ee7f4753,laptop-asus-tuf-gaming-a15-fa507nv-lp046w,5
u_6258a6d6,laptop-msi-modern-14-c13m-458vn,4
u_baf92137,laptop-msi-modern-14-c11m-011vn,4
u_1b81f572,laptop-msi-modern-14-c11m-011vn,5
u_4b46e21d,laptop-msi-modern-14-c11m-011vn,4
u_da296836,laptop-msi-modern-14-c11m-011vn,5
u_6e05160a,laptop-hp-15s-fq2558tu-46m26pa,5
u_01e630d9,macbook-air-15-m3-24gb-512gb-2024-35w,5
u_13ffd023,macbook-air-15-m3-24gb-512gb-2024-35w,5
u_6e998ef1,laptop-lenovo-loq-15iax9-83gs00dbvn,5
u_05f4869d,laptop-lenovo-loq-15iax9-83gs00dbvn,5
u_efde4962,laptop-lenovo-loq-15iax9-83gs00dbvn,5
u_da5ed030,laptop-lenovo-loq-15iax9-83gs00dbvn,4
u_7c8d2e76,laptop-lenovo-loq-15iax9-83gs00dbvn,5
u_1152da51,laptop-lenovo-loq-15irx9-83dv012lvn,5
u_fa6886f7,laptop-lenovo-loq-15irx9-83dv012lvn,5
u_d496a8e5,laptop-lenovo-loq-15irx9-83dv012lvn,5
u_0f4ff027,laptop-lenovo-loq-15irx9-83dv012lvn,5
u_b1383d21,surface-pro-7-corei5-8gb-128gb,4
u_b699571a,surface-pro-7-corei5-8gb-128gb,5
u_8659a1c6,laptop-asus-s533fa,5
u_9c90d4a7,laptop-asus-s533fa,5
u_39e4b8bf,laptop-asus-s533fa,5
u_8da1b680,laptop-asus-vivobook-flip-14-tp412fa,5
u_78792c88,laptop-gaming-acer-nitro-5-tiger-an515-58-769j,5
u_e6611b31,laptop-asus-rog-strix-g16-g614ju-n3135w,5
u_9e8a43a0,laptop-asus-rog-strix-g16-g614ju-n3135w,5
u_d882a95a,laptop-asus-vivobook-14-oled-m1405ya-km047w,5
u_b633323d,laptop-msi-cyborg-15-a12ucx-281vn,5
u_548bb4b9,laptop-msi-cyborg-15-a12ucx-281vn,5
u_6bd22512,laptop-msi-cyborg-15-a12ucx-281vn,5
u_b5157c8d,laptop-msi-modern-15-b7m-231vn,4
u_6305970a,laptop-msi-modern-15-b7m-231vn,5
u_e932c2a4,laptop-msi-modern-14-c7m-212vn,4
u_93015fd3,laptop-msi-modern-14-c7m-212vn,5
u_29ca67ba,laptop-msi-modern-15-b12mo-628vn,5
u_248d236e,laptop-dell-inspiron-14-2in1-i7430-5800slv-rd7pj,4
u_1d7e89fb,laptop-acer-gaming-aspire-7-a715-76-57cy-nh-qgesv-004,5
u_2473f328,laptop-acer-aspire-7-a715-76g-59mw,5
u_24f98b5d,laptop-acer-aspire-7-a715-76g-59mw,5
u_9ac2007d,laptop-acer-aspire-7-a715-76g-59mw,5
u_24851a59,imac-m3-2023-24-inch-8gb-256gb,5
u_3a1f0b67,laptop-acer-aspire-5-spin-14-a5sp14-51mtn-78jh,5
u_538c3286,laptop-acer-aspire-5-spin-14-a5sp14-51mtn-78jh,5
u_b3ea0a77,laptop-acer-aspire-5-spin-14-a5sp14-51mtn-78jh,5
u_f6e15b7e,laptop-gaming-acer-nitro-5-an515-58-5193,5
u_46bb2e9e,laptop-gaming-acer-nitro-5-an515-58-5193,5
u_ee1fd8a4,laptop-gaming-acer-nitro-5-an515-58-5193,5
u_a51a74a7,laptop-gaming-acer-nitro-v-anv15-51-55ca,5
u_b25aa375,laptop-asus-vivobook-x415ma-bv451w,5
u_8d9c307c,laptop-asus-tuf-gaming-f17-fx706hcb-hx105w,4
u_b1e86ef4,laptop-asus-tuf-gaming-fa506ihr-hn019w,5
u_8222874f,laptop-asus-tuf-gaming-dash-f15-fx517zc-hn079w,5
u_8dbb07b4,laptop-asus-tuf-gaming-dash-f15-fx517zc-hn079w,5
u_e96dd99e,laptop-asus-tuf-gaming-dash-f15-fx517zc-hn079w,5
u_0cff47c6,laptop-asus-tuf-gaming-dash-f15-fx517zc-hn077w,5
u_ea10c109,laptop-msi-modern-15-a11m-1024vn,5
u_6d58827b,laptop-msi-gaming-gf63-thin-11sc-664vn,5
u_2e94000a,laptop-msi-gaming-gf63-thin-11sc-664vn,5
u_324003bc,laptop-msi-gaming-gf63-thin-11sc-664vn,5
u_6012be0d,laptop-asus-tuf-gaming-f15-fx506hc-hn144w,4
u_e6dd9f31,laptop-asus-tuf-gaming-f15-fx506hc-hn144w,5
u_32d56abe,laptop-asus-tuf-gaming-f15-fx506hc-hn144w,5
u_83dda382,laptop-dell-inspiron-15-3515-g6gr72,5
u_21bdb7bb,laptop-dell-inspiron-3511-5174blk,5
u_20b048ed,laptop-asus-x515ma-br481w,5
u_86728252,laptop-asus-x515ma-br481w,4
u_33f86114,laptop-lenovo-loq-15iax9-83gs001rvn,5
u_6c1f2b1c,laptop-lenovo-loq-15iax9-83gs001rvn,5
u_8aa0cfa1,laptop-lenovo-loq-15iax9-83gs001rvn,5
u_d313c170,laptop-lenovo-loq-15iax9-83gs001rvn,4
u_2c3a6828,laptop-lenovo-loq-15iax9-83gs001rvn,5
u_ac6732c9,laptop-asus-expertbook-b1-b1502cba-nj1261w,5
u_7c3cedc5,laptop-lenovo-legion-7-16irx9-83fd004mvn,5
u_800b1bae,laptop-asus-gaming-rog-zephyrus-g14-ga403uv-qs171w,5
u_6c9a835e,laptop-asus-tuf-gaming-f15-fx507zc4-hn095w,5
u_99358bbd,laptop-asus-tuf-gaming-f15-fx507zc4-hn095w,5
u_797f9fbd,laptop-lenovo-yoga-slim-7-pro-14ihu5-o-82nh00bdvn,2
u_44eb1fdc,laptop-acer-aspire-3-a315-57g-31yd,5
u_ce367291,laptop-asus-tuf-gaming-fx706hc-hx003t,4
u_7a4fe818,laptop-asus-vivobook-x515ea-ej1046t,5
u_eae04aac,laptop-asus-vivobook-x515ea-ej1046t,5
u_c18f60c3,laptop-asus-vivobook-x515ea-ej1046t,5
u_95396c27,laptop-msi-modern-14-b11mo-460vn,5
u_487718f5,xiaomi-pad-6-max,5
u_b1170c85,Apple-iPad-Pro-10.5-2017-4G-256-GB,5
u_c4e6e641,samsung-galaxy-tab-s7-fe,5
u_0c60b684,samsung-galaxy-tab-s7-fe,5
u_dfe5e64c,samsung-galaxy-tab-s7-fe,5
u_7c9c3b10,samsung-galaxy-tab-s7-fe,5
u_2067133e,samsung-galaxy-tab-s7-fe,5
u_f1d0f188,redmi-pad-5g,5
u_bd77b3a0,may-doc-sach-boox-go-6,4
u_779ce439,may-doc-sach-boox-go-6,5
u_a9e85820,may-doc-sach-kindle-2022-11th-generation-16gb,5
u_c1f898e5,may-doc-sach-kindle-2022-11th-generation-16gb,5
u_5e543256,may-doc-sach-kindle-2022-11th-generation-16gb,5
u_f1b872a0,xiaomi-redmi-pad-se,5
u_d256c915,xiaomi-redmi-pad-se,5
u_b76dd881,xiaomi-redmi-pad-se,5
u_c5e4bd96,xiaomi-redmi-pad-se,5
u_e6c8128c,xiaomi-redmi-pad-se,5
u_a2c3eab3,samsung-galaxy-tab-a9,5
u_e22f8fdb,samsung-galaxy-tab-a9,4
u_89adf45b,samsung-galaxy-tab-a9,5
u_5d365d2a,samsung-galaxy-tab-s9-ultra-512gb,5
u_89066aca,ipad-pro-11-2021,5
u_b1017cb7,ipad-pro-11-2021,5
u_ce9c158a,ipad-pro-11-2021,5
u_6b9225c4,ipad-pro-11-2021,5
u_0c629416,ipad-pro-11-2021,5
u_038fda98,ipad-10-2-inch-2021-4g,5
u_ce4121b8,ipad-mini-6-4g-256gb,5
u_324a1799,apple-ipad-mini-5-wifi-64-gb-chinh-hang,5
u_ca43851c,apple-ipad-mini-5-wifi-64-gb-chinh-hang,5
u_6acfa301,apple-ipad-mini-5-wifi-64-gb-chinh-hang,5
u_69780549,apple-ipad-10-2-2019-wi-fi-128gb,5
u_fecee289,apple-ipad-10-2-2019-wi-fi-128gb,5
u_1b876e96,apple-ipad-10-2-2019-wi-fi-128gb,5
u_a267201b,Apple-iPad-Pro-11-2020-4G-128GB,5
u_813df079,ipad-mini-6,5
u_fbeec992,ipad-mini-6,5
u_05b3bfa7,ipad-mini-6,5
u_f3e2048b,ipad-mini-6,5
u_db966381,ipad-mini-6,5
u_4a80ea7e,ipad-air-4,5
u_b70371ee,ipad-air-4,5
u_3155832c,ipad-air-4,5
u_df485b98,ipad-air-4,5
u_c535a0d3,ipad-air-4-wifi-256gb,5
u_ca43851c,ipad-pro-12-9-2021,5
u_0a6fad94,ipad-pro-11-2021-256gb,5
u_c8940dce,ipad-pro-11-2021-256gb,5
u_76712101,ipad-pro-11-2021-256gb,5
u_e2f40317,ipad-pro-11-2021-256gb,5
u_10ad8024,ipad-pro-11-2021-256gb,5
u_631476c6,ipad-pro-12-9-2021-5g,5
u_ff138083,ipad-pro-12-9-2021-5g,5
u_be0b817d,ipad-10-2-inch-2021-wifi-256gb,5
u_688977dd,ipad-10-2-inch-2021-wifi-256gb,5
u_98a42f92,ipad-mini-6-256gb,5
u_2e00583d,ipad-pro-2022-12-9-inch,5
u_6088b3e1,ipad-pro-2022-12-9-inch,4
u_c0918045,ipad-pro-2022-12-9-inch,5
u_e1bc09e2,ipad-10-9-inch-2022,4
u_2d26f503,ipad-10-9-inch-2022,5
u_bce7ae50,ipad-10-9-inch-2022,5
u_beb9195b,ipad-10-9-inch-2022,5
u_7d7a6216,ipad-10-9-inch-2022,4
u_99c17c13,ipad-10-9-inch-2022-256gb,5
u_fa4e9c14,ipad-10-9-inch-2022-256gb,5
u_934d5a60,ipad-10-9-inch-2022-5g,4
u_1189f609,ipad-pro-2022-11-inch-m2-5g,5
u_e1ce9721,ipad-pro-2022-11-inch-m2-5g,5
u_b538c405,ipad-pro-2022-11-inch-m2-5g,5
u_16b7a030,ipad-pro-2022-12-9-inch-m2-256gb,5
u_5413d554,ipad-pro-2022-12-9-inch-m2-5g,5
u_63032335,ipad-air-6-m2-13-inch-256gb,5
u_ecb9e038,ipad-air-m3-11-inch-512gb,4
u_730ece53,ipad-pro-2022-11-inch-m2-256gb,5
u_533bb350,ipad-pro-2022-11-inch-m2-256gb,5
u_afd24e10,ipad-air-5,5
u_0a80cbca,ipad-air-5,5
u_289d8c22,ipad-air-5,5
u_fac0107a,ipad-air-5,5
u_f61caff8,ipad-air-5,5
u_64d8d96c,xiaomi-mi-pad-6-6gb-128gb,4
u_794249d3,xiaomi-mi-pad-6-6gb-128gb,4
u_447db99d,xiaomi-mi-pad-6-6gb-128gb,5
u_c3d18513,xiaomi-mi-pad-6-6gb-128gb,5
u_ffd058a8,xiaomi-mi-pad-6-6gb-128gb,5
u_3ff3ef53,samsung-galaxy-tab-s7-fe-wifi,4
u_ce3c9ef7,samsung-galaxy-tab-a8,5
u_c9753845,samsung-galaxy-tab-a8,5
u_4c4a8831,samsung-galaxy-tab-a8,5
u_53224048,samsung-galaxy-tab-a8,4
u_77877579,may-tinh-bang-teclast-m50,5
u_62350503,may-tinh-bang-teclast-m50,5
u_7d42cdcd,may-tinh-bang-teclast-m50,5
u_aeb43215,may-tinh-bang-teclast-m50,5
u_09c468ef,may-tinh-bang-lenovo-tab-m11-128gb,5
u_5c264a16,may-tinh-bang-lenovo-tab-m11-128gb,5
u_48cd2a77,may-tinh-bang-lenovo-tab-m9-4gb-64gb,5
u_1fc29711,may-tinh-bang-huawei-matepad-11-5-inch,4
u_cda49323,may-tinh-bang-huawei-matepad-11-5-inch,4
u_0fc28395,may-tinh-bang-huawei-matepad-11-5-inch,5
u_28aeef31,may-tinh-bang-huawei-matepad-11-5-inch,5
u_ae01c689,may-tinh-bang-huawei-matepad-11-5-inch,5
u_2de016f7,may-tinh-bang-huawei-matepad-11-5-s,5
u_f8e599d8,xiaomi-mi-pad-6,4
u_4ab27a63,xiaomi-mi-pad-6,5
u_980387c0,xiaomi-mi-pad-6,4
u_8ad88e27,xiaomi-mi-pad-6,5
u_2f44f61b,xiaomi-mi-pad-6,4
u_e88e409c,lenovo-tab-m8-gen-2-2gb-32gb,4
u_493dab0e,samsung-galaxy-tab-s9-fe,5
u_4e122fc2,samsung-galaxy-tab-s9-fe,5
u_13ffd023,samsung-galaxy-tab-s9-fe,5
u_79c5f19a,samsung-galaxy-tab-s9-fe,5
u_876afd76,may-tinh-bang-samsung-galaxy-tab-s11-ultra,5
u_bb342b6f,may-tinh-bang-samsung-galaxy-tab-s11-ultra,5
u_4a96465f,may-tinh-bang-samsung-galaxy-tab-s11-ultra,5
u_a48964b3,ipad-air-m3-11-inch-256gb-5g,5
u_322dffbc,may-tinh-bang-samsung-galaxy-tab-s11,5
u_cfd1c487,may-tinh-bang-samsung-galaxy-tab-s11,5
u_2f09fff2,may-tinh-bang-samsung-galaxy-tab-s10-fe-wifi,5
u_dccd0d97,may-tinh-bang-samsung-galaxy-tab-s10-fe-wifi,5
u_bfb3cd09,may-tinh-bang-samsung-galaxy-tab-s10-fe-wifi,5
u_16a68a56,may-tinh-bang-nubia-pad-pro,5
u_269eb04f,may-tinh-bang-samsung-galaxy-tab-s10-fe-wifi-12gb-256gb,5
u_38db3827,may-tinh-bang-samsung-galaxy-tab-s10-fe-wifi-12gb-256gb,5
u_b81359f1,may-tinh-bang-huawei-matepad-12-x-kem-ban-phim,4
u_9e108e6c,may-tinh-bang-samsung-galaxy-tab-s11-wifi-12gb-256gb,5
u_36e569ac,may-tinh-bang-samsung-galaxy-tab-s11-wifi-12gb-256gb,5
u_964ba9c4,may-tinh-bang-samsung-galaxy-tab-s11-wifi-12gb-256gb,5
u_72820fd7,may-tinh-bang-samsung-galaxy-tab-s11-wifi-12gb-256gb,5
u_31196a77,may-tinh-bang-samsung-galaxy-tab-s11-wifi-12gb-256gb,5
u_964ba9c4,may-tinh-bang-samsung-galaxy-tab-s10-lite-wifi,5
u_e17c22dd,may-tinh-bang-samsung-galaxy-tab-s10-lite-wifi,5
u_f8373fbe,may-tinh-bang-samsung-galaxy-tab-s10-lite-wifi,5
u_dffeaf38,may-tinh-bang-samsung-galaxy-tab-s10-lite-wifi,5
u_e6e59244,may-tinh-bang-samsung-galaxy-tab-s10-lite-wifi,5
u_4d73e471,ipad-pro-m4-11-inch-512gb,5
u_0c08955f,ipad-pro-m4-11-inch-512gb,5
u_f1e78129,ipad-pro-m4-11-inch-5g,4
u_f62b6cad,ipad-pro-m4-13-inch-2tb-5g-nano,5
u_67c8f0f6,samsung-galaxy-tab-s6,3
u_cb54aec8,samsung-galaxy-tab-s6,5
u_61f9d92f,samsung-galaxy-tab-s8-plus,5
u_35cfa5eb,samsung-galaxy-tab-s8-plus,5
u_09c01cba,samsung-galaxy-tab-s8-ultra,5
u_2e509d7a,samsung-galaxy-tab-s8-ultra,5
u_ec5dbe27,samsung-galaxy-tab-s8-ultra,5
u_71f96283,samsung-galaxy-tab-s8-ultra,5
u_aba27973,may-tinh-bang-alcatel-3t8,5
u_7c3e9777,samsung-galaxy-tab-s9-ultra,5
u_0ac35db7,samsung-galaxy-tab-s9-ultra,4
u_e24be54e,samsung-galaxy-tab-s9-ultra,4
u_116bb0ca,samsung-galaxy-tab-a9-plus,5
u_5457cabf,samsung-galaxy-tab-a9-plus,5
u_481b95bc,samsung-galaxy-tab-a9-plus,5
u_08d08be6,samsung-galaxy-tab-a9-plus,5
u_e18c789a,samsung-galaxy-tab-a9-plus,5
u_0ea0b2bb,samsung-galaxy-tab-s9-fe-wifi,5
u_93b74551,samsung-galaxy-tab-s9-fe-wifi,5
u_8191d9ab,may-tinh-bang-xiaomi-pad-6s-pro,5
u_ae43fda1,may-tinh-bang-xiaomi-pad-6s-pro,5
u_6e095213,may-tinh-bang-xiaomi-pad-6s-pro,5
u_8d7779c1,may-tinh-bang-xiaomi-pad-6s-pro,5
u_a09a8b5d,may-tinh-bang-xiaomi-pad-6s-pro,5
u_f9e729d5,samsung-galaxy-tab-s9-wifi,5
u_ee214d36,samsung-galaxy-tab-s9-wifi,5
u_daf51621,samsung-galaxy-tab-s9-wifi,5
u_f1cb9ef2,tcl-tab-10l-wifi,5
u_9461fb75,tcl-tab-10l-wifi,5
u_2a938983,Samsung Galaxy Tab A T295,5
u_18a97270,samsung-galaxy-tab-s7,5
u_39132150,samsung-galaxy-tab-s7,5
u_49f99b7a,samsung-galaxy-tab-s7,5
u_2e509d7a,samsung-galaxy-tab-s7,5
u_22d31a58,samsung-galaxy-tab-s7,5
u_5e1bdd0d,oppo-pad-air,4
u_e8deaf90,samsung-galaxy-tab-s8-wifi,4
u_7f913b68,samsung-galaxy-tab-s8-wifi,4
u_01ad16b7,samsung-galaxy-tab-s8-wifi,4
u_67b1a273,samsung-galaxy-tab-s8-wifi,5
u_32c200c7,samsung-galaxy-tab-s8-wifi,5
u_841f44f0,samsung-galaxy-tab-s6-lite,5
u_ca00644a,samsung-galaxy-tab-s6-lite,5
u_36f5a409,samsung-galaxy-tab-s6-lite,4
u_e9799b9f,samsung-galaxy-tab-s6-lite,5
u_3e1fdcb3,samsung-galaxy-tab-s6-lite,5
u_ae7c6293,may-tinh-bang-xiaomi-redmi-pad-pro,5
u_05b0df14,may-tinh-bang-xiaomi-redmi-pad-pro,5
u_ec02ed8a,may-tinh-bang-xiaomi-redmi-pad-pro,5
u_fd77f7e2,may-tinh-bang-xiaomi-redmi-pad-pro,5
u_78bf2ba0,may-tinh-bang-xiaomi-redmi-pad-pro,4
u_5f7527a5,lenovo-tab-p11-pro,5
u_2915ef5d,lenovo-tab-p11-pro,5
u_3d8f3739,lenovo-tab-p11-pro,5
u_081f9e70,may-doc-sach-boox-go-color-7,5
u_a4be3ede,huawei-matepad-se-10-4,5
u_9ddc16a3,ipad-pro-11-2021-5g-256gb,5
u_280ea87e,Apple-iPad-Pro-11-2020-WiFi-128GB,5
u_bd496f35,Apple-iPad-Pro-11-2020-WiFi-128GB,5
u_066d3903,Apple-iPad-Pro-11-2020-WiFi-128GB,5
u_1b3818a5,Apple-iPad-Pro-11-2020-WiFi-128GB,5
u_ec5b49cb,ipad-pro-11-2021-512gb,5
u_f23d3259,APP-IPAD-10-2-2019-WIFI-32GB,3
u_4ea5c376,APP-IPAD-10-2-2019-WIFI-32GB,5
u_80fb5dd0,ipad-10-2-inch-2020-wifi-128gb,5
u_01ea49bf,ipad-10-2-inch-2020-wifi-128gb,5
u_219d5c07,ipad-10-2-inch-2020-wifi-128gb,5
u_a2b1354d,ipad-10-2-inch-2020-wifi-128gb,5
u_858735b3,ipad-mini-7-5g-256gb,5
u_978e953e,ipad-pro-12-9-2021-5g-256gb,3
u_a583e53b,apple-ipad-mini-5-wifi-256-gb-chinh-hang,5
u_f4e24068,ipad-pro-12-9-2021-256gb,5
u_111ef0e0,ipad-pro-2022-11-inch-m2,5
u_919f428c,ipad-pro-2022-11-inch-m2,5
u_817ea024,ipad-pro-2022-11-inch-m2,5
u_ceb467a6,ipad-pro-2022-11-inch-m2,4
u_72428245,ipad-air-5-256gb,5
u_614def22,ipad-air-5-256gb,5
u_e0b96ab7,ipad-air-5-5g,5
u_791ccff8,ipad-10-9-inch-2022-5g-256gb,5
u_b912c0a1,xiaomi-mi-pad-6-8gb-256gb,5
u_747c36fc,xiaomi-mi-pad-6-8gb-256gb,5
u_6979a69e,xiaomi-mi-pad-6-8gb-256gb,5
u_ad875c03,samsung-galaxy-tab-s9-fe-plus-wifi,5
u_8e8a9df6,samsung-galaxy-tab-s9-fe-plus-wifi,5
u_ced3c574,samsung-galaxy-tab-s9-fe-plus-wifi,4
u_37674f0d,samsung-galaxy-tab-s9-fe-plus-wifi,5
u_8b53cdcd,ipad-10-2-inch-2020,5
u_93172af9,ipad-10-2-inch-2020,4
u_8ef43ec8,ipad-10-2-inch-2020,5
u_b1d1d7b5,ipad-10-2-inch-2020,5
u_3d2bef2a,lenovo-tab-m10-gen-2,5
u_f7897fa0,lenovo-tab-p11-plus,5
u_9e594026,lenovo-tab-m10-gen-3,5
u_cc5b8830,lenovo-tab-m8-gen-2-3gb-32gb,5
u_4aa3b891,ipad-mini-7-256gb,5
u_8dba5d5b,ipad-mini-7-256gb,5
u_4b99ffe9,may-tinh-bang-samsung-galaxy-tab-s10-plus-5g,5
u_a48964b3,may-tinh-bang-samsung-galaxy-tab-s10-plus-5g,5
u_31b5f59a,may-tinh-bang-nubia-pad-pro-16gb-512gb,5
u_f2288e70,may-tinh-bang-teclast-m50-plus,5
u_33c74f7e,ipad-air-m3-13-inch,5
u_c6c64833,may-tinh-bang-huawei-matepad-se-11-inch,4
u_4ffdddf6,may-tinh-bang-huawei-matepad-se-11-inch,5
u_9f87f715,may-tinh-bang-huawei-matepad-se-11-inch,5
u_9c0226e8,may-tinh-bang-huawei-matepad-se-11-inch,5
u_1a0dd772,apple-ipad-air-m3,5
u_a77a91b7,apple-ipad-air-m3,5
u_3f74cc90,apple-ipad-air-m3,5
u_3ed6f7d0,apple-ipad-air-m3,5
u_55c2f284,may-tinh-bang-huawei-matepad-se-11-inch-4gb-128gb,5
u_4b99ffe9,may-tinh-bang-samsung-galaxy-tab-s10-plus-wifi,5
u_5b48e59e,ipad-pro-m5-13-inch-256gb,5
u_dfb0ea62,may-tinh-bang-xiaomi-pad-7,5
u_cbbeef9d,may-tinh-bang-xiaomi-pad-7,4
u_55a866d9,may-tinh-bang-xiaomi-pad-7,5
u_f87472f2,may-tinh-bang-xiaomi-pad-7,5
u_5d5c7351,may-tinh-bang-xiaomi-pad-7,4
u_c10ac826,ipad-pro-m4-11-inch,5
u_e6f6645b,ipad-pro-m4-11-inch,5
u_460737b6,ipad-pro-m4-11-inch,5
u_29f2cd24,ipad-pro-m4-11-inch,5
u_cbe722bc,ipad-pro-m4-11-inch,5
u_11fc03d2,apple-ipad-pro-m4-2024,5
u_7a90e4fd,ipad-pro-m4-13-inch-512gb-5g,5
u_ed5e8353,PKDH.005,5
u_0739f460,PKDH.005,4
u_9600de79,PKDH.005,5
u_9fd0508c,PKDH.005,5
u_93244a70,PKDH.047,4
u_a3fe5bae,PKDH.047,4
u_98fffc0f,PKDH.047,5
u_5ebf5419,PKDH.047,5
u_a51a74a7,dong-ho-thong-minh-soundpeats-watch-1,5
u_a76facb0,dong-ho-thong-minh-soundpeats-watch-1,5
u_62cea54e,dong-ho-thong-minh-huami-amazfit-gtr-2-day-da,5
u_ea87a4e1,dong-ho-thong-minh-huami-amazfit-gtr-2-day-da,5
u_5e543256,dong-ho-thong-minh-huami-amazfit-gtr-2-day-da,4
u_a8e857bb,dong-ho-thong-minh-huami-amazfit-gtr-2-day-da,5
u_33b5864d,dong-ho-thong-minh-huami-amazfit-gtr-2-day-da,4
u_5455c7ff,dong-ho-thong-minh-kieslect-lora,5
u_6b8c30c5,dong-ho-thong-minh-kieslect-lora,5
u_4dc691da,dong-ho-thong-minh-kieslect-lora,5
u_edc68b85,dong-ho-thong-minh-kieslect-kr-pro,5
u_f6867413,dong-ho-thong-minh-kieslect-kr-pro,4
u_286edff7,dong-ho-thong-minh-kieslect-kr-pro,5
u_63fae34a,dong-ho-thong-minh-kieslect-kr-pro,5
u_8e512b7c,dong-ho-thong-minh-kieslect-kr-pro,5
u_5b2d4484,PKDH.066,5
u_2cae8ebf,PKDH.066,5
u_94c2fdcf,PKDH.066,5
u_bc2d2f1c,PKDH.066,5
u_aa6ee952,PKDH.066,5
u_0e121428,dong-ho-thong-minh-huami-amazfit-gtr-2,5
u_4fdfe5c9,dong-ho-thong-minh-huami-amazfit-gtr-2,5
u_58ed5203,dong-ho-thong-minh-huami-amazfit-gtr-2,5
u_f1b16bf9,dong-ho-garmin-forerunner-955,5
u_b701e902,dong-ho-thong-minh-kospet-tank-t3-ultra,4
u_90490410,dong-ho-thong-minh-kospet-tank-t3-ultra,5
u_4fa3176b,dong-ho-thong-minh-kospet-tank-t3-ultra,5
u_81be6be2,dong-ho-thong-minh-kieslect-actor,5
u_f1915028,dong-ho-thong-minh-kieslect-actor,5
u_795e9fb0,dong-ho-thong-minh-kieslect-actor,5
u_e2233a04,dong-ho-dinh-vi-tre-em-masstel-smart-hero-20,5
u_98dbf46d,dong-ho-dinh-vi-tre-em-masstel-smart-hero-20,5
u_d9a780b7,dong-ho-thong-minh-amazfit-cheetah-square,5
u_62c07356,DH.HU.26,1
u_4dc6008a,vong-deo-tay-thong-minh-xiaomi-mi-band-8-active,4
u_59016d87,vong-deo-tay-thong-minh-xiaomi-mi-band-8-active,5
u_d41f6029,vong-deo-tay-thong-minh-xiaomi-mi-band-8-active,5
u_b8f6e508,vong-deo-tay-thong-minh-xiaomi-mi-band-8-active,5
u_24c35352,dong-ho-thong-minh-xiaomi-redmi-watch-4,5
u_66fb8d21,dong-ho-thong-minh-xiaomi-redmi-watch-4,5
u_4293466e,dong-ho-thong-minh-xiaomi-redmi-watch-4,4
u_07c6c743,dong-ho-thong-minh-xiaomi-redmi-watch-4,5
u_e1291b89,dong-ho-thong-minh-garmin-fenix-7s-sapphire-solar,5
u_18720ddc,PKDH.136,5
u_2f5a97ee,PKDH.136,5
u_f8459e98,PKDH.136,5
u_1a8bb209,dong-ho-thong-minh-amazfit-bip-u,5
u_bbd749fc,dong-ho-thong-minh-amazfit-gtr-2-new-version,5
u_2a7f4042,dong-ho-thong-minh-amazfit-gtr-2-new-version,4
u_93d539eb,dong-ho-thong-minh-amazfit-active,5
u_7ff371f8,dong-ho-thong-minh-amazfit-active,5
u_0b4abc8e,dong-ho-thong-minh-amazfit-active,5
u_54549208,PKDH.145,5
u_2f668928,PKDH.145,5
u_1a8b8e54,dong-ho-thong-minh-amazfit-gtr-3-pro-day-da,5
u_a9329a05,dong-ho-thong-minh-amazfit-gtr-3-pro-day-da,5
u_6e95e0a8,dong-ho-thong-minh-amazfit-gtr-3-pro-day-da,5
u_95eef8d8,dong-ho-thong-minh-soundpeats-watch-2,5
u_df35ce7e,dong-ho-thong-minh-soundpeats-watch-2,5
u_3849741f,dong-ho-thong-minh-soundpeats-watch-2,5
u_02d22605,dong-ho-thong-minh-soundpeats-watch-2,5
u_c11b961e,dong-ho-thong-minh-soundpeats-watch-2,4
u_17e30d64,DH.GM11,5
u_c156c851,dong-ho-thong-minh-riversong-motive-10gt,5
u_70e49a99,vong-deo-tay-thong-minh-xiaomi-mi-band-8-pro,5
u_a49d7b9d,vong-deo-tay-thong-minh-xiaomi-mi-band-8-pro,5
u_e40ea210,vong-deo-tay-thong-minh-xiaomi-mi-band-8-pro,5
u_4b8f67d1,dong-ho-thong-minh-huawei-watch-gt,5
u_454b8623,dong-ho-thong-minh-huawei-watch-gt,5
u_a23d522c,dong-ho-thong-minh-huawei-watch-gt-2,5
u_fcc57be6,dong-ho-thong-minh-huawei-watch-gt-2,5
u_4a3aa013,dong-ho-thong-minh-huawei-watch-gt-2,5
u_17ea82d6,dong-ho-thong-minh-huawei-watch-gt-3-day-silicone,5
u_bd340d7f,dong-ho-thong-minh-huawei-watch-gt-3-day-silicone,5
u_421ff7aa,dong-ho-thong-minh-huawei-watch-gt-3-day-silicone,5
u_8c4c8d0d,dong-ho-thong-minh-huawei-watch-gt-3-day-silicone,5
u_30db3f9b,dong-ho-thong-minh-huawei-watch-gt-3-day-silicone,5
u_bd340d7f,dong-ho-thong-minh-huawei-watch-gt-3,5
u_1258a957,dong-ho-thong-minh-huawei-watch-gt-3,5
u_f07ff655,dong-ho-thong-minh-huawei-watch-gt-3,5
u_ee5fac05,dong-ho-thong-minh-huawei-watch-gt-3,5
u_24e9fed0,dong-ho-thong-minh-huawei-watch-gt-3-42mm-day-silicone,4
u_ace1f689,dong-ho-thong-minh-huawei-watch-gt-3-42mm-day-silicone,5
u_53a4ff61,dong-ho-thong-minh-huawei-watch-gt-runner,5
u_95b0d692,dong-ho-thong-minh-huawei-watch-gt-runner,5
u_31c93e4f,PKDH.148,5
u_d4cf17fe,PKDH.148,4
u_9aab5665,PKDH.148,4
u_a884d841,PKDH.148,5
u_1f34cc9f,PKDH.148,5
u_d696d342,dong-ho-thong-minh-huawei-watch-gt-4,5
u_514e9369,dong-ho-thong-minh-huawei-watch-gt-4,4
u_c157bf30,dong-ho-thong-minh-huawei-watch-gt-4,4
u_7fc95565,dong-ho-thong-minh-huawei-watch-gt-3-pro,4
u_5ba58e71,dong-ho-thong-minh-huawei-watch-gt-3-pro,4
u_9f6d3426,dong-ho-thong-minh-huawei-watch-gt-3-pro,5
u_0a0e3325,dong-ho-thong-minh-huawei-watch-gt-3-pro,4
u_c924cb20,dong-ho-thong-minh-huawei-watch-gt-3-pro,4
u_b0c2d6c2,dong-ho-thong-minh-huawei-watch-gt-5-pro-day-titanium,5
u_5e543256,dong-ho-thong-minh-huawei-watch-gt-5-pro-day-gom,5
u_10669a87,dong-ho-thong-minh-huawei-watch-fit-4-pro,5
u_10e8dabe,dong-ho-thong-minh-huawei-watch-fit-se,5
u_01c1b2db,dong-ho-thong-minh-huawei-watch-fit-se,5
u_79f05dd6,samsung-galaxy-watch-fe,4
u_1d601ae3,samsung-galaxy-watch-fe,4
u_8426d263,samsung-galaxy-watch-fe,5
u_fafb934d,apple-watch-series-5-44mm-4g-vien-nhom-day-cao-su,5
u_c3402d58,apple-watch-se-40mm,5
u_fafb934d,apple-watch-series-5-40-mm,5
u_c0fef0ac,apple-watch-se-2022-40mm,5
u_5e543256,apple-watch-se-2022-40mm,5
u_751b362b,apple-watch-se-2022-40mm,5
u_ec5dbe27,apple-watch-se-2022-40mm,5
u_d173e82f,apple-watch-se-2022-40mm-lte,4
u_6088b3e1,apple-watch-series-9-45mm,5
u_527022b2,apple-watch-series-9-45mm,5
u_32402943,apple-watch-series-9-45mm,4
u_7b7e6206,apple-watch-series-9-45mm,5
u_78da163f,PKDH.091,5
u_6501af7c,PKDH.091,5
u_07b550e4,PKDH.091,5
u_a88089b6,PKDH.091,5
u_e4788637,PKDH.091,5
u_16b7d7c9,dong-ho-thong-minh-xiaomi-watch-s1,5
u_2587524c,vong-deo-tay-thong-minh-xiaomi-redmi-band-2,5
u_8bad9146,dong-ho-thong-minh-kieslect-k11-pro,5
u_1c96aef7,dong-ho-thong-minh-kieslect-k11-pro,5
u_4d6998f2,dong-ho-thong-minh-kieslect-k11-pro,4
u_0f763feb,DH.AM.05,5
u_8d930fec,DH.AM.05,5
u_6cf76894,DH.AM.05,4
u_ed6137ca,DH.AM.05,5
u_973337e3,DH.AM.05,5
u_037da580,dong-ho-thong-minh-huawei-watch-5-46mm-titanium-tim,4
u_f39157f5,dong-ho-thong-minh-huawei-watch-5-42mm-thep-lung-gom-vang,5
u_3e5451b5,DH.HU.06,5
u_959b1f04,DH.HU.06,5
u_38bde1bd,DH.HU.06,5
u_92ee36b9,DH.HU.06,4
u_f9469ea0,DH.HU.06,5
u_26ca5a52,DH.KL.08,5
u_599917e7,DH.KL.08,5
u_6c1b1417,DH.KL.08,5
u_59d3500d,dong-ho-thong-minh-tre-em-imoo-z1,5
u_c10e3bdf,dong-ho-thong-minh-garmin-epix-pro-2,5
u_01389858,dong-ho-thong-minh-tre-em-mykid-4g-lite,5
u_6314bf86,dong-ho-thong-minh-tre-em-mykid-4g-lite,4
u_9534f88d,dong-ho-thong-minh-tre-em-mykid-4g-lite,5
u_13be6862,dong-ho-thong-minh-tre-em-mykid-4g-lite,4
u_48045cfc,dong-ho-thong-minh-huawei-watch-fit-3,5
u_212156cc,dong-ho-thong-minh-huawei-watch-fit-3,4
u_74ce9402,dong-ho-thong-minh-huawei-watch-fit-3,5
u_d4dacef2,dong-ho-thong-minh-huawei-watch-fit-3,5
u_6e592205,dong-ho-thong-minh-huawei-watch-fit-3,4
u_7f155069,apple-watch-series-10-42mm,5
u_c2ec8e07,apple-watch-series-10-42mm,4
u_2e55150c,apple-watch-series-10-42mm,5
u_bb188277,dong-ho-thong-minh-mibro-gs-pro,5
u_73d3cb79,dong-ho-thong-minh-huawei-watch-gt-6-day-da,5
u_b6e75a11,dong-ho-thong-minh-huawei-watch-gt-5-pro,5
u_18e645ce,dong-ho-thong-minh-huawei-watch-gt-5-pro,5
u_2d8114d0,dong-ho-thong-minh-huawei-watch-gt-5-pro,5
u_ce7ff6f3,dong-ho-thong-minh-huawei-watch-gt-5-pro,5
u_7a5e9cc9,dong-ho-thong-minh-huawei-watch-gt-5-day-da,5
u_4cdc89cf,dong-ho-thong-minh-huawei-watch-gt-5-day-da,5
u_8dbbdd9a,dong-ho-thong-minh-huawei-watch-gt-5-day-da,5
u_0171387c,dong-ho-thong-minh-huawei-watch-fit-4-pro-day-nylon,5
u_6aec3476,dong-ho-thong-minh-huawei-watch-fit-4-pro-day-nylon,5
u_e3f8e606,dong-ho-thong-minh-huawei-watch-fit-4-pro-day-nylon,5
u_b746696a,dong-ho-thong-minh-huawei-watch-gt-5,5
u_77200d81,dong-ho-thong-minh-huawei-watch-gt-5,5
u_95b0d692,dong-ho-thong-minh-huawei-watch-gt-5,5
u_130f5acb,dong-ho-thong-minh-huawei-watch-gt-5,5
u_77af4e7d,dong-ho-thong-minh-huawei-watch-d2,5
u_ce3f9140,dong-ho-thong-minh-huawei-watch-d2,5
u_70188bc1,dong-ho-thong-minh-huawei-watch-d2,5
u_021fc1b7,dong-ho-thong-minh-huawei-watch-d2,5
u_f22a7a59,dong-ho-thong-minh-tre-em-mykid-4g-lite-v2,5
u_1556a8a2,dong-ho-thong-minh-tre-em-mykid-4g-lite-v2,5
u_a93decab,dong-ho-thong-minh-tre-em-mykid-4g-lite-v2,5
u_017b81f2,dong-ho-thong-minh-soundpeats-watch-pro-2,5
u_5f30c89e,dong-ho-samsung-galaxy-fit-3,5
u_f64bbe58,dong-ho-samsung-galaxy-fit-3,4
u_bffb33e4,dong-ho-samsung-galaxy-fit-3,5
u_196273a6,dong-ho-samsung-galaxy-fit-3,5
u_6bb64afe,dong-ho-thong-minh-coros-pace-3-day-nylon,5
u_d37c065a,dong-ho-thong-minh-tre-em-k84,5
u_95222c27,dong-ho-thong-minh-tre-em-k84,4
u_353557a5,dong-ho-thong-minh-tre-em-k84,5
u_b92f9369,dong-ho-thong-minh-tre-em-k84,5
u_d0e06bbb,dong-ho-thong-minh-tre-em-k84,5
u_f5fa10fa,dong-ho-thong-minh-amazfit-bip-max,5
u_4fa01dff,dong-ho-thong-minh-amazfit-t-rex-3,5
u_17381a20,dong-ho-thong-minh-amazfit-t-rex-3,5
u_8fdef355,dong-ho-thong-minh-coros-pace-3,5
u_5f162846,dong-ho-thong-minh-coros-pace-3,5
u_6d8058b4,dong-ho-thong-minh-coros-pace-3,5
u_0581231e,DH.HU.07,5
u_8dea0b66,DH.HU.07,5
u_9aafd162,DH.HU.07,5
u_7be51ade,dong-ho-dinh-vi-tre-em-wonlex-kt33,5
u_0cc0c0e3,dong-ho-thong-minh-huawei-watch-gt-5-day-vai,5
u_44eb1fdc,dong-ho-thong-minh-huawei-watch-gt-5-day-vai,5
u_9acbbf89,dong-ho-thong-minh-garmin-forerunner-165,5
u_691d289f,dong-ho-thong-minh-garmin-forerunner-165,5
u_8782b96d,dong-ho-thong-minh-garmin-forerunner-165,5
u_df40b2d8,dong-ho-thong-minh-garmin-forerunner-165,5
u_88596eda,dong-ho-thong-minh-garmin-forerunner-165,4
u_af221cb3,apple-watch-se-3-40mm,5
u_824e7fbc,apple-watch-se-3-40mm,5
u_550aefd3,vong-deo-tay-thong-minh-xiaomi-mi-band-9-active,5
u_ede80bd1,vong-deo-tay-thong-minh-xiaomi-mi-band-9-active,5
u_e8875670,vong-deo-tay-thong-minh-xiaomi-mi-band-9-active,5
u_24fe57b6,vong-deo-tay-thong-minh-xiaomi-mi-band-9-active,5
u_d069c45f,vong-deo-tay-thong-minh-xiaomi-mi-band-9-active,5
u_e50bf739,dong-ho-dinh-vi-tre-em-myalo-k64,5
u_a44b1476,dong-ho-thong-minh-huawei-watch-gt-6-pro,5
u_f7fbea6b,dong-ho-thong-minh-huawei-watch-gt-6-pro,5
u_66477224,dong-ho-thong-minh-huawei-watch-gt-6-pro,5
u_58963c29,dong-ho-thong-minh-huawei-watch-gt-6-pro,5
u_bb23e627,dong-ho-thong-minh-huawei-watch-gt-6-pro,5
u_3020337d,dong-ho-thong-minh-xiaomi-redmi-watch-5-lite,5
u_b64523dc,dong-ho-thong-minh-xiaomi-redmi-watch-5-lite,5
u_3dc1c3f8,dong-ho-thong-minh-xiaomi-redmi-watch-5-lite,5
u_3716c4e2,dong-ho-thong-minh-amazfit-active-2,5
u_f911ae90,dong-ho-thong-minh-amazfit-active-3-premium,5
u_738511ef,samsung-galaxy-watch-active-sm-r500,5
u_ec5dbe27,PKDH.003,4
u_ab1d59b3,vong-deo-tay-thong-minh-xiaomi-mi-band-5,5
u_f6fd834c,vong-deo-tay-thong-minh-xiaomi-mi-band-5,5
u_d7d56e3c,vong-deo-tay-thong-minh-xiaomi-mi-band-5,5
u_96fd2249,vong-deo-tay-thong-minh-xiaomi-mi-band-5,5
u_978b6979,vong-deo-tay-thong-minh-xiaomi-mi-band-5,5
u_82a903b9,PKDH.036,5
u_bb8af33f,PKDH.036,4
u_0608346c,DH.X01,5
u_918d58df,DH.X01,5
u_c42193ee,DH.X01,5
u_a1f7cc63,DH.X01,5
u_72d0112b,DH.X01,5
u_223ce61a,dong-ho-thong-minh-garmin-instinct-2,5
u_841b0150,PKDH.006,5
u_7ab451bb,PKDH.006,5
u_9ee414bf,PKDH.006,5
u_0f4c1d52,dong-ho-thong-minh-huami-amazfit-gts-2-mini,3
u_bd612a8c,PKDH.052,4
u_c4bd60dd,PKDH.052,5
u_5a38f24c,dong-ho-samsung-galaxy-fit-2,5
u_720ecda9,dong-ho-samsung-galaxy-fit-2,5
u_7e524593,dong-ho-samsung-galaxy-fit-2,5
u_e08fd845,dong-ho-samsung-galaxy-fit-2,5
u_5ebf5419,PKDH.078,5
u_20b7cce1,PKDH.085,5
u_026a0ae6,PKDH.085,5
u_88ef7612,MB.251.B,5
u_ab1d59b3,MB.251.B,5
u_df4b4279,MB.199,5
u_3bd33839,MB.255,4
u_31c43025,MB.255,5
u_2d4fa8c9,MB.255,4
u_18476065,MB.255,5
u_4ea5c376,dong-ho-thong-minh-xiaomi-amazfit-gtr-47mm-thep,5
u_5ebf5419,dong-ho-thong-minh-realme-watch,5
u_ff984e30,vong-deo-tay-thong-minh-xiaomi-mi-band-6,5
u_ab1d59b3,vong-deo-tay-thong-minh-xiaomi-mi-band-6,5
u_9682e49d,vong-deo-tay-thong-minh-xiaomi-mi-band-6,5
u_7e49f5ea,vong-deo-tay-thong-minh-xiaomi-mi-band-6,4
u_d4940d24,vong-deo-tay-thong-minh-xiaomi-mi-band-6,5
u_fc85c271,dong-ho-thong-minh-realme-band-2,4
u_d10d81a2,DH.GM09,5
u_83929aaf,DH.GM09,5
u_3171a3b1,DH.GM09,5
u_87dd3f26,DH.GM09,5
u_52309f32,dong-ho-thong-minh-kospet-tank-m3-ultra,5
u_b92f9369,dong-ho-thong-minh-kospet-tank-m3-ultra,4
u_09c450c0,dong-ho-thong-minh-kospet-tank-m3-ultra,5
u_58ac8610,dong-ho-thong-minh-kospet-tank-m3-ultra,5
u_47c0baeb,dong-ho-thong-minh-kieslect-ks,5
u_e7851eeb,dong-ho-thong-minh-kieslect-ks,5
u_abc8505b,dong-ho-thong-minh-kieslect-ks,5
u_c97d179b,dong-ho-thong-minh-kieslect-ks,5
u_33abf8c9,dong-ho-thong-minh-amazfit-gts-4,4
u_b08a2a0a,samsung-galaxy-watch-5-44mm,5
u_9306ab3c,samsung-galaxy-watch-5-44mm,5
u_3cd99356,samsung-galaxy-watch-5-44mm,5
u_e9b8e721,vong-deo-tay-thong-minh-xiaomi-mi-band-7,4
u_a7a7e308,vong-deo-tay-thong-minh-xiaomi-mi-band-7,5
u_a5e6a088,vong-deo-tay-thong-minh-xiaomi-mi-band-7,5
u_66fa5e10,vong-deo-tay-thong-minh-xiaomi-mi-band-7,5
u_8669ecf1,samsung-galaxy-watch-5-pro,5
u_b62a6b5a,samsung-galaxy-watch-5-pro,5
u_a1256fae,samsung-galaxy-watch-5-pro,5
u_801b3030,dong-ho-thong-minh-riversong-glow-sw906,5
u_1410579e,DH.X.33,5
u_9d53ef5e,DH.X.33,5
u_a93fc76e,DH.X.33,4
u_9adcb303,dong-ho-thong-minh-kieslect-kr-2,5
u_a141b720,dong-ho-thong-minh-soundpeats-watch-4,5
u_aef10527,dong-ho-thong-minh-soundpeats-watch-4,5
u_5b48721b,dong-ho-thong-minh-soundpeats-watch-4,5
u_ee90bcc7,dong-ho-thong-minh-soundpeats-watch-4,5
u_23fa8ec0,day-deo-apple-watch-vai-n126-38-40-41mm,5
u_3e9e25e9,day-deo-apple-watch-uniq-revix-reversible-magnetic-38-40-41mm,5
u_01be46c1,samsung-galaxy-watch-6-classic,4
u_7beaf164,samsung-galaxy-watch-6-44mm,5
u_768fd598,samsung-galaxy-watch-6-44mm,4
u_aabe513c,samsung-galaxy-watch-6-classic-43mm,5
u_eb6ff719,samsung-galaxy-watch-6-classic-43mm,5
u_ad8973c9,dong-ho-thong-minh-xiaomi-watch-2-pro,5
u_8b0adf6d,dong-ho-thong-minh-xiaomi-watch-2-pro,5
u_d53bc189,dong-ho-thong-minh-xiaomi-watch-2-pro,4
u_148eb1df,dong-ho-thong-minh-xiaomi-watch-2-pro,5
u_8e916894,dong-ho-thong-minh-huuawei-watch-3-pro,4
u_7cb61917,dong-ho-thong-minh-huuawei-watch-3-pro,5
u_b041ab50,dong-ho-thong-minh-huuawei-watch-3-pro,4
u_3ee1b0af,dong-ho-thong-minh-huuawei-watch-3-pro,5
u_a3ef5e53,dong-ho-thong-minh-huuawei-watch-3-pro,5
u_ca16626b,dong-ho-thong-minh-huawei-watch-fit-2,5
u_6e3b4a4f,dong-ho-thong-minh-huawei-watch-fit-2,5
u_4de17d1e,dong-ho-thong-minh-huawei-watch-fit-2,5
u_a9660503,dong-ho-thong-minh-huawei-watch-fit-2,5
u_be826aae,dong-ho-thong-minh-huawei-watch-fit-2,5
u_5e543256,dong-ho-thong-minh-huawei-watch-fit-2-day-da,5
u_36ba34d7,dong-ho-thong-minh-huawei-watch-buds,5
u_e686da4c,vong-deo-tay-thong-minh-huawei-band-8,5
u_6be664c0,vong-deo-tay-thong-minh-huawei-band-8,5
u_e059928c,vong-deo-tay-thong-minh-huawei-band-8,5
u_f2dbc641,dong-ho-thong-minh-huawei-watch-gt-4-day-silicone,5
u_5605d5d1,dong-ho-thong-minh-huawei-watch-gt-4-day-silicone,5
u_fef9fd58,dong-ho-thong-minh-huawei-watch-gt-4-day-silicone,5
u_c856be30,dong-ho-thong-minh-huawei-watch-gt-4-day-silicone,5
u_3e980ec0,dong-ho-thong-minh-huawei-watch-fit-3-day-da,5
u_a698566c,dong-ho-thong-minh-huawei-watch-fit-3-day-da,4
u_e1b5befb,dong-ho-thong-minh-huawei-watch-fit-3-day-da,5
u_471ef36a,dong-ho-thong-minh-huawei-watch-fit-3-day-da,5
u_ce564247,PKDH.050,4
u_25523468,PKDH.050,5
u_d36c56c7,PKDH.055,5
u_e5405105,dong-ho-thong-minh-huawei-watch-3,5
u_d90dea02,dong-ho-thong-minh-huawei-watch-3,5
u_3dfc43d3,apple-watch-series-9-41mm-gps-vien-nhom-day-vai,5
u_4d4d6371,apple-watch-ultra-2-2024-49mm-4g-vien-titan-day-cao-su,5
u_eef1573f,apple-watch-se-44mm-4g-vien-nhom-day-cao-su,5
u_78c16b14,apple-watch-se-44mm-4g-vien-nhom-day-cao-su,5
u_c2d6c5ce,apple-watch-se-44mm,5
u_73a14bb4,apple-watch-se-44mm,5
u_da608cfb,apple-watch-series-6-40mm,5
u_37f83e8b,apple-watch-series-6-40mm,5
u_3ddbc5da,apple-watch-series-6-40mm,4
u_0db2e76f,apple-watch-series-6-40mm,4
u_938fb95e,apple-watch-series-6-40mm,5
u_6b4257ba,apple-watch-series-6-44mm,5
u_ad229086,apple-watch-series-7-41mm,5
u_f4fe8d06,apple-watch-series-7-41mm,5
u_b0c92068,apple-watch-series-7-41mm,5
u_396c1486,apple-watch-series-7-41mm,4
u_a2422003,apple-watch-series-7-41mm-4g-vien-thep-day-cao-su,5
u_9364aea3,apple-watch-series-8-41mm,5
u_0e94f419,apple-watch-series-8-41mm,4
u_d38e8ae6,apple-watch-series-8-41mm,5
u_c37010b0,apple-watch-series-8-45mm,5
u_07abbbc8,apple-watch-series-8-45mm,5
u_106aefb7,apple-watch-series-8-45mm,5
u_065dd680,apple-watch-series-8-41mm-4g,5
u_5f5bef9d,apple-watch-ultra-49mm,5
u_2c9bd734,apple-watch-se-2022-44mm,5
u_98da3cba,apple-watch-se-2022-44mm,4
u_29e4d883,apple-watch-ultra-49mm-4g-vien-titan-day-vai-trung,5
u_89d9b7da,apple-watch-series-9-41mm,5
u_76fb0479,apple-watch-series-9-41mm,5
u_cf935769,apple-watch-series-9-41mm,5
u_16c010a6,apple-watch-series-9-41mm,5
u_b06662c1,apple-watch-series-9-45mm-4g-vien-thep-day-thep,5
u_7551ec77,apple-watch-series-9-41mm-4g,5
u_6109905a,apple-watch-series-9-41mm-4g,5
u_aa8de2b0,apple-watch-ultra-2-49mm-4g,5
u_4efd18d9,apple-watch-se-2023-40mm,5
u_f92f4fc9,apple-watch-se-2023-40mm,5
u_25ed191f,apple-watch-se-2023-40mm,5
u_a4c8f494,apple-watch-se-2023-40mm,5
u_68086a1b,apple-watch-se-2023-40mm,5
u_632f8fa4,apple-watch-se-2023-44mm,5
u_d5f88cbd,apple-watch-series-10-46mm,5
u_d1b101f3,apple-watch-series-10-46mm,5
u_ed52d78e,apple-watch-series-10-46mm,5
u_df2b091f,apple-watch-series-10-46mm-4g-size-m-l,5
u_2dfd327a,apple-watch-se-2-2024-40mm-vien-nhom-day-cao-su,5
u_33f3d3a8,apple-watch-se-2-2024-40mm-vien-nhom-day-cao-su,5
u_6088b3e1,apple-watch-se-2-2024-40mm-vien-nhom-day-cao-su,4
u_39132150,apple-watch-se-2-2024-40mm-vien-nhom-day-cao-su,5
u_6985c770,apple-watch-se-2-2024-40mm-vien-nhom-day-cao-su,5
u_6e2fa63b,apple-watch-se-2-2024-44mm-vien-nhom-day-cao-su,5
u_380e0b88,apple-watch-se-2-2024-44mm-vien-nhom-day-cao-su,5
u_9887215d,apple-watch-se-2-2024-44mm-vien-nhom-day-cao-su,4
u_f9779976,apple-watch-se-2-2024-44mm-vien-nhom-day-cao-su,5
u_9d1e1a32,apple-watch-se-2-2024-40mm-4g-vien-nhom-day-cao-su,5
u_81d0f9fe,PKDH.142,5
u_074608e1,PKDH.142,5
u_37884ab9,PKDH.142,4
u_8a9d6dce,PKDH.142,5
u_3c850930,PKDH.142,4
u_3c41762b,PKDH.137,4
u_882bed33,PKDH.105,4
u_d96ab67e,PKDH.114,5
u_1f5e3148,dong-ho-thong-minh-xiaomi-redmi-watch-3-active,4
u_4f02c363,dong-ho-thong-minh-xiaomi-redmi-watch-3-active,5
u_76551dbc,vong-deo-tay-thong-minh-xiaomi-mi-band-9,5
u_d3ce8daf,vong-deo-tay-thong-minh-xiaomi-mi-band-9,5
u_71456f17,vong-deo-tay-thong-minh-xiaomi-mi-band-9,5
u_f63a4e65,vong-deo-tay-thong-minh-xiaomi-mi-band-9,5
u_93a11838,vong-deo-tay-thong-minh-xiaomi-mi-band-9,5
u_69230798,dong-ho-thong-minh-mibro-lite-3-pro,4
u_71f045a4,dong-ho-thong-minh-mibro-lite-3-pro,5
u_5f363f89,dong-ho-thong-minh-mibro-lite-3-pro,5
u_f65c7d7b,vong-deo-tay-thong-minh-xiaomi-mi-band-8,5
u_c4de6db6,vong-deo-tay-thong-minh-xiaomi-mi-band-8,5
u_01dc668a,vong-deo-tay-thong-minh-xiaomi-mi-band-8,5
u_98c37fc6,vong-deo-tay-thong-minh-xiaomi-mi-band-8,4
u_d564253e,vong-deo-tay-thong-minh-xiaomi-mi-band-8,5
u_3479fc3e,dong-ho-thong-minh-xiaomi-mi-watch-2,4
u_1a8b8e54,dong-ho-thong-minh-xiaomi-mi-watch-2,5
u_96dad174,dong-ho-thong-minh-xiaomi-mi-watch-2,5
u_f911ae90,dong-ho-thong-minh-xiaomi-mi-watch-2,5
u_ef3b4e4f,vong-deo-tay-thong-minh-huawei-band-9,5
u_b133df1a,vong-deo-tay-thong-minh-huawei-band-9,5
u_69b1617a,vong-deo-tay-thong-minh-huawei-band-9,5
u_c399a470,vong-deo-tay-thong-minh-huawei-band-9,5
u_f911ae90,vong-deo-tay-thong-minh-huawei-band-9,5
u_2f0548bd,samsung-galaxy-watch-7,5
u_6b4257ba,samsung-galaxy-watch-7,5
u_9149e12f,samsung-galaxy-watch-7,4
u_b5a03675,samsung-galaxy-watch-6,4
u_8735eda1,samsung-galaxy-watch-6,5
u_8523e35a,samsung-galaxy-watch-6,5
u_9a4284f1,dong-ho-thong-minh-garmin-venu-sq-2,5
u_2e6925a7,dong-ho-thong-minh-coros-apex-2,4
u_c174a0d3,dong-ho-thong-minh-garmin-forerunner-965,4
u_eb2f45b3,dong-ho-thong-minh-garmin-forerunner-965,5
u_0d6fe70c,day-deo-apple-watch-38-40-41mm-vai-n44,5
u_73d7b687,dong-ho-thong-minh-huawei-watch-ultimate-2024-day-titanium,5
u_eb2f45b3,dong-ho-thong-minh-huawei-watch-ultimate-2024-day-titanium,5
u_e7cd9622,dong-ho-thong-minh-garmin-fenix-8-51mm,5
u_9a676ac3,apple-watch-series-10-42mm-4g,5
u_c37ba4e4,apple-watch-series-10-42mm-4g,5
u_f2d567ee,day-deo-apple-watch-42-44-45-49mm-spigen-modern,5
u_32dd069d,apple-watch-series-10-46mm-4g-vien-titan-day-cao-su-size-m-l,5
u_46ca1f1d,apple-watch-ultra-3-49mm-5g,5
u_afc0a60a,dong-ho-thong-minh-amazfit-balance,5
u_6e6f7f20,dong-ho-thong-minh-amazfit-balance,4
u_ef958441,dong-ho-thong-minh-amazfit-balance,4
u_4dc38361,samsung-galaxy-watch-7-40mm-lte,5
u_abe2bc19,dong-ho-thong-minh-xiaomi-watch-s4,5
u_cf148698,dong-ho-thong-minh-xiaomi-watch-s4,5
u_6ca80604,dong-ho-thong-minh-xiaomi-watch-s4,5
u_9ad6eec1,DH.KL.07,5
u_c7ca1849,DH.KL.07,5
u_4abcac5d,DH.KL.07,5
u_4d170b78,dong-ho-dinh-vi-tre-em-elfdigi-dino-1,5
u_96d15ea5,dong-ho-dinh-vi-tre-em-elfdigi-dino-1,5
u_a4bf4c00,dong-ho-dinh-vi-tre-em-elfdigi-dino-1,5
u_51a47128,dong-ho-dinh-vi-tre-em-elfdigi-dino-1,5
u_7a3adbe3,dong-ho-dinh-vi-tre-em-elfdigi-dino-1,5
u_ee3a211d,dong-ho-thong-minh-huawei-watch-gt-6-pro-day-vai,5
u_ea5c7322,dong-ho-thong-minh-black-shark-gs3,5
u_f911ae90,dong-ho-thong-minh-black-shark-gs3,5
u_eef592f5,vong-deo-tay-thong-minh-xiaomi-mi-band-9-pro,5
u_19987081,vong-deo-tay-thong-minh-xiaomi-mi-band-9-pro,5
u_ba648812,vong-deo-tay-thong-minh-xiaomi-mi-band-9-pro,5
u_30e37b91,vong-deo-tay-thong-minh-xiaomi-mi-band-9-pro,5
u_5c799d30,vong-deo-tay-thong-minh-xiaomi-mi-band-9-pro,5
u_73b50db5,dong-ho-thong-minh-black-shark-gt3,5
u_e6a66de0,dong-ho-thong-minh-black-shark-gt3,5
u_411df2cb,dong-ho-thong-minh-black-shark-gt3,5
u_9cefdcc7,dong-ho-thong-minh-black-shark-gt3,5
u_81e0c274,dong-ho-thong-minh-black-shark-gt3,5
u_2e7ebfec,vong-deo-tay-thong-minh-huawei-band-10-khung-kim-loai,5
u_3ad02f72,vong-deo-tay-thong-minh-huawei-band-10-khung-kim-loai,5
u_cfd1c487,dong-ho-thong-minh-kieslect-ks-3,5
u_fe056919,dong-ho-thong-minh-itel-isw-o11,5
u_d1409af8,dong-ho-thong-minh-huawei-watch-fit-4,5
u_c7f9123f,dong-ho-thong-minh-huawei-watch-fit-4,5
u_75ee2812,dong-ho-thong-minh-huawei-watch-fit-4,5
u_bbe29cbe,dong-ho-thong-minh-huawei-watch-fit-4,5
u_5f4cc544,dong-ho-thong-minh-huawei-watch-fit-4,5
u_02c6d8d4,dong-ho-thong-minh-amazfit-bip-6,5
u_3e556e05,dong-ho-thong-minh-tre-em-goly-k16,4
u_3c4d7b2c,dong-ho-thong-minh-huawei-watch-gt-6,5
u_74cf518c,dong-ho-thong-minh-huawei-watch-gt-6,5
u_bb23e627,dong-ho-thong-minh-huawei-watch-gt-6,5
u_58963c29,dong-ho-thong-minh-huawei-watch-gt-6,5
u_a7c873b6,vong-deo-tay-thong-minh-huawei-band-10,5
u_5a713384,apple-watch-se-3-40mm-5g-size-m-l,5
u_d7d56e3c,PKDH.104,4
u_011de796,PKDH.104,5
u_b610a9d6,PKDH.104,4
u_92bc2485,PKDH.104,5
u_88cf37af,dong-ho-thong-minh-garmin-forerunner-265,4
u_dbc64649,dong-ho-dinh-vi-tre-em-wonlex-kt34,5
u_493fa176,dong-ho-thong-minh-xiaomi-redmi-watch-5-active,5
u_a10b69e6,dong-ho-thong-minh-xiaomi-redmi-watch-5-active,5
u_8d6fca59,dong-ho-thong-minh-xiaomi-redmi-watch-5-active,5
u_fca9870d,dong-ho-thong-minh-xiaomi-redmi-watch-5-active,5
u_daec33a6,vong-deo-tay-thong-minh-xiaomi-mi-band-10,5
u_c1d837be,vong-deo-tay-thong-minh-xiaomi-mi-band-10-gom-trang,5
u_9b3b01e7,vong-deo-tay-thong-minh-xiaomi-mi-band-10-gom-trang,5
u_19b33833,tai-nghe-jbl-live-free-2,5
u_5f472df8,NA.220,4
u_cc1c2f45,NB.151.B,3
u_ded744b0,NB.234.B,4
u_bf142320,NB.234.B,3
u_e8f48896,NB.234.B,5
u_79dde424,NB.314,5
u_802c7fd7,JC.390.W,5
u_9d19b540,NA.262.B,5
u_c74617a6,NA.262.B,3
u_4ea5c376,NA.262.B,4
u_998f3045,NB.163,5
u_a880f6ed,NB.163,5
u_0bc7217e,NB.163,4
u_e5935fe2,NB.163,3
u_d81f8cbe,NB.163,5
u_5b5a5aec,NA.222,3
u_f9e9f447,NA.222,5
u_80031714,NA.222,5
u_be9c23c3,NA.222,4
u_f0e87f36,TN.SS.01,5
u_0932648b,TN.SS.01,5
u_a81db22a,TN.SS.01,5
u_8ed0bf66,TN.SS.01,4
u_504c75ec,TN.SS.01,5
u_cc9ba140,NB.255,5
u_ff5dc859,NB.255,5
u_a3ebe319,LB.170,5
u_4d9b1676,NA.227,5
u_83a6981a,NA.227,5
u_4615f197,NA.235,5
u_f9cda277,NA.235,5
u_c9487f9c,NA.235,5
u_21d643ef,NA.235,5
u_1bfde39a,NA.235,4
u_add5d71a,NA.238,5
u_098f6bcd,NB.276,5
u_28a2d687,NB.282,5
u_d84d52b3,NB.282,5
u_5774ef0b,NB.282,5
u_3af6df1f,NB.282,4
u_1757a42d,tai-nghe-khong-day-devia-smart-series-sport,5
u_025de4a3,tai-nghe-kz-zs3,5
u_4d2a2c72,tai-nghe-kz-zs3,5
u_7b34a24a,tai-nghe-kz-zs3,4
u_026a0ae6,NB.408,5
u_1e25b4fc,NA.354,4
u_18b30555,NA.354,5
u_22153f41,JC.408,5
u_682743b1,NB.445,5
u_05dab0f8,NA.263,4
u_d3157e4d,NA.263,3
u_a40ab746,NA.312,5
u_567d374d,NA.312,4
u_046ad397,NA.312,5
u_a819f52c,NA.312,5
u_de169999,NA.312,4
u_3b3f08b6,LA.125,4
u_f9c3aa3c,LB.159,5
u_61e098f8,10.60.123.231.0036,5
u_7da8c8bf,10.60.123.231.0036,4
u_82af8892,10.60.123.231.0036,5
u_d9092b76,10.60.123.231.0036,5
u_4820c797,LB.271,5
u_e517498d,T.X.06,5
u_65fe7f8b,T.X.06,4
u_1963b2de,T.X.06,5
u_10c212de,loa-bluetooth-vivan-vs1,5
u_fd40a701,loa-bluetooth-vivan-vs1,5
u_5f5ca0b3,loa-bluetooth-vivan-vs1,5
u_5ca35f92,loa-bluetooth-vivan-vs1,4
u_5ab2f3cc,loa-bluetooth-robot-rb580,5
u_b5bec7cc,loa-bluetooth-robot-rb580,5
u_ac08b771,loa-bluetooth-robot-rb580,5
u_a3ebe319,loa-bluetooth-robot-rb580,5
u_1c27e583,loa-bluetooth-robot-rb580,5
u_0f5cce20,L.SS.12,5
u_59fdcd10,L.JBL.07,5
u_be0b42e7,L.JBL.07,5
u_32514a1b,L.JBL.07,4
u_59e556fe,L.JBL.07,5
u_5cb0a30f,L.JBL.07,5
u_c0bdb0ce,L.JBL.24,5
u_d4ccc595,L.JBL.24,5
u_77ba4392,L.JBL.24,5
u_6cc5d67b,L.JBL.24,5
u_0741a7ab,T.VV.02,5
u_e61572fe,T.BS.16,5
u_3dd6b582,T.BS.16,5
u_ab979068,T.BS.16,5
u_352b5c08,tai-nghe-khong-day-soundpeats-capsule-3-pro-transparent,5
u_127abedd,tai-nghe-khong-day-soundpeats-capsule-3-pro-transparent,5
u_3c41762b,tai-nghe-khong-day-soundpeats-capsule-3-pro-transparent,5
u_af19a71b,tai-nghe-khong-day-soundpeats-capsule-3-pro-transparent,5
u_51ba5c43,tai-nghe-khong-day-soundpeats-capsule-3-pro-transparent,5
u_d75b3aa8,loa-soundbar-lg-s70ty-400w,5
u_ba051818,loa-soundbar-lg-s70ty-400w,5
u_160e8d67,tai-nghe-bluetooth-edifier-comfo-run,5
u_2d9a198e,tai-nghe-bluetooth-edifier-comfo-run,5
u_ba648812,T.ED.12,5
u_0a761678,T.ED.12,5
u_7e8a01f0,T.ED.12,4
u_3ff3ef53,T.ED.12,5
u_3ff94df8,T.ED.12,5
u_0dd9500d,tai-nghe-gaming-dareu-eh722xmm,5
u_cdacb186,tai-nghe-co-day-baseus-enock-cz18,5
u_fe412957,tai-nghe-bluetooth-black-shark-t9,5
u_34fcb150,tai-nghe-gaming-khong-day-hyperx-cloud-3,5
u_ff0d48aa,tai-nghe-khong-day-soundpeats-gofree-2-plus,5
u_c55e019c,tai-nghe-khong-day-soundpeats-gofree-2-plus,5
u_63478f54,tai-nghe-bluetooth-riversong-airfly-t2,5
u_d91a54db,tai-nghe-bluetooth-riversong-airfly-t2,4
u_8bd4ea77,tai-nghe-bluetooth-riversong-airfly-t2,5
u_aeb43215,tai-nghe-bluetooth-robot-t10s,4
u_06c28565,tai-nghe-bluetooth-robot-t10s,5
u_5f06c458,tai-nghe-bluetooth-robot-t10s,5
u_74ce73fe,T.BS.20,4
u_3d5b5301,T.BS.20,5
u_50d6d037,T.BS.20,5
u_23f88ac1,T.BS.20,5
u_51a42f28,samsung-galaxy-buds-fe,5
u_ae67b4eb,samsung-galaxy-buds-fe,5
u_bdf7c125,samsung-galaxy-buds-fe,5
u_f8eae92c,samsung-galaxy-buds-fe,5
u_4d870321,samsung-galaxy-buds-fe,5
u_411df2cb,tai-nghe-khong-day-baseus-eli-sport-1-open-ear,5
u_08bd925e,tai-nghe-khong-day-baseus-eli-sport-1-open-ear,5
u_8c16f28d,tai-nghe-khong-day-baseus-eli-sport-1-open-ear,5
u_02c1120a,tai-nghe-khong-day-baseus-eli-sport-1-open-ear,5
u_57b6362d,tai-nghe-khong-day-xiaomi-buds-5,5
u_c0f5a067,micro-khong-day-acnos-mi30u-pro,5
u_9979beb0,NB.302,5
u_f38f494d,NB.302,5
u_90c86204,NB.302,5
u_2f6a1f7f,T.DV.01,4
u_2347e561,T.DV.01,5
u_68c1a806,T.DV.01,5
u_31854551,loa-bluetooth-jbl-flip-essential-2,5
u_5fbecfca,loa-bluetooth-jbl-flip-essential-2,5
u_35258f2c,loa-bluetooth-jbl-flip-essential-2,5
u_bf1a3031,L.DV.03,4
u_bdb9a04b,NB.355,5
u_4a0299f9,NB.355,5
u_8f0fc5cd,NB.355,3
u_07e92559,NB.355,5
u_8e047c16,NB.355,4
u_6b1378f1,T.X.05,5
u_a2751fd7,T.X.05,4
u_6e0c130c,T.X.05,5
u_ec9f14f2,T.X.05,5
u_019c335f,T.X.05,5
u_eb8521a9,tai-nghe-khong-day-jbl-tune-230tws,4
u_9518c4c4,tai-nghe-khong-day-jbl-tune-230tws,5
u_d298946d,tai-nghe-khong-day-jbl-tune-230tws,5
u_5bd11b62,tai-nghe-khong-day-jbl-tune-230tws,5
u_e3af6361,tai-nghe-khong-day-jbl-tune-230tws,5
u_858735b3,NB.215,5
u_ea19d0e1,LB.182,5
u_8082e8b3,LB.179,5
u_b0f87535,LB.179,5
u_b543a143,LB.179,5
u_6dffa044,LB.179,5
u_585f98ed,LB.179,5
u_ce79822c,NB.312,5
u_5e7f9307,NB.312,5
u_a5638e2f,NB.281,5
u_0f9fc401,NB.281,5
u_ea052cac,NB.281,5
u_87270130,NB.281,5
u_b9ca05ee,NB.281,5
u_fe988b1f,NA.313,5
u_1ece05a7,NA.313,5
u_44bafd2c,NA.313,5
u_9d3a6878,NA.313,4
u_4dae7df7,NA.313,5
u_ab1d59b3,LA.126,5
u_0d301402,LA.126,5
u_ac6732c9,LA.126,5
u_486a694e,LA.126,5
u_f3e6afe0,LA.126,5
u_169b98c0,NB.357,5
u_b94d01bd,NB.357,5
u_73a14bb4,NB.357,4
u_38b3a00d,NB.357,5
u_96885513,NB.357,4
u_c6626244,NB.439,5
u_9b08e544,NB.427,4
u_5e543256,NB.427,4
u_a62a2ebb,NB.427,5
u_658b3aaf,NB.427,5
u_04884ee9,LB.096,5
u_904ba339,LB.096,4
u_baf92137,LB.096,4
u_6bef4347,LB.096,4
u_e8deaf90,LB.171,5
u_e8c839d9,LB.171,5
u_a5e62263,LB.171,5
u_862924cc,LB.171,5
u_d5e8b482,LB.171,5
u_3baf109d,LA.097,5
u_972bd15d,LA.097,5
u_e24955f2,LA.097,5
u_ae8efbe0,LA.097,5
u_6cc8a397,LA.097,5
u_bf436bd5,LB.187,5
u_55c50be7,LB.187,4
u_d466cfce,LB.187,4
u_3ff3ef53,LB.187,4
u_62286dae,tai-nghe-chup-tai-sennheiser-hd-350bt,5
u_612213d2,tai-nghe-chup-tai-sennheiser-hd-350bt,5
u_9bb6cfe1,tai-nghe-chup-tai-sennheiser-hd-350bt,5
u_f69ebf68,TN.SOU.04,5
u_bd74c71d,TN.SOU.04,5
u_605d5cc5,microphone-thu-am-co-day-devia-smart-type-c,5
u_f68ab610,tai-nghe-bluetooth-baseus-wm01,5
u_fd4ba069,tai-nghe-bluetooth-baseus-wm01,5
u_a3804e37,tai-nghe-bluetooth-baseus-wm01,5
u_10a21610,tai-nghe-bluetooth-baseus-wm01,5
u_ffd7b77f,T.RB.05,5
u_a8121a2b,T.RB.05,5
u_a39292e4,T.RB.05,5
u_a219b3e0,T.RB.05,4
u_ae67b4eb,T.SO.01,4
u_4ea5c376,T.SO.01,5
u_706d929c,T.SO.01,5
u_d7f940b5,T.SO.01,5
u_6e1641ad,T.SO.01,5
u_4a23ab9f,T.X.08,5
u_a8a31c67,T.X.08,5
u_bd3ee687,T.X.08,5
u_d3e519a4,T.X.08,5
u_f92481c5,T.X.08,5
u_f6d78791,T.SO.02,5
u_546ca176,T.SO.02,5
u_b8d085aa,T.SO.02,4
u_2f726e5b,T.SO.02,5
u_54640634,tai-nghe-soundpeats-air-3-deluxe-hs,5
u_b22c2c97,tai-nghe-soundpeats-air-3-deluxe-hs,5
u_0c94144e,tai-nghe-soundpeats-air-3-deluxe-hs,3
u_7d6d9863,tai-nghe-bluetooth-devia-smart-series-silicone-neckband,5
u_ab1d59b3,tai-nghe-bluetooth-edifier-neobuds-pro,5
u_a5adbd25,LB.287,5
u_e2f40317,LB.287,3
u_d028a92e,LB.287,4
u_b6006dec,LB.287,5
u_5f5863c1,tai-nghe-khong-day-xiaomi-redmi-buds-4,4
u_5e543256,tai-nghe-khong-day-xiaomi-redmi-buds-4,5
u_318c5d6d,tai-nghe-khong-day-xiaomi-redmi-buds-4,5
u_ed763b33,tai-nghe-khong-day-xiaomi-redmi-buds-4,5
u_73e925b0,tai-nghe-khong-day-xiaomi-redmi-buds-4-pro,5
u_da4602a1,tai-nghe-khong-day-xiaomi-redmi-buds-4-pro,5
u_559f0758,tai-nghe-khong-day-xiaomi-redmi-buds-4-pro,5
u_333e53d7,tai-nghe-khong-day-xiaomi-redmi-buds-4-pro,4
u_fff52d7c,tai-nghe-khong-day-xiaomi-redmi-buds-4-pro,3
u_01bded8c,tai-nghe-bluetooth-devia-kintone-joy-a13,5
u_411df2cb,tai-nghe-bluetooth-devia-kintone-joy-a13,4
u_ab0ceea9,tai-nghe-bluetooth-devia-kintone-joy-a13,5
u_e4807daf,tai-nghe-bluetooth-devia-kintone-joy-a13,5
u_f3a0de71,TN.SOU.03,5
u_5e543256,TN.SOU.03,5
u_e07797e4,TN.SOU.03,5
u_93333171,TN.SOU.03,4
u_f943d3cc,TN.SOU.03,5
u_ac7bf8e7,LA.255,5
u_4f1ff6b0,tai-nghe-khong-day-realme-buds-air-2,4
u_90714a13,LB.257,5
u_2b518224,TN.BT.12,5
u_c6f26595,TN.BT.12,5
u_00af4358,TN.BT.12,5
u_50b33882,TN.BT.12,5
u_7d651814,LB.188,5
u_bcb126d9,LB.188,5
u_5b718833,LB.188,5
u_afd0940c,T.SN.11,4
u_a3d891af,T.SN.11,4
u_56ef12da,tai-nghe-nhet-tai-samsung-ia500,5
u_9fd0508c,tai-nghe-nhet-tai-samsung-ia500,5
u_afd4d100,tai-nghe-nhet-tai-samsung-ia500,5
u_2d42726c,tai-nghe-nhet-tai-samsung-ia500,5
u_8394f034,tai-nghe-nhet-tai-samsung-ia500,5
u_6ad7339c,tai-nghe-khong-day-oppo-enco-air-2,5
u_f2a27948,tai-nghe-khong-day-oppo-enco-air-2,5
u_f6d24ac1,tai-nghe-khong-day-oppo-enco-air-2,5
u_3ee6f0d4,tai-nghe-khong-day-oppo-enco-air-2,5
u_42247d96,NA.332,5
u_10988175,NA.332,5
u_2fb1a08f,NA.352,5
u_2b271584,NA.352,5
u_aabb7e9b,NA.352,4
u_3a1f0b67,NB.432,5
u_d7d56e3c,NB.432,5
u_53aecc3b,NB.432,5
u_6ac1111c,NA.371,5
u_c2d8730c,NA.376,5
u_65a02f9f,tai-nghe-kz-zst,5
u_200b1943,tai-nghe-kz-zst,5
u_b8c3da65,TN.BT.002,5
u_8d167b3a,TN.BT.002,5
u_a006a5a5,loa-bluetooth-pulse-5,5
u_c5551633,loa-bluetooth-pulse-5,5
u_63d87d1a,loa-bluetooth-pulse-5,5
u_fd724b42,loa-bluetooth-pulse-5,5
u_eb0746bd,L.JBL.13.B,5
u_ac4eced2,L.JBL.13.B,5
u_faf002ad,L.JBL.13.B,5
u_40960c51,L.JBL.13.B,5
u_c22c9c48,L.JBL.13.B,5
u_93b1c2d9,T.RB.07,5
u_3fd17122,T.RB.07,5
u_e7718947,T.RB.07,5
u_ca917f57,T.RB.07,5
u_9d1a6cad,tai-nghe-khong-day-soundpeats-gofree-2,4
u_e24bd362,tai-nghe-khong-day-soundpeats-gofree-2,4
u_5d6e3902,tai-nghe-khong-day-soundpeats-gofree-2,5
u_ebfe9f6f,L.JBL.41,5
u_8669ecf1,L.JBL.41,5
u_def9b27d,loa-acnos-cs450,5
u_28ca9e4d,loa-acnos-cs450,5
u_402f004e,loa-acnos-cs450,5
u_5b0af029,LA.075.All,5
u_ff5dc859,NB.261,5
u_3c41762b,jbl-go-2,5
u_967fb429,jbl-go-2,5
u_5413d554,jbl-go-2,5
u_78f1e239,jbl-go-2,5
u_f69a6a7f,jbl-go-2,5
u_2e489799,NA.243,5
u_4b05725b,NA.243,5
u_f33d52db,NA.243,5
u_75863fc7,NA.243,5
u_741ed193,NA.339,5
u_c2910527,NA.339,4
u_562903bd,NA.339,1
u_a6df277d,NA.339,4
u_047e572d,NA.339,5
u_03993bc8,LB.227,5
u_bfef23d7,LB.227,5
u_a2b48a77,LB.227,5
u_73b0a670,NA.350,4
u_a43968c6,NA.353,4
u_5eca3c66,NA.353,3
u_bab9643c,NA.353,5
u_c0975b23,NA.369,5
u_56a95c0d,NA.369,5
u_48e7e69d,NB.381,5
u_d923437f,NB.381,5
u_0931f909,NB.381,5
u_8427d57a,NB.381,5
u_d5c89170,NB.383,5
u_7a4acf06,NA.337,5
u_614bf057,NA.337,5
u_89ca2668,NA.337,5
u_370c15d3,Tai nghe Không Dây Nokia Power Earbuds,4
u_73b0a670,Tai nghe Không Dây Nokia Power Earbuds,5
u_6ec6041e,Tai nghe Không Dây Nokia Power Earbuds,4
u_28a2d687,NB.344,5
u_a72f2ff7,NB.344,5
u_de44bd13,NB.344,5
u_bf8a3ee9,NB.344,4
u_ff138083,NA.264,5
u_f1948557,NA.264,5
u_9fd0508c,NA.264,5
u_01e187a8,NA.264,4
u_2b963037,NA.264,4
u_ab1d59b3,NB.380,5
u_da6e9f29,NB.380,4
u_5c255b79,LB.192,4
u_43a93dc0,LB.192,5
u_df4b4279,LB.192,5
u_8fb14e77,LA.127,5
u_f1a3fb2d,LA.127,5
u_a0383ef7,LA.127,5
u_73a14bb4,LA.127,4
u_9c789c29,NA.323,5
u_fa75b325,NA.323,5
u_dabf7d6a,NA.323,5
u_8001161f,NA.323,5
u_25828503,NB.368,5
u_fc507b33,NA.267,4
u_6e18f544,NA.267,5
u_ab1d59b3,NA.267,5
u_31b248fe,NB.364,5
u_b2e466b8,NB.364,5
u_ebb64263,NB.364,5
u_b89a4728,NB.364,5
u_c2d6c5ce,LB.245,5
u_7756bf25,tai-nghe-khong-day-xiaomi-redmi-buds-5,5
u_5b3af3ea,tai-nghe-khong-day-xiaomi-redmi-buds-5,5
u_46bb2e9e,tai-nghe-khong-day-xiaomi-redmi-buds-5,5
u_0a61f3c8,tai-nghe-khong-day-xiaomi-redmi-buds-5,5
u_eb71885b,tai-nghe-khong-day-xiaomi-redmi-buds-5,5
u_64f43cee,NA.334,5
u_6b9225c4,NA.334,5
u_5e310f6e,NA.334,5
u_2b7108b7,NA.334,5
u_edd19e8e,NA.334,5
u_77b017d5,TN.HA.02,5
u_0722ace8,TN.HA.02,5
u_b4a21a16,TN.HA.02,5
u_7ef74132,TN.HA.02,5
u_f0ae70ab,tai-nghe-khong-day-havit-tw935,5
u_02f3e7f9,tai-nghe-khong-day-havit-tw935,3
u_96cfc51b,TN.HA.13,4
u_0a0e3325,TN.HA.13,4
u_ffa09657,TN.HA.13,5
u_3d8b2843,TN.HA.13,5
u_7b445d0a,tai-nghe-khong-day-havit-tw969,5
u_63299d76,tai-nghe-khong-day-havit-tw969,5
u_f83db06a,tai-nghe-khong-day-havit-tw969,5
u_fd8fe30a,tai-nghe-khong-day-havit-tw905,5
u_021489f4,tai-nghe-khong-day-havit-tw905,5
u_3078c3c3,tai-nghe-khong-day-havit-tw905,5
u_a75ff9c4,tai-nghe-khong-day-havit-tw905,5
u_473c0914,tai-nghe-co-day-havit-h2015e,5
u_58a99af3,tai-nghe-co-day-havit-h2030e,5
u_227011ae,tai-nghe-khong-day-havit-havit-tw908,5
u_551f1b8d,tai-nghe-khong-day-havit-havit-tw908,5
u_9776805c,tai-nghe-khong-day-havit-havit-tw908,5
u_5d3a6d98,tai-nghe-khong-day-havit-havit-tw908,4
u_0505a6ed,tai-nghe-khong-day-havit-tw970,5
u_cb494745,tai-nghe-khong-day-havit-tw970,5
u_cd7b005c,tai-nghe-khong-day-havit-tw970,5
u_83353fe4,tai-nghe-khong-day-havit-tw970,5
u_ed652faa,tai-nghe-khong-day-havit-tw970,5
u_798f474a,LA.212,5
u_5d55a876,LA.212,5
u_280ea87e,LA.212,4
u_f6551e07,loa-thanh-lg-s60tr-440w,5
u_9c7e00a5,loa-vi-tinh-xiaomi-desktop-speaker,5
u_faf706c8,loa-vi-tinh-xiaomi-desktop-speaker,5
u_49811c14,loa-vi-tinh-xiaomi-desktop-speaker,5
u_9c7af3fa,loa-vi-tinh-xiaomi-desktop-speaker,5
u_d5d06161,tai-nghe-chup-tai-edifier-w800bt-se,5
u_fd9b71e2,tai-nghe-co-day-hyperx-cloud-stinger-2,4
u_c1c4fb10,tai-nghe-co-day-hyperx-cloud-stinger-2,5
u_dbd5686b,tai-nghe-khong-day-realme-buds-t200-lite,5
u_6e18f544,NB.142,4
u_ff5dc859,NA.196.W,5
u_97ea88f9,anker-soundcore,5
u_2f09a46d,jbl-t110bt,5
u_d82eb7b2,jbl-t110bt,4
u_78b2b9da,jbl-t110bt,3
u_1636fb3b,jbl-t110bt,4
u_3e24116f,jbl-clip-3,5
u_ba228c56,SOUL Prime Wireless,3
u_d625016d,sony-mdr-xb550ap,4
u_1bc7f7ac,sony-mdr-xb550ap,4
u_509e6296,sony-mdr-xb550ap,4
u_b723ec00,LB.209,5
u_7ce92d45,NA.326,4
u_7767448a,NA.326,5
u_d7759825,NA.329,5
u_09c2ff90,NA.331,5
u_3972eee5,NA.331,5
u_bd5457e7,NA.331,5
u_5e543256,NA.331,5
u_0c2dc264,NA.331,5
u_3b711ea0,LB.210,5
u_ebd29ad5,LB.210,5
u_333f984e,NB.382,5
u_9edf2e7a,NB.382,5
u_136e61e2,NA.335,4
u_6e18f544,NA.335,5
u_210a85d4,NA.335,5
u_026a0ae6,tai-nghe-gaming-asus-rog-deltra-Gundam-ltd,5
u_58a8f774,NA.345,5
u_ec08f122,NA.345,5
u_54d58e57,NA.345,5
u_df4b4279,NA.345,5
u_c3aafb77,NA.345,5
u_2379fb26,NA.272,4
u_a78d8cb1,L.PO.01,5
u_f986582d,L.AR.01,5
u_744e1804,tai-nghe-bluetooth-aukey-t21p,5
u_5ed68fe4,tai-nghe-khong-day-topk-t30,5
u_c1831e3a,tai-nghe-khong-day-topk-t30,4
u_c2b06b8f,LB.266,5
u_1a6f2e26,tai-nghe-khong-day-anker-soundcore-life-p2i-a3991,5
u_ddf73806,tai-nghe-khong-day-anker-soundcore-life-p2i-a3991,4
u_9b690441,tai-nghe-khong-day-anker-soundcore-life-p2i-a3991,5
u_434f805f,tai-nghe-khong-day-anker-soundcore-life-p2i-a3991,5
u_5f496560,tai-nghe-khong-day-anker-soundcore-life-p2i-a3991,4
u_1ca63e09,loa-bluetooth-robot-rb110,5
u_aea1f148,loa-bluetooth-robot-rb110,5
u_5c54fffc,loa-bluetooth-robot-rb110,5
u_7504e833,jabra-elite-65t,5
u_ff5dc859,jabra-elite-65t,5
u_9c028d49,NA.132,5
u_419334d4,LA.045,5
u_a7d6c764,NB.157,5
u_4ea5c376,LB.115,5
u_118a9c77,LB.115,5
u_509e6296,NB.150,5
u_e17c22dd,NB.150,5
u_78091982,LA.077,5
u_c6488137,LA.077,5
u_8b5d3af9,NA.213,5
u_57a26337,NA.213,4
u_ddb8ff90,NA.213,5
u_c8a5ffb3,NA.213,5
u_d2940deb,NA.215,5
u_ca9fad9f,NA.215,5
u_9d4fb41b,tai-nghe-chup-tai-dareu-eh416,5
u_fdef899b,tai-nghe-chup-tai-dareu-eh416,5
u_509e6296,tai-nghe-chup-tai-dareu-eh416,5
u_12e62cba,tai-nghe-chup-tai-dareu-eh416,5
u_4acf6a7c,tai-nghe-chup-tai-dareu-eh416,4
u_c65fe324,tai-nghe-soul-open-ear-plus,5
u_f1c85279,tai-nghe-soul-open-ear-plus,5
u_ff12f333,tai-nghe-soul-open-ear-plus,5
u_87b75568,tai-nghe-soul-open-ear-plus,4
u_7c65676c,tai-nghe-bluetooth-baseus-bowie-35,5
u_2f9e1792,tai-nghe-bluetooth-oppo-enco-air-4-pro,5
u_2e7e4cf2,tai-nghe-chup-tai-co-day-razer-blackshark-v2-x-3-5mm,5
u_32c200c7,tai-nghe-bluetooth-baseus-bowie-e20s,4
u_b8991197,tai-nghe-bluetooth-baseus-bowie-e20s,5
u_630091c0,tai-nghe-bluetooth-baseus-bowie-e20s,4
u_014c0aaf,NB.429,5
u_a2c9b44f,NB.429,5
u_3171a3b1,L.HV.01,5
u_5fb4bfb8,L.HV.01,5
u_e6ca281b,L.HV.01,5
u_c10e17fc,L.HV.01,5
u_2d215404,L.HV.01,5
u_015afebf,loa-bluetooth-havit-sk832bt,5
u_4bf35872,loa-bluetooth-havit-sk832bt,5
u_a8f42d67,loa-bluetooth-havit-sk832bt,5
u_a02b001a,loa-bluetooth-havit-sk818bt,5
u_62fccf84,loa-bluetooth-havit-sk818bt,5
u_7ccba203,tai-nghe-khong-day-anker-soundcore-a30i,5
u_56ce1775,tai-nghe-khong-day-anker-soundcore-a30i,5
u_db2a8049,tai-nghe-khong-day-anker-soundcore-a30i,4
u_11967d5e,tai-nghe-khong-day-anker-soundcore-a30i,5
u_bb5a1bc8,LA.258,4
u_d745655e,LA.258,4
u_0ac26c6f,tai-nghe-khong-day-soundpeats-air-5-pro-plus,5
u_f65cedf4,tai-nghe-khong-day-soundpeats-air-5-pro-plus,5
u_9841b07b,NB.440,4
u_0ae15dfe,NB.440,5
u_810436a8,NB.440,5
u_fbdeca01,NB.440,5
u_1556a8a2,NB.440,5
u_8f66f051,NB.457,5
u_5f7921a8,NB.457,5
u_16c010a6,NB.457,5
u_a5dd0e90,NB.457,5
u_271b0b5e,loa-bluetooth-robot-rb525,5
u_2792b9bb,loa-karaoke-mini-ruizhi-js0016,5
u_c4221220,loa-karaoke-mini-ruizhi-js0016,5
u_c55e019c,loa-karaoke-mini-ruizhi-js0016,5
u_858735b3,loa-karaoke-mini-ruizhi-js0016,5
u_b0ab7847,loa-karaoke-mini-ruizhi-js0016,5
u_f7b1b85d,L.HF.02,5
u_cd48fcb5,loa-bluetooth-xiaomi-speaker-mini,5
u_2bdd37bb,loa-bluetooth-xiaomi-speaker-mini,5
u_ff9be7f2,tai-nghe-khong-day-xiaomi-openwear-stereo,4
u_6a2dd3fa,tai-nghe-khong-day-xiaomi-openwear-stereo,5
u_c6b2b24e,tai-nghe-khong-day-xiaomi-openwear-stereo,5
u_e5a47c6b,loa-bluetooth-jbl-partybox-stage-320,5
u_043174b2,loa-bluetooth-jbl-partybox-stage-320,5
u_e8d751cd,loa-bluetooth-jbl-partybox-stage-320,5
u_081ddbae,tai-nghe-chup-tai-oneodio-a70,5
u_35514af7,tai-nghe-chup-tai-earfun-wave-pro,5
u_b85a2d99,tai-nghe-chup-tai-earfun-wave-pro,5
u_fc285ba4,tai-nghe-bluetooth-oppo-enco-air-3i,5
u_90708975,tai-nghe-bluetooth-oppo-enco-air-3i,5
u_0e6daefd,tai-nghe-bluetooth-oppo-enco-air-3i,5
u_e8f485d9,tai-nghe-gaming-co-day-hyperx-cloud-3,5
u_53b0cc51,tai-nghe-gaming-co-day-hyperx-cloud-3,5
u_55e0858e,tai-nghe-gaming-co-day-hyperx-cloud-3,5
u_988a4dff,tai-nghe-chup-tai-oneodio-pro-10,5
u_0655de2a,tai-nghe-chup-tai-oneodio-pro-10,4
u_da7523d5,tai-nghe-chup-tai-oneodio-pro-10,5
u_39fa207c,tai-nghe-chup-tai-oneodio-pro-10,5
u_7a7f7efa,tai-nghe-chup-tai-oneodio-pro-10,5
u_80bc42a6,loa-bluetooth-soul-storm-joy,5
u_4ea5c376,loa-bluetooth-soul-storm-joy,5
u_ebcf3ed4,loa-bluetooth-anker-soundcore-pyro-mini-a31a0,5
u_af6ddc75,loa-bluetooth-anker-soundcore-pyro-mini-a31a0,5
u_28f9914c,loa-bluetooth-tronsmart-t7-lite-portable-outdoor,4
u_e3d7ed5f,loa-bluetooth-tronsmart-t7-lite-portable-outdoor,5
u_fea5513c,loa-bluetooth-tronsmart-t7-lite-portable-outdoor,5
u_31813bed,loa-bluetooth-tronsmart-t7-lite-portable-outdoor,5
u_0bf5e8ca,loa-bluetooth-robot-rb510,5
u_1084aa10,loa-bluetooth-robot-rb510,5
u_3162112d,loa-bluetooth-robot-rb510,5
u_b8dfdf10,loa-bluetooth-robot-rb510,4
u_1803cc9e,tai-nghe-bluetooth-oppo-enco-buds-2-pro,4
u_f9a0062f,loa-bluetooth-lg-xboom-go-xg2,5
u_f1948557,loa-bluetooth-lg-xboom-go-xg2,5
u_0134f5ae,loa-bluetooth-lg-xboom-go-xg2,5
u_cbd05f4a,loa-bluetooth-lg-xboom-go-xg2,5
u_7c1bfe2f,loa-bluetooth-lg-xboom-go-xg2,5
u_e3284c93,loa-karaoke-xach-tay-acnos-cs3600,5
u_df4ce781,loa-karaoke-xach-tay-acnos-cs3600,5
u_8a05cb99,tai-nghe-khong-day-realme-buds-t300,5
u_c29b77b2,tai-nghe-khong-day-realme-buds-t300,5
u_f44c0770,tai-nghe-khong-day-realme-buds-t300,5
u_8d7a106e,tai-nghe-bluetooth-baseus-bowie-e16,5
u_5bd05511,tai-nghe-bluetooth-baseus-bowie-e16,4
u_06f618f6,L.RB.17,5
u_351ae027,L.RB.17,5
u_9c402cf8,L.RB.17,5
u_2f43a739,L.RB.17,5
u_d11aa216,T.SN.25,4
u_862521b8,T.SN.25,5
u_ab1d59b3,T.SN.25,5
u_4b009ddc,loa-vi-tinh-logitech-z407,5
u_8001161f,loa-vi-tinh-logitech-z407,5
u_a0173e7e,loa-bluetooth-alpha-works-aw-w88,5
u_8e7e0911,loa-bluetooth-alpha-works-aw-w88,4
u_3591a687,loa-bluetooth-alpha-works-aw-w88,5
u_8d5c67e5,loa-bluetooth-alpha-works-aw-w88,5
u_ce5a6eea,loa-vi-tinh-logitech-z313,5
u_79338a1f,loa-vi-tinh-logitech-z313,5
u_c48fbc7d,NA.380,5
u_504c75ec,NA.380,5
u_a45fe7df,NA.380,5
u_ce624cff,NA.380,5
u_db39c530,tai-nghe-logitech-g333,5
u_3dc50fa3,tai-nghe-logitech-g333,5
u_c5b07b4d,tai-nghe-logitech-g333,5
u_8dd3cf3f,tai-nghe-bluetooth-sennheiser-accentum-true-wireless,4
u_8fae9088,tai-nghe-bluetooth-earfun-air-life,5
u_d46f91ca,tai-nghe-bluetooth-earfun-air-life,5
u_4db035a6,tai-nghe-bluetooth-earfun-air-life,5
u_61f9d92f,L.HF.01,5
u_f91f04bf,L.HF.01,5
u_3536b7e6,L.HF.01,5
u_96742957,tai-nghe-khong-day-havit-tw945,5
u_24fe57b6,tai-nghe-khong-day-havit-tw945,5
u_f21c1be8,tai-nghe-khong-day-havit-tw945,4
u_623ea133,T.ED.02,5
u_6fe0f38a,loa-acnos-cb41neo,5
u_b345a13f,loa-xach-tay-karaoke-acnos-cs251v,5
u_ff02f68c,loa-xach-tay-karaoke-acnos-cs251v,5
u_a2c3eab3,microphone-thu-am-khong-day-boya-mini,5
u_0308d7a3,microphone-thu-am-khong-day-boya-mini,5
u_31db8b66,tai-nghe-bluetooth-ugreen-hitune-p3,5
u_6850edc1,tai-nghe-khong-day-jbl-tune-beam-2-ghost,5
u_ede0fedd,tai-nghe-khong-day-jbl-tune-beam-2-ghost,5
u_faacd4b1,tai-nghe-khong-day-jbl-tune-beam-2-ghost,5
u_2605f529,tai-nghe-truyen-dan-xuong-shokz-openmove,4
u_9fa7c18f,NA.347,5
u_c064db15,loa-bluetooth-xiaomi-speaker,5
u_4225eaf8,loa-bluetooth-xiaomi-speaker,5
u_574e8ebc,loa-bluetooth-xiaomi-speaker,5
u_281b8ed4,loa-bluetooth-xiaomi-speaker,5
u_021f6849,loa-bluetooth-xiaomi-speaker,5
u_11fe22ba,loa-kiem-am-edifier-mr3,5
u_1b6203e2,NB.394,5
u_5a713384,NB.394,5
u_377e9d4d,NB.394,5
u_2b708655,NB.394,5
u_4192a194,NB.394,5
u_bfda03e0,sony-mdr-ex155ap,5
u_9277478c,sony-mdr-ex155ap,4
u_d5070299,T.SP.29,5
u_e7865ae7,T.SP.29,5
u_bf9d41bb,T.SP.29,5
u_9743486e,T.SP.29,5
u_e4219823,T.SP.29,5
u_d6ae2b01,tai-nghe-khong-day-huawei-freebuds-6i,5
u_2391725f,tai-nghe-khong-day-huawei-freebuds-6i,5
u_e66c5696,tai-nghe-khong-day-huawei-freebuds-6i,5
u_b905a6b2,tai-nghe-chup-tai-sony-wh-1000xm5,5
u_39b8a900,tai-nghe-chup-tai-sony-wh-1000xm5,4
u_0d385ac6,tai-nghe-chup-tai-sony-wh-1000xm5,5
u_7712d264,tai-nghe-chup-tai-sony-wh-1000xm5,5
u_35262a07,tai-nghe-chup-tai-sony-wh-1000xm5,5
u_f0331b56,samsung-galaxy-buds-3,5
u_2f0cf678,samsung-galaxy-buds-3,5
u_20ddd798,samsung-galaxy-buds-3,5
u_80020fb1,tai-nghe-jbl-tune-310c,5
u_c6d7fe15,tai-nghe-jbl-tune-310c,5
u_8b1ab6d1,tai-nghe-jbl-tune-310c,5
u_44bfa6f6,tai-nghe-jbl-tune-310c,5
u_1152da51,tai-nghe-bluetooth-edifier-wh700,5
u_566a091e,tai-nghe-bluetooth-edifier-wh700,5
u_d318fd91,tai-nghe-bluetooth-edifier-wh700,5
u_558630f2,tai-nghe-bluetooth-edifier-wh700,5
u_835610f7,tai-nghe-bluetooth-edifier-wh700,5
u_99830b4c,tai-nghe-bluetooth-edifier-x2-plus,5
u_c3d41bf5,TN.EDI.06,5
u_ec1aed8a,TN.EDI.06,4
u_b62a6b5a,TN.EDI.06,5
u_7c1bfe2f,TN.EDI.06,5
u_7edc0360,tai-nghe-khong-day-xiaomi-redmi-buds-6,5
u_84376b89,tai-nghe-khong-day-xiaomi-redmi-buds-6,5
u_71359cbc,loa-bluetooth-marshall-middleton,5
u_ade4c021,loa-bluetooth-marshall-middleton,5
u_c35db556,loa-bluetooth-marshall-middleton,5
u_ae67b4eb,tai-nghe-co-day-baseus-encok-h19,5
u_44349260,tai-nghe-co-day-baseus-encok-h19,5
u_8036a7f2,tai-nghe-co-day-baseus-encok-h19,5
u_e507bfb9,tai-nghe-co-day-baseus-encok-h19,5
u_4181b50a,tai-nghe-chup-tai-havit-h633bt,4
u_cb222a7f,tai-nghe-chup-tai-havit-h633bt,5
u_e9e0cf19,tai-nghe-chup-tai-havit-h633bt,4
u_c69ec74c,tai-nghe-chup-tai-havit-h633bt,4
u_ca43851c,loa-bluetooth-robot-rb120s,5
u_aa53e445,tai-nghe-khong-day-havit-tw958-pro,5
u_9fd8e50c,tai-nghe-khong-day-havit-tw958-pro,5
u_5220e3bc,tai-nghe-khong-day-havit-tw958-pro,5
u_7f4c93d1,tai-nghe-bluetooth-powerbeats-pro-2,5
u_a18a4505,loa-bluetooth-tronsmart-t6-mini-upgraded-portable,5
u_77fb6094,loa-bluetooth-tronsmart-t6-mini-upgraded-portable,5
u_2f2fc81a,loa-bluetooth-tronsmart-t6-mini-upgraded-portable,5
u_f7584095,loa-bluetooth-tronsmart-t6-mini-upgraded-portable,5
u_e7488b37,loa-bluetooth-tronsmart-t6-mini-upgraded-portable,5
u_42cdcfe0,tai-nghe-chup-tai-baseus-bowie-h1s,5
u_bbf549e5,TN.JBL.05,4
u_3b779ce9,TN.JBL.05,5
u_1e2f7543,TN.JBL.05,5
u_29fbc74c,TN.JBL.05,5
u_73767111,TN.JBL.05,5
u_83ebc622,tai-nghe-bluetooth-anker-soundcore-p41l,5
u_f1589231,loa-bluetooth-harman-kardon-go-and-play-3,5
u_5240dc7f,loa-bluetooth-harman-kardon-go-and-play-3,5
u_03e834d9,loa-bluetooth-harman-kardon-go-and-play-3,5
u_b4fee100,loa-bluetooth-harman-kardon-go-and-play-3,5
u_963dc73f,loa-bluetooth-harman-kardon-go-and-play-3,5
u_cc8c7b48,loa-bluetooth-alpha-works-aw-w38,5
u_f2fdd4aa,loa-bluetooth-alpha-works-aw-w38,5
u_5f93251d,loa-bluetooth-alpha-works-aw-w38,5
u_db7d5784,loa-bluetooth-alpha-works-aw-w38,5
u_15e8306b,tai-nghe-khong-day-soundpeats-air-5,5
u_8dba685e,tai-nghe-khong-day-soundpeats-air-5,5
u_3a668bf9,tai-nghe-khong-day-soundpeats-air-5,5
u_54834ddb,tai-nghe-chup-tai-alpha-works-flex-680,5
u_9fd8e50c,tai-nghe-chup-tai-alpha-works-flex-680,5
u_c9c23dd5,tai-nghe-chup-tai-alpha-works-flex-680,5
u_51a07d0e,tai-nghe-chup-tai-nakamichi-hue-cherry,5
u_bcdea3a8,TN.SN.01,5
u_4101450a,TN.SN.01,5
u_4b69e191,TN.SN.01,5
u_99358bbd,TN.SN.01,5
u_ead9735b,TN.SN.01,5
u_02f3e7f9,tai-nghe-bluetooth-jbl-wave-buds,5
u_6787a96c,tai-nghe-bluetooth-jbl-wave-buds,5
u_64d325f5,tai-nghe-bluetooth-jbl-wave-buds,5
u_01503fc2,tai-nghe-bluetooth-jbl-wave-buds,5
u_bca42ec3,tai-nghe-bluetooth-jbl-wave-buds,5
u_5932133d,loa-bluetooth-marshall-stanmore-iii,5
u_b5a8991a,tai-nghe-bluetooth-goojodoq-j206,5
u_2a987a3f,loa-bluetooth-marshall-acton-iii,5
u_69ed2167,loa-bluetooth-marshall-acton-iii,5
u_fec99d62,loa-bluetooth-marshall-acton-iii,5
u_5c2eafcd,loa-bluetooth-marshall-acton-iii,5
u_5cb0a30f,loa-bluetooth-marshall-acton-iii,5
u_6af0fac5,tai-nghe-bluetooth-xiaomi-redmi-buds-6-active,5
u_1556a8a2,tai-nghe-bluetooth-xiaomi-redmi-buds-6-active,5
u_cb2f2a73,tai-nghe-bluetooth-xiaomi-redmi-buds-6-active,5
u_cd9ead63,tai-nghe-bluetooth-xiaomi-redmi-buds-6-active,5
u_563d6c70,tai-nghe-bluetooth-true-wireless-havit-tw976,5
u_50c3f04c,tai-nghe-bluetooth-true-wireless-havit-tw976,5
u_e8046c8f,tai-nghe-bluetooth-true-wireless-havit-tw976,5
u_14023a2b,tai-nghe-nhet-tai-jbl-c200-siu,4
u_bb174ee6,tai-nghe-nhet-tai-jbl-c200-siu,5
u_7311ce49,tai-nghe-nhet-tai-jbl-c200-siu,5
u_86b52f56,tai-nghe-nhet-tai-jbl-c200-siu,5
u_ee51c0d1,tai-nghe-nhet-tai-jbl-c200-siu,5
u_38e5a7dc,tai-nghe-khong-day-sony-float-run,5
u_df100c58,TN.EDI.17,5
u_db71d558,TN.EDI.17,5
u_c3a21fbf,TN.EDI.17,4
u_9d20333d,TN.EDI.17,4
u_e9a9ed76,tai-nghe-bluetooth-havit-tw917-pro,5
u_a7018b92,tai-nghe-bluetooth-havit-tw917-pro,5
u_f19fcf21,tai-nghe-bluetooth-havit-tw917-pro,5
u_ddfa3da5,tai-nghe-bluetooth-havit-tw917-pro,4
u_4ea5c376,LB.231,5
u_4d4b55e4,NA.361,5
u_fb4d9b01,NA.363,5
u_b190f27f,NA.363,5
u_aef03dad,L.HM.02,5
u_1b20cf55,tai-nghe-co-day-pioneer-se-c3t,5
u_6f97aea7,loa-bluetooth-jbl-partybox-encore-essential,5
u_36401fb5,loa-bluetooth-jbl-partybox-encore-essential,5
u_14e1f44a,loa-bluetooth-jbl-partybox-encore-essential,5
u_58af79d5,loa-bluetooth-jbl-partybox-encore-essential,5
u_24120ad9,loa-bluetooth-jbl-partybox-encore-essential,5
u_57efa591,NA.275,5
u_87c6f6e5,NA.275,5
u_a67f923f,NA.275,5
u_f6aa7331,tai-nghe-khong-day-soundpeats-runfree-lite-2,5
u_d8484c68,tai-nghe-khong-day-soundpeats-runfree-lite-2,5
u_8003005d,tai-nghe-khong-day-soundpeats-runfree-lite-2,5
u_6c33a1e4,tai-nghe-khong-day-soundpeats-runfree-lite-2,5
u_46ac2de2,tai-nghe-co-day-xiaomi-type-c,5
u_5e543256,tai-nghe-co-day-xiaomi-type-c,5
u_6bf2d2f0,tai-nghe-co-day-xiaomi-type-c,5
u_27f5cb4d,tai-nghe-chup-tai-edifier-atom-max,4
u_c309d5a2,tai-nghe-chup-tai-edifier-atom-max,5
u_dc3c1447,T.JBL.34,5
u_5e2a3eaf,T.JBL.34,5
u_8570cbae,T.JBL.34,5
u_48e46b68,T.JBL.34,5
u_a0b1941a,T.SN.29,5
u_853f2a86,T.SN.29,5
u_4b599aa9,T.SN.29,5
u_c902c9bd,tai-nghe-khong-day-havit-tw967-pro,5
u_4192a194,tai-nghe-khong-day-havit-tw967-pro,5
u_f70a05b2,tai-nghe-khong-day-havit-tw967-pro,5
u_bcdea3a8,tai-nghe-samsung-galaxy-buds-3-pro,5
u_9192d7e6,tai-nghe-samsung-galaxy-buds-3-pro,5
u_2fdd345b,tai-nghe-samsung-galaxy-buds-3-pro,5
u_2d6eb076,tai-nghe-samsung-galaxy-buds-3-pro,5
u_e395078a,tai-nghe-khong-day-jbl-tune-buds-2,5
u_4c43e111,tai-nghe-khong-day-jbl-tune-buds-2,5
u_2b28e30d,L.JBL.06,5
u_075e9da6,L.JBL.06,5
u_5e310f6e,L.JBL.06,5
u_b791f6a7,L.JBL.06,5
u_8f22ebad,L.JBL.06,5
u_7d1989d3,tai-nghe-khong-day-jbl-wave-beam,4
u_d80c1b15,tai-nghe-khong-day-jbl-wave-beam,5
u_22ec2152,tai-nghe-khong-day-jbl-wave-beam,5
u_bc85e6e2,tai-nghe-khong-day-jbl-wave-beam,5
u_3e252d96,tai-nghe-khong-day-anker-soundcore-r50i-a3949,5
u_889c2d0c,tai-nghe-khong-day-anker-soundcore-r50i-a3949,5
u_db20dd55,tai-nghe-khong-day-anker-soundcore-r50i-a3949,5
u_fb1624db,tai-nghe-khong-day-anker-soundcore-r50i-a3949,5
u_f68f367c,microphone-khong-day-dji-mini-2-mic-tx-tx-rx,5
u_6e18f544,loa-bluetooth-jbl-partybox-encore-2,5
u_8674c13d,loa-bluetooth-jbl-partybox-encore-2,5
u_a2025198,loa-bluetooth-jbl-partybox-encore-2,5
u_796aa4bc,tai-nghe-chup-tai-sennheiser-momentum-4,5
u_43c4f7e9,tai-nghe-chup-tai-sennheiser-momentum-4,5
u_89bd8a55,tai-nghe-chup-tai-sennheiser-momentum-4,5
u_2889bfb3,tai-nghe-chup-tai-sennheiser-momentum-4,5
u_02083b0e,loa-kiem-am-edifier-mr5,5
u_121e1747,tai-nghe-khong-day-anker-soundcore-k20i-a3994,5
u_1c6c59aa,tai-nghe-khong-day-anker-soundcore-k20i-a3994,5
u_f2057229,tai-nghe-khong-day-anker-soundcore-k20i-a3994,5
u_fd749c5f,tai-nghe-khong-day-anker-soundcore-k20i-a3994,4
u_ee214d36,tai-nghe-khong-day-anker-soundcore-k20i-a3994,5
u_e3130ce3,tai-nghe-kz-edx-pro,5
u_58af79d5,tai-nghe-kz-edx-pro,5
u_2234424b,tai-nghe-kz-edx-pro,5
u_6d5385ff,tai-nghe-kz-edx-pro,5
u_98dd786b,tai-nghe-kz-edx-pro,4
u_9fd0508c,loa-bluetooth-harman-kardon-studio-9,5
u_612213d2,loa-bluetooth-harman-kardon-studio-9,5
u_653c6a0e,loa-bluetooth-harman-kardon-studio-9,4
u_eb2f45b3,loa-bluetooth-harman-kardon-studio-9,5
u_359a442a,tai-nghe-gaming-havit-h2040d,5
u_eca5ba13,tai-nghe-gaming-havit-h2040d,5
u_d928c65e,tai-nghe-gaming-havit-h2040d,5
u_05d758d7,loa-bluetooth-xiaomi-sound-outdoor,4
u_7be613c7,loa-bluetooth-xiaomi-sound-outdoor,5
u_42cdcfe0,loa-bluetooth-xiaomi-sound-outdoor,5
u_e84cacdb,T.AP.12,5
u_6d631ee5,T.AP.12,5
u_25dda63c,T.AP.12,5
u_bb722f1f,T.AP.12,5
u_a3aef606,T.AP.12,5
u_d3a13012,tai-nghe-khong-day-sony-wf-c710n,4
u_3c292838,L.SS.11,5
u_56b80cd4,L.SS.11,5
u_99920752,L.SS.11,5
u_c72de04b,L.SS.11,5
u_be5b9e1a,L.SS.11,5
u_c3a1cc2a,apple-airpods-pro-3,5
u_e1281ec1,apple-airpods-pro-3,5
u_ed765f53,apple-airpods-pro-3,5
u_4ed8b8cf,apple-airpods-pro-3,5
u_a19b9857,apple-airpods-pro-3,5
u_6b9225c4,tai-nghe-bluetooth-true-wireless-havit-tw907-se,5
u_c6b6d015,tai-nghe-bluetooth-soundpeats-t3-pro,5
u_2855ee56,tai-nghe-bluetooth-soundpeats-t3-pro,5
u_8a3f269b,tai-nghe-bluetooth-soundpeats-t3-pro,5
u_77224c60,tai-nghe-bluetooth-soundpeats-t3-pro,5
u_c48aaa81,tai-nghe-bluetooth-soundpeats-t3-pro,5
u_feb6ea96,LB.204,5
u_78a99206,LB.204,5
u_379ba806,LB.204,5
u_561e4c57,LB.204,5
u_d97c356d,T.AP.18,5
u_159c481f,T.AP.18,5
u_9ab353c9,T.AP.18,5
u_1966c2bc,LB.273,5
u_33183d67,LB.273,5
u_84d957eb,LB.273,4
u_c120b876,LB.273,5
u_a7be4974,loa-bluetooth-jbl-clip-5,5
u_73226bc2,loa-bluetooth-jbl-clip-5,5
u_9d60c246,loa-bluetooth-jbl-clip-5,5
u_fe421dde,loa-bluetooth-jbl-clip-5,5
u_41e49624,tai-nghe-khong-day-qcy-t13,4
u_89cd383a,tai-nghe-khong-day-qcy-t13,5
u_1870f23c,tai-nghe-khong-day-qcy-t13,4
u_43714899,tai-nghe-khong-day-qcy-t13,5
u_a819f52c,tai-nghe-khong-day-qcy-t13,4
u_275627c3,T.SN.13,5
u_0a2cad0e,T.SN.13,5
u_b4f1c9bc,T.SN.13,5
u_3b34ff47,T.SN.13,5
u_adcadb6d,T.SN.13,5
u_454cc5d3,apple-airpods-4-chong-on-chu-dong,5
u_07c6b57b,apple-airpods-4-chong-on-chu-dong,5
u_aeccd27a,apple-airpods-4-chong-on-chu-dong,5
u_eec79387,apple-airpods-4-chong-on-chu-dong,5
u_b6fc6a60,apple-airpods-4-chong-on-chu-dong,5
u_098f6bcd,partron-croise-r-pbh-400,5
u_8d94a38d,partron-croise-r-pbh-400,4
u_31e5f882,partron-croise-r-pbh-400,5
u_78c16b14,NB.246,5
u_91e6e76c,NB.228,5
u_6ff365e6,NB.279.B,5
u_9a7e2f04,NB.284.B,5
u_ded744b0,NB.284.B,5
u_4bbb246c,NB.284.B,1
u_632f8fa4,NB.284.B,4
u_86408e9b,NB.284.B,5
u_f23d3259,NB.216,3
u_ebcf3ed4,NB.301.P,5
u_76eff4be,NA.261.B,5
u_3ad02f72,NA.261.B,5
u_4679031c,NA.261.B,5
u_73a14bb4,NA.269.W,4
u_0899921b,NA.269.W,3
u_1a394de1,LB.105,5
u_2ce09354,LB.105,5
u_53b0cc51,LB.105,5
u_e6169760,LB.105,5
u_18a97270,LB.105,5
u_d4d8f557,NB.360,4
u_4185fdef,NB.360,5
u_da5ed030,NB.360,5
u_558763c8,NB.360,5
u_a5e6a088,NB.396,5
u_44a92065,NB.396,5
u_524940c7,NB.396,5
u_36401fb5,NB.396,5
u_0ff16738,tai-nghe-bluetooth-oppo-enco-buds-2,5
u_ee5da163,tai-nghe-bluetooth-oppo-enco-buds-2,5
u_4ab10a09,tai-nghe-bluetooth-oppo-enco-buds-2,5
u_db71be5b,tai-nghe-khong-day-xiaomi-buds-4-pro,5
u_c35db556,tai-nghe-khong-day-xiaomi-buds-4-pro,5
u_5424b358,T.SP.08,5
u_70dbcbfc,T.SP.08,5
u_9142c1cf,T.SP.08,4
u_6d7f26fa,T.SP.08,5
u_1e31d856,T.SP.08,4
u_05c8a78f,tai-nghe-khong-day-soundpeats-wings2,5
u_121e1747,tai-nghe-khong-day-soundpeats-wings2,5
u_6609d49b,tai-nghe-khong-day-soundpeats-wings2,5
u_97c04f64,L.SS.16,5
u_9850ec8f,L.SS.16,5
u_4eb2bb8a,tai-nghe-khong-day-ugreen-hitune-t3,4
u_0f338219,tai-nghe-khong-day-soundpeats-gofree,5
u_a267201b,tai-nghe-khong-day-soundpeats-gofree,5
u_260716a3,tai-nghe-khong-day-soundpeats-gofree,4
u_45199001,tai-nghe-khong-day-soundpeats-gofree,5
u_0686c8cb,tai-nghe-khong-day-soundpeats-gofree,5
u_373356ce,L.MS.01,5
u_fd52ae84,L.MS.01,5
u_4ec445cf,L.MS.01,5
u_87b48f77,loa-alpha-works-classic-v80,5
u_c18e628e,loa-alpha-works-classic-v80,5
u_d5452e9a,loa-alpha-works-classic-v80,5
u_6088b3e1,loa-alpha-works-classic-v80,5
u_280ea87e,Loa Bluetooth JBL Pulse 4,5
u_fa3c6869,Loa Bluetooth JBL Pulse 4,5
u_d76b6554,Loa Bluetooth JBL Pulse 4,5
u_b2bf8169,Loa Bluetooth JBL Pulse 4,5
u_b6ce73b1,NB.362,5
u_1dd72c10,NB.362,5
u_2ce6661b,NB.362,5
u_8fedff76,tai-nghe-khong-day-baseus-bowie-e3,5
u_1982fa01,T.MO.05,5
u_2528f03c,TN.HAY.01,5
u_b925ad67,TN.HAY.01,5
u_c1921ad3,TN.HAY.01,5
u_d87299f1,NA.357,5
u_bc5b8688,NA.357,5
u_8dc497b4,NA.357,4
u_4d087e90,NA.357,5
u_84fa2647,LA.211,5
u_863a1fdc,LA.211,4
u_cd5ec042,LA.211,5
u_932bbaca,tai-nghe-chong-on-nokia-bh-805,5
u_ca8d5908,tai-nghe-chong-on-nokia-bh-805,3
u_7bbdd5d2,tai-nghe-chong-on-nokia-bh-805,5
u_b66c962a,T.SP.03,5
u_ecb878c9,loa-karaoke-arirang-mks2,5
u_fdce6b02,loa-acnos-cs451-plus,5
u_b68423cc,loa-acnos-cs451-plus,5
u_c7802609,loa-acnos-cs451-plus,5
u_4127e635,loa-bluetooth-lg-xboom-360-x02t,5
u_e50bf739,loa-bluetooth-baseus-aequr-v2,5
u_0e4a686f,loa-bluetooth-baseus-aequr-v2,5
u_c54ea3ba,loa-bluetooth-baseus-aequr-v2,5
u_6e18f544,LB.092.C,5
u_0b2fe8a1,LB.092.C,4
u_042b4a02,sony-mdr-xb55ap,4
u_614d52a6,sony-mdr-xb55ap,5
u_a4961564,sony-mdr-xb55ap,5
u_fca19eb6,sony-mdr-xb55ap,5
u_e75aed91,sony-mdr-xb55ap,3
u_f48098ce,anker-soundcore-mini,4
u_64553ac8,LA.039,4
u_ff5dc859,NB.242,5
u_dbe71d31,NB.268,4
u_ecb878c9,NB.268,5
u_f7584095,NB.268,5
u_7904b5af,NB.268,5
u_6e18f544,NB.304,5
u_3516e0a4,NB.304,5
u_58a95408,NB.176,4
u_05db6e7b,NA.212,3
u_0ff9ec26,LB.193,5
u_ef0921e2,LB.193,5
u_e1995d69,LB.193,5
u_8d94a38d,LB.193,5
u_975e399d,LB.193,5
u_4b680692,NA.266.B,4
u_e6717190,NA.266.B,5
u_6015cfa4,NA.266.B,5
u_806760e4,NA.307,5
u_34bd8c9e,NA.307,4
u_c27bf428,NA.255.B,5
u_2618e08a,NA.255.B,4
u_841f44f0,NA.255.B,5
u_e3316a82,NA.255.B,5
u_c92f1d1f,NB.309.B,5
u_18c9989c,NB.309.B,4
u_a8ebbd1e,NB.313,5
u_2bbad810,NB.313,5
u_0d3f224c,NA.268,5
u_f75bacfb,NA.268,4
u_f7182f0b,NA.268,5
u_1c27e583,NA.268,5
u_41fadd1a,NA.268,5
u_b14b6029,NA.249,5
u_d9f5707c,NA.249,4
u_0980f526,NA.249,5
u_5a4efcf5,NA.249,4
u_0fa2f9b5,NA.249,4
u_2f65af15,LB.173,5
u_8296dedb,LB.173,5
u_434d30d6,LB.173,4
u_7b802558,LB.173,5
u_dc5865ea,NA.253,5
u_91b6cde7,NA.253,5
u_8394f034,NA.253,5
u_c6de72a2,NA.253,4
u_a3a087ad,NA.253,4
u_fa65a9cf,LA.123,5
u_18c1f470,NB.358,5
u_13ca8fe6,NB.358,4
u_6714bf27,NB.358,3
u_9b5f99d4,NA.319,4
u_8467a69c,NA.319,5
u_2d4c0a44,NA.319,5
u_a85a47f2,LB.100.B,5
u_91e6e76c,LB.100.B,5
u_38b3a00d,bose-soundlink-revolve,5
u_6d62c09a,sony-srs-xb41,5
u_281b8ed4,sony-srs-xb41,5
u_041ad03a,sony-srs-xb41,5
u_a8159e55,sony-srs-xb41,4
u_3dc0e709,jbl-xtreme-2,5
u_f42048d9,jbl-xtreme-2,5
u_c85fad90,jbl-xtreme-2,5
u_ec725af2,NB.232,4
u_e7763739,NB.232,5
u_150dd491,NB.232,5
u_1d0ea88f,NB.232,4
u_af1f801b,NB.233,5
u_a880f6ed,NB.233,5
u_b666ccf4,NB.233,5
u_747a5882,NB.233,4
u_50933905,NB.240,5
u_ff5dc859,LB.140,5
u_ba648812,NB.292,5
u_d932ee64,NB.292,5
u_da774ee1,samsung-level-box-slim-eo-sg930,5
u_246198da,LB.093,5
u_6df86cfa,LB.093,5
u_6351a85f,LB.093,5
u_a3251a2f,LB.093,5
u_4b009ddc,LB.093,5
u_c0d9f96f,tai-nghe-bluetooth-partron-pbe-100,3
u_fd77f7e2,tai-nghe-bluetooth-partron-pbe-100,5
u_a336f645,tai-nghe-bluetooth-partron-pbe-100,5
u_bdba6ca2,tai-nghe-bluetooth-partron-pbe-100,5
u_89f2657f,NA.111,5
u_6cf20fe7,NA.111,5
u_d29164d8,NA.111,5
u_1fa1a9a6,NA.111,5
u_daad7fd8,NB.141,5
u_f55b9d8f,NB.141,5
u_cb54aec8,NA.155,5
u_a85a47f2,NA.155,4
u_6b4257ba,LB.113,5
u_ef9b31f2,LB.113,5
u_10b1aa7a,LB.113,5
u_6ea5ed58,LB.113,5
u_016caa0b,tai-nghe-devia-smart-series-dual-speakers-3-5mm,5
u_a0f83560,loa-bluetooth-acome-a6,4
u_620c4cc7,loa-bluetooth-acome-a6,5
u_66e5385e,tai-nghe-bluetooth-devia-kintone-joy-a12,5
u_9de09240,tai-nghe-bluetooth-devia-kintone-joy-a12,5
u_95cf98ed,TN.SN.03,5
u_45bf127b,TN.SN.03,5
u_b77b25b1,TN.SN.03,5
u_6c58e039,TN.SN.03,5
u_2f3ec853,T.DV.02,4
u_a9a97ff2,T.DV.02,5
u_1f595d26,T.DV.02,5
u_fc842be8,tai-nghe-khong-day-iwalk-amour-airbuds-bta006,3
u_04417a11,tai-nghe-bluetooth-robot-airbuds-t30,5
u_d08041e8,tai-nghe-bluetooth-robot-airbuds-t30,5
u_7f688259,loa-bluetooth-sony-srs-xe300,5
u_bee07b50,loa-bluetooth-sony-srs-xe300,5
u_c3b06127,loa-bluetooth-sony-srs-xe300,5
u_40380947,loa-bluetooth-sony-srs-xe300,5
u_a220ef53,loa-bluetooth-sony-srs-xe300,5
u_690a1927,LB.263,5
u_bf3152fa,LA.261,5
u_cb3cd4b5,LA.261,5
u_7c9e507f,LA.261,5
u_adb2514c,LA.261,5
u_c3aafb77,LA.261,5
u_85ac1214,TN.EDI.10,5
u_4babaa9f,TN.EDI.10,5
u_1ac53699,LB.286,5
u_70f9cd08,LB.286,4
u_60f738ba,LB.286,5
u_e3b70b58,tai-nghe-khong-day-anker-soundcore-life-p2-mini-a3944,5
u_c72c7544,tai-nghe-khong-day-anker-soundcore-life-p2-mini-a3944,5
u_82c0438f,tai nghe-khong-day-nokia-e3102,5
u_56d70c1c,NA.309,5
u_3f76a463,NA.309,3
u_8cc4680e,NA.309,5
u_e1a7ac0e,NA.309,4
u_ed7fec43,TN.OL.02,4
u_4248e18f,TN.OL.02,5
u_43ee7851,samsung-galaxy-buds-2-pro,5
u_c63096c8,samsung-galaxy-buds-2-pro,5
u_d19b6e2a,samsung-galaxy-buds-2-pro,5
u_87d79893,samsung-galaxy-buds-2-pro,5
u_7d360503,samsung-galaxy-buds-2-pro,5
u_c15ddfa6,LB.091,5
u_fa87044c,LB.091,5
u_de2cedff,NB.218,5
u_02a8d056,NB.218,5
u_7a0e66c9,NB.219,5
u_ae2fa8b8,NB.219,5
u_6818d4e2,NB.219,5
u_5375ee73,NB.219,5
u_d700df2d,NB.219,5
u_c2ec8e07,NB.223,5
u_0e7e2cc9,NB.223,4
u_cb8f2ad8,NB.239,5
u_2e33c537,NB.239,5
u_2243200c,NB.239,4
u_26223453,NB.239,4
u_3ce71d1c,NB.287,5
u_fbd254df,NB.287,5
u_060fca42,loa-thanh-soundbar-lg-s40t-300w,5
u_b5ac97e7,LA.257,5
u_026a0ae6,LA.257,5
u_8f1c527b,LA.257,5
u_6bf2d2f0,LA.257,5
u_27b60e05,tai-nghe-chup-tai-soundpeats-a8,5
u_08480c92,tai-nghe-chup-tai-soundpeats-a8,5
u_0fba4cfe,tai-nghe-bluetooth-jabra-elite-10,5
u_73b0a670,loa-hifuture-ripple-30w,5
u_df34ef06,loa-hifuture-ripple-30w,5
u_58ed5203,tai-nghe-bluetooth-baseus-bowie-e11,5
u_b0d9455d,tai-nghe-bluetooth-baseus-bowie-e11,4
u_b6294fe4,tai-nghe-bluetooth-baseus-bowie-e11,5
u_62286dae,tai-nghe-bluetooth-baseus-bowie-e11,5
u_b869e35c,tai-nghe-gaming-black-shark-t11,5
u_2a2071eb,tai-nghe-gaming-black-shark-t11,5
u_24642b45,tai-nghe-gaming-black-shark-t11,5
u_e87ad161,tai-nghe-gaming-black-shark-t11,5
u_1d76a0d6,tai-nghe-gaming-black-shark-t11,5
u_4a486d07,TN.BT.11,5
u_fac25716,tai-nghe-bluetooth-edifier-w260nc,5
u_2cf9af2e,loa-bluetooth-anker-soundcore-3,5
u_c46395a8,loa-bluetooth-anker-soundcore-3,5
u_4ea5c376,tai-nghe-bluetooth-soundpeats-q,5
u_d10d29ae,NB.378,4
u_a5b5bc2d,NB.378,5
u_ec40a9de,NB.378,4
u_7a5e9cc9,NB.378,4
u_22085e18,NA.310,5
u_9ad81a8f,NA.310,5
u_faf0a53f,NA.310,4
u_4594b9c3,NA.310,5
u_bb97a106,NB.379,5
u_54603e84,NB.379,5
u_ae5ca9cd,NB.379,5
u_b08cd454,NB.416,5
u_026a0ae6,NB.416,5
u_e894b506,NA.315,5
u_f1cb9ef2,NA.315,5
u_3ff3ef53,NA.315,4
u_d00645a0,NA.315,4
u_18e9f616,NB.152.B,5
u_50efaf63,NB.152.B,5
u_e3864bbc,NB.152.B,4
u_6528b8db,tai-nghe-sennheiser-ie-60,5
u_579e67e3,tai-nghe-sennheiser-ie-60,5
u_760dfed9,tai-nghe-sennheiser-ie-60,5
u_ef52a7b4,tai-nghe-chup-tai-cowin-e7,5
u_15c29579,tai-nghe-chup-tai-cowin-e7,5
u_2243200c,tai-nghe-chup-tai-cowin-e7,5
u_e6a6cc9c,tai-nghe-chup-tai-cowin-e7,5
u_e50bf739,NB.393,5
u_45a0e266,NB.393,5
u_d0fef7dd,NB.393,5
u_c0ecd74c,NB.393,5
u_36e4e0cb,NB.395,5
u_e17c22dd,NB.395,5
u_026a0ae6,NA.336,5
u_ec2cf7a4,NA.336,5
u_4ea5c376,NA.336,5
u_38541570,NB.399,5
u_edf570ef,NB.399,5
u_37641447,NB.399,5
u_8f85b406,NB.399,5
u_1a22be06,NB.399,4
u_b264e3c7,NA.342,5
u_80b2c81e,NA.342,5
u_333cf93f,NA.342,4
u_1d6b55a4,NA.342,5
u_db1d7afe,NB.452,5
u_c4c3e5d0,NB.452,5
u_d4cf17fe,NB.452,5
u_a399e13e,NB.452,5
u_51a7b673,NB.452,5
u_8a2180fc,NB.431,5
u_03dcdc02,NB.431,5
u_92ab1308,NB.431,5
u_ef41bcfa,loa-bluetooth-tekin-l6,4
u_c4f49141,TN.BT.05,1
u_c3aafb77,TN.BT.05,5
u_91c698b7,TN.BT.05,5
u_7e49f5ea,TN.BT.05,5
u_6fec80f0,loa-thanh-samsung-b-soundbar-b550xv,5
u_9699499d,LB.268,5
u_e6cfc95c,LB.268,5
u_8b179e19,LB.268,4
u_a9f7e082,loa-bluetooth-tronsmart-element-t2-plus-20w,5
u_73d472b0,loa-xiaomi-soundbar-2-0,5
u_7b802558,loa-xiaomi-soundbar-2-0,5
u_1b595245,loa-xiaomi-soundbar-2-0,5
u_d3ddc37b,loa-xiaomi-soundbar-2-0,5
u_b397ec40,tai-nghe-khong-day-havit-fuxi-h7,5
u_780004c8,loa-anker-soundcore-motion-x300-a3135,5
u_9abea38f,microphone-khong-day-dji-mini-1-mic-tx-rx,5
u_4e250425,L.RB.15,5
u_234294bb,tai-nghe-khong-day-earfun-air-mini,5
u_fe26102c,loa-jbl-partybox-encore-2-mic,5
u_2009ed4b,loa-jbl-partybox-encore-2-mic,5
u_1b2812bc,loa-jbl-partybox-encore-2-mic,5
u_d0ff320b,loa-bluetooth-jbl-go-essential,5
u_bfa6ed31,loa-bluetooth-jbl-go-essential,5
u_3e1698d3,T.JBL.06,5
u_cba588ca,T.JBL.06,5
u_c029c140,T.JBL.06,5
u_0c24fd4a,T.MO.07,5
u_5e543256,T.MO.07,5
u_2ab2f969,tai-nghe-khong-day-beats-studio-buds,5
u_ef7e5172,tai-nghe-khong-day-beats-studio-buds,5
u_6012be0d,tai-nghe-khong-day-beats-studio-buds,5
u_6d7778e5,tai-nghe-khong-day-beats-studio-buds,5
u_b3cafcc2,tai-nghe-khong-day-beats-studio-buds,4
u_99141d77,LB.207,4
u_88596eda,LB.207,5
u_ea09baed,LB.207,5
u_252d781f,LB.207,5
u_f7584095,NA.311,5
u_fbd254df,NA.311,4
u_1e307802,NA.311,5
u_461e4972,NA.311,5
u_d86fa808,NB.411,5
u_975e399d,NB.418,5
u_78dd19bf,NB.418,4
u_74500235,NA.355,3
u_4ac1b148,NA.355,5
u_d6d42734,NA.370,5
u_d7c890d5,NA.370,5
u_af6c0ad3,NA.370,5
u_b328d336,jbl-horizon,4
u_b1953b03,tai-nghe-khong-day-divoom-spark-air,5
u_d808786f,tai-nghe-khong-day-divoom-spark-air,5
u_1987485c,tai-nghe-khong-day-xiaomi-redmi-buds-4-active,5
u_4a237b99,tai-nghe-khong-day-xiaomi-redmi-buds-4-active,5
u_b816ec1b,tai-nghe-khong-day-xiaomi-redmi-buds-4-active,5
u_1de0446a,tai-nghe-khong-day-xiaomi-redmi-buds-4-active,4
u_61f255ef,L.AR.02,5
u_8d7a77ee,loa-karaoke-xach-tay-acnos-hinet-3600,5
u_a347bc3e,loa-karaoke-xach-tay-acnos-hinet-3600,5
u_c8984227,LB.194,5
u_6049e82f,LB.194,5
u_57087591,LB.194,5
u_a9dfed82,LB.194,5
u_9e2bbe25,LB.194,5
u_fddd1122,T.MS.07,5
u_83c93f64,T.MS.07,5
u_8151a4aa,T.MS.07,4
u_2a3c73d6,T.MS.07,5
u_8302146c,loa-bluetooth-sony-mhc-v43d,5
u_fc285ba4,tai-nghe-bluetooth-devia-star-series-anc-e1,5
u_e2f40317,tai-nghe-bluetooth-devia-star-series-anc-e1,4
u_f8ae07f7,tai-nghe-bluetooth-devia-star-series-anc-e1,4
u_df43bf5c,tai-nghe-bluetooth-devia-star-series-anc-e1,4
u_a3ebe319,LB.172,5
u_43638f39,LB.172,5
u_f3b4ea63,LB.172,5
u_e681782b,LB.172,5
u_57067de2,tai-nghe-chup-tai-baseus-encok-d02-pro,5
u_7af088e9,tai-nghe-chup-tai-baseus-encok-d02-pro,5
u_91ea59f7,tai-nghe-chup-tai-baseus-encok-d02-pro,4
u_86b76d6d,tai-nghe-chup-tai-baseus-encok-d02-pro,5
u_781dcd93,T.BS.15,5
u_6a0f13a2,T.BS.15,5
u_b29cce17,T.BS.15,5
u_615ca5f2,T.BS.15,5
u_c4319bd1,loa-acnos-cs251pu,5
u_bd6fed95,tai-nghe-gaming-dareu-eh469,5
u_de7a9695,tai-nghe-gaming-dareu-eh469,4
u_81ef369d,tai-nghe-bluetooth-riversong-airfly-l1,5
u_440e1489,T.SP.02,5
u_1084aa10,T.SP.02,5
u_e521e6c4,T.SP.02,5
u_00927894,T.SP.02,4
u_e9b53b4e,LB.253,5
u_ab5dbff6,LB.253,5
u_74b9ab2b,LB.253,5
u_7e4b119d,loa-karaoke-xach-tay-acnos-flac-36,5
u_06d52813,loa-karaoke-xach-tay-acnos-flac-36,5
u_e25d816f,tai-nghe-bluetooth-edifier-wh950nb,5
u_ec284b0e,tai-nghe-bluetooth-edifier-wh950nb,5
u_383bdef2,tai-nghe-bluetooth-edifier-wh950nb,5
u_5a003077,tai-nghe-bluetooth-edifier-wh950nb,5
u_b641a0d7,tai-nghe-bluetooth-edifier-wh950nb,5
u_5f5ca0b3,NB.450,5
u_1a316223,NB.450,5
u_62f9ccf2,NB.450,5
u_0c60b684,NB.450,5
u_48c76452,NB.450,5
u_212bedab,NB.229,5
u_54cb30d6,NB.229,5
u_da45dc80,NB.229,5
u_7be613c7,NB.229,5
u_fd1be39a,NB.229,5
u_b60d81c9,T.SS.02,5
u_965ef176,T.SS.02,5
u_edfaa7ef,T.JBL.10,5
u_9f1de6fa,T.JBL.10,5
u_a3fe5bae,T.JBL.10,5
u_3c41762b,T.JBL.10,5
u_4ffbf6df,T.JBL.10,5
u_d30505ba,loa-hifuture-altus-protable-speaker-10w,5
u_2d53c3e3,loa-hifuture-altus-protable-speaker-10w,5
u_c8151082,loa-hifuture-altus-protable-speaker-10w,5
u_d8a0a312,loa-hifuture-altus-protable-speaker-10w,5
u_19713499,tai-nghe-bluetooth-baseus-bowie-e18,5
u_593e027b,tai-nghe-bluetooth-baseus-bowie-e18,5
u_73a14bb4,tai-nghe-bluetooth-baseus-bowie-e18,5
u_50fd4c94,tai-nghe-bluetooth-baseus-bowie-e18,5
u_fa454306,tai-nghe bluetooth-nothing-ear-a,5
u_77fb6094,tai-nghe-bluetooth-trusmi-ws04,5
u_fef97249,tai-nghe-bluetooth-trusmi-ws04,5
u_c0fef0ac,tai-nghe-bluetooth-trusmi-ws04,5
u_2cb7dafe,tai-nghe-bluetooth-trusmi-ws04,5
u_e9c9a6fc,tai-nghe-bluetooth-trusmi-ws04,5
u_bcdea3a8,tai-nghe-bluetooth-jbl-tour-pro-3,5
u_31b1e0c7,tai-nghe-bluetooth-jbl-tour-pro-3,4
u_9075ef0b,tai-nghe-bluetooth-jbl-tour-pro-3,5
u_3c42f282,tai-nghe-bluetooth-jbl-tour-pro-3,5
u_03f334d3,tai-nghe-bluetooth-earfun-air-2,5
u_8e39ed35,tai-nghe-chup-tai-soundpeats-space,5
u_f0a7d023,tai-nghe-khong-day-huawei-freebuds-se-2,5
u_a54f844b,tai-nghe-khong-day-huawei-freebuds-se-2,5
u_59b114c7,tai-nghe-khong-day-huawei-freebuds-se-2,5
u_78df3b03,tai-nghe-khong-day-huawei-freebuds-se-2,5
u_4e664fd0,L.JBL.05,5
u_acc31323,L.JBL.05,5
u_b23f4837,NB.294,5
u_58af79d5,NB.294,5
u_137cfa64,NB.294,5
u_ba1201da,NB.294,5
u_80a9a9f2,NB.294,5
u_4adf499d,tai-nghe-khong-day-soundpeats-air-4-lite,4
u_e50bf739,tai-nghe-khong-day-havit-tw-947,5
u_3ad02f72,tai-nghe-khong-day-havit-tw-947,4
u_d7ccd4bc,tai-nghe-khong-day-havit-tw-947,5
u_eb8a5975,tai-nghe-khong-day-havit-tw-947,5
u_504c75ec,tai-nghe-khong-day-havit-tw-947,5
u_bbdf18d7,tai-nghe-khong-day-jbl soundgear-sense,5
u_cd5defff,tai-nghe-khong-day-soundpeats-air-4,4
u_2f47194c,tai-nghe-khong-day-soundpeats-air-4,5
u_ecc23249,tai-nghe-khong-day-soundpeats-air-4,5
u_9f88a93e,tai-nghe-khong-day-soundpeats-air-4,5
u_45c032ff,tai-nghe-khong-day-soundpeats-air-4-pro,4
u_eba4c015,tai-nghe-khong-day-soundpeats-air-4-pro,5
u_1a799471,tai-nghe-khong-day-soundpeats-air-4-pro,5
u_3ad02f72,tai-nghe-khong-day-soundpeats-air-4-pro,5
u_5f84ad35,loa-jbl-authentics-300,5
u_93a11838,tai-nghe-khong-day-huawei-freeclip,5
u_15538d8e,loa-edifier-hecate-g1500-max,5
u_df3a296d,loa-edifier-hecate-g1500-max,5
u_5b516932,loa-edifier-hecate-g1500-max,5
u_9d4a1b98,tai-nghe-chup-tai-edifier-w830nb,5
u_85139487,tai-nghe-chup-tai-edifier-w830nb,4
u_ae61ead7,tai-nghe-chup-tai-edifier-w830nb,5
u_3a1f0b67,tai-nghe-chup-tai-edifier-w830nb,5
u_4067d4bc,tai-nghe-chup-tai-edifier-w830nb,5
u_2e7e017d,tai-nghe-khong-day-soundpeats-capsule-3-pro-plus,5
u_5de0df75,tai-nghe-khong-day-soundpeats-capsule-3-pro-plus,5
u_771b9da8,tai-nghe-khong-day-soundpeats-capsule-3-pro-plus,5
u_72e00854,L.SS.15,5
u_acea7363,L.SS.15,5
u_afa62b92,L.SS.15,5
u_9f35ccc4,T.JBL.31,4
u_c9793fe1,NA.328,5
u_1bf7b924,NA.328,5
u_dda54657,NA.328,5
u_03a7cc4c,NA.379,4
u_fdb40713,NA.379,4
u_38b3a00d,NA.379,5
u_fcee5931,NB.199,5
u_91e6e76c,NB.199,5
u_45ae1f81,LB.277,5
u_17d48c03,TN.AS.01,5
u_3ff3ef53,TN.AS.01,5
u_c9807d1d,TN.AS.01,5
u_6144eab9,TN.AS.01,5
u_577f1e19,loa-karaoke-arirang-mk3-max,4
u_de8cf295,loa-karaoke-arirang-mk3-max,5
u_e055d385,tai-nghe-bluetooth-edifier-x5-pro,5
u_4a73a7c9,tai-nghe-bluetooth-edifier-x5-pro,5
u_49c8b614,tai-nghe-bluetooth-edifier-x5-pro,5
u_208c5535,tai-nghe-bluetooth-edifier-x5-pro,5
u_e8bb8e2b,loa-xach-tay-karaoke-acnos-cs201v,5
u_cf6da43e,tai-nghe-khong-day-aukey-ep-m3a,5
u_3f7a97c8,tai-nghe-bluetooth-havit-tw981,5
u_4acc0d4c,tai-nghe-bluetooth-havit-tw981,5
u_e045454d,tai-nghe-bluetooth-havit-tw981,5
u_4bdcf09b,tai-nghe-bluetooth-havit-tw981,5
u_61decf0b,tai-nghe-bluetooth-havit-tw981,5
u_85189add,tai-nghe-khong-day-soundpeats-air-5-pro,5
u_095b0894,tai-nghe-bluetooth-sennheiser-accentum-open,5
u_ec50a7a4,tai-nghe-bluetooth-trusmi-ws08,5
u_bf001d18,tai-nghe-bluetooth-trusmi-ws08,4
u_a5aed117,tai-nghe-bluetooth-trusmi-ws08,5
u_eaedd069,tai-nghe-bluetooth-trusmi-ws08,4
u_d8df085a,tai-nghe-chup-tai-soundpeats-space-pro,5
u_a461d4a2,tai-nghe-chup-tai-oneodio-pro-c,5
u_61ea3909,tai-nghe-chup-tai-oneodio-pro-c,5
u_fb680adf,microphone-saramonic-blink-500-all-in-one,5
u_3c18f2da,tai-nghe-khong-day-soundpeats-air-5-lite,5
u_73f01e81,tai-nghe-khong-day-soundpeats-air-5-lite,5
u_0c536196,tai-nghe-khong-day-soundpeats-air-5-lite,5
u_42cdcfe0,tai-nghe-chup-tai-qcy-h2-pro,5
u_2017b847,tai-nghe-the-thao-havit-ows929,4
u_f1d23f95,tai-nghe-chup-tai-marshall-major-5,5
u_025e3117,tai-nghe-chup-tai-marshall-major-5,5
u_a55eec6b,tai-nghe-chup-tai-marshall-major-5,4
u_4fa3176b,tai-nghe-chup-tai-marshall-major-5,5
u_995521c2,loa-bluetooth-robot-rb120,5
u_bd0c7746,loa-bluetooth-robot-rb120,5
u_ea94ee18,loa-bluetooth-robot-rb120,5
u_8a1f90eb,loa-bluetooth-robot-rb120,4
u_451753be,loa-bluetooth-robot-rb120,5
u_fcbbc062,tai-nghe-chup-tai-havit-h100d,5
u_57f859d7,tai-nghe-chup-tai-havit-h100d,5
u_1d242e42,tai-nghe-chup-tai-havit-h100d,5
u_d259e7b9,sony-mdr-zx310ap,4
u_932bbaca,sony-mdr-zx310ap,5
u_0112b771,T.MS.01,5
u_3a803080,T.MS.01,5
u_b2a2b420,T.MS.01,5
u_8d457e5f,T.MS.01,5
u_6df86cfa,T.MS.01,4
u_bcdea3a8,tai-nghe-bluetooth-jbl-live-beam-3,5
u_04656391,tai-nghe-bluetooth-jbl-live-beam-3,5
u_15da2377,tai-nghe-bluetooth-jbl-live-beam-3,5
u_f1948557,tai-nghe-khong-day-sony-linkbuds-fit,5
u_58ed5203,tai-nghe-khong-day-sony-linkbuds-fit,5
u_836dae8e,T.HV.56,5
u_4537a209,T.HV.56,5
u_e8ba7b98,T.HV.56,5
u_9b21ad69,T.HV.56,5
u_62f69556,T.HV.56,5
u_3f97aff6,tai-nghe-chup-tai-jbl-live-770nc,5
u_a2ec78a9,loa-lg-xboom-bounce,5
u_b3657001,tai-nghe-chup-tai-jbl-tune-520c,5
u_9994368f,tai-nghe-khong-day-soundpeats-pop-clip,5
u_e6eaeb0d,tai-nghe-khong-day-soundpeats-pop-clip,5
u_27fbb7ca,tai-nghe-khong-day-soundpeats-pop-clip,5
u_a3ba56c5,tai-nghe-chup-tai-khong-day-chong-on-alpha-works-flex-688,5
u_036e3491,tai-nghe-khong-day-hyperx-cloud-jet,4
u_c64960ab,tai-nghe-chup-tai-baseus-bass-35-max,5
u_fafb934d,tai-nghe-chup-tai-baseus-bass-35-max,5
u_00b85aa4,tai-nghe-chup-tai-baseus-bass-35-max,5
u_ef56b897,tai-nghe-chup-tai-baseus-bass-35-max,5
u_daca9452,tai-nghe-chup-tai-baseus-bass-35-max,5
u_718b2864,tai-nghe-truyen-dan-xuong-shokz-openrun-pro,5
u_b7dab603,tai-nghe-truyen-dan-xuong-shokz-openrun-pro,5
u_9a28a344,T.SH.03,4
u_a44045db,tai-nghe-khong-day-shokz-opendots-one,5
u_e7d37cae,T.BS.21,5
u_0bc7217e,T.BS.21,5
u_05b3bfa7,T.BS.21,5
u_7317082d,T.BS.21,5
u_3c40254e,T.BS.21,5
u_568fb6d5,tai-nghe-khong-day-xiaomi-redmi-buds-6-pro,5
u_426296b3,tai-nghe-khong-day-xiaomi-redmi-buds-6-pro,4
u_e8e1175d,loa-bluetooth-havit-sk764,5
u_9ad11ca0,tai-nghe-bluetooth-soundpeats-free-2-classic,5
u_b24bbc6a,tai-nghe-bluetooth-soundpeats-free-2-classic,5
u_8f0e46cf,tai-nghe-bluetooth-soundpeats-free-2-classic,5
u_9a46d37e,tai-nghe-bluetooth-soundpeats-free-2-classic,5
u_f78f260b,tai-nghe-bluetooth-soundpeats-free-2-classic,5
u_56aa9bf4,tai-nghe-bluetooth-baseus-airgo-1-ring,5
u_6d498480,tai-nghe-bluetooth-baseus-airgo-1-ring,4
u_88cd7477,NA.052,5
u_2ac82b74,NA.052,5
u_80a7caf6,NA.052,5
u_3e14ff6b,NA.052,5
u_1e1e7d9c,tai-nghe-bluetooth-edifier-x3-lite,5
u_d4c9f083,tai-nghe-bluetooth-edifier-x3-lite,4
u_460cf493,tai-nghe-bluetooth-edifier-x3-lite,4
u_60fb2520,tai-nghe-khong-day-anker-soundcore-liberty-4-pro,5
u_ee1a5edf,tai-nghe-khong-day-anker-soundcore-liberty-4-pro,5
u_5937c4ee,tai-nghe-khong-day-anker-soundcore-liberty-4-pro,5
u_02f3e7f9,loa-robot-rs200,5
u_1545615b,loa-robot-rs200,5
u_3ad713f5,loa-robot-rs200,5
u_7b0b2977,loa-robot-rs200,4
u_b9850989,loa-robot-rs200,5
u_da9f8782,NA.320,5
u_f8459e98,NA.320,5
u_28938a60,NA.320,5
u_383bf96c,NA.320,5
u_9361268d,loa-bluetooth-xiaomi-sound-party,5
u_7718736b,L.ED.06,5
u_6a80d313,L.ED.06,5
u_5e543256,L.ED.06,5
u_7281c103,L.ED.06,5
u_ecf7432d,L.ED.06,5
u_703e9c83,TN.SN.04,5
u_7c56b9f8,TN.SN.04,5
u_84de0042,TN.SN.04,4
u_bee07452,TN.SN.04,5
u_c3aafb77,loa-bluetooth-edifier-qd35,4
u_51445002,loa-bluetooth-edifier-qd35,5
u_58c6965d,loa-bluetooth-edifier-qd35,5
u_255677d3,loa-bluetooth-edifier-qd35,5
u_9a062668,tai-nghe-chup-tai-anker-soundcore-space-h30i-a3012,5
u_ea452354,tai-nghe-khong-day-soundpeats-pearclip-pro,5
u_a7c8df69,tai-nghe-bluetooth-anker-soundcore-liberty-4,5
u_b5056994,tai-nghe-bluetooth-anker-soundcore-liberty-4,5
u_74fdcd5b,tai-nghe-bluetooth-anker-soundcore-liberty-4,5
u_1b595245,tai-nghe-bluetooth-anker-soundcore-liberty-4,4
u_919a79d2,tai-nghe-bluetooth-anker-soundcore-liberty-4,5
u_39e4d92f,tai-nghe-chup-tai-robot-rh-p20,4
u_6b7a1a41,tai-nghe-chup-tai-robot-rh-p20,5
u_411df2cb,tai-nghe-chup-tai-robot-rh-p20,5
u_cb54bf47,tai-nghe-chup-tai-robot-rh-p20,5
u_15a5f89b,tai-nghe-chup-tai-robot-rh-p20,5
u_322b1125,tai-nghe-bluetooth-chup-tai-stargo-c200,4
u_d7132d35,tai-nghe-bluetooth-chup-tai-stargo-c200,5
u_763ea932,loa-anker-soundcore-select-4-go-a31x1,5
u_64553ac8,loa-anker-soundcore-select-4-go-a31x1,5
u_c21b0ffb,loa-anker-soundcore-select-4-go-a31x1,5
u_959c920d,tai-nghe-khong-day-anker-soundcore-a20i-a3948,4
u_3dfed9c1,tai-nghe-khong-day-anker-soundcore-a20i-a3948,5
u_c2a688fa,tai-nghe-khong-day-anker-soundcore-a20i-a3948,5
u_460cf493,tai-nghe-khong-day-anker-soundcore-a20i-a3948,5
u_0931f909,tai-nghe-chup-tai-havit-h668bt,5
u_6d7db61d,tai-nghe-chup-tai-havit-h668bt,5
u_aff3afd9,tai-nghe-chup-tai-havit-h668bt,5
u_48554092,tai-nghe-chup-tai-anker-soundcore-q20i,5
u_f77c4398,tai-nghe-chup-tai-anker-soundcore-q20i,4
u_48c151b3,tai-nghe-chup-tai-anker-soundcore-q20i,4
u_6d99dd64,tai-nghe-chup-tai-anker-soundcore-q20i,5
u_a64ce6dc,tai-nghe-asus-rog-cetra-tws-speednova,5
u_d5f88cbd,tai-nghe-asus-rog-cetra-tws-speednova,5
u_2c2a7537,loa-bluetooth-sony-ult-field-7,5
u_514e9369,tai-nghe-the-thao-anker-soundcore-aerofit-2,5
u_78683bab,T.AU.03,4
u_e63d46a1,T.AU.03,5
u_33364247,T.AU.03,5
u_127a35a2,T.AU.03,4
u_efab2ad9,mic-khong-day-boya-link,5
u_ff138083,mic-khong-day-boya-link,5
u_7a8a3cd2,mic-khong-day-boya-link,5
u_f6c0b8e6,mic-khong-day-boya-link,5
u_13b543c6,tai-nghe-chup-tai-baseus-bowie-h1i,5
u_5a767671,tai-nghe-chup-tai-baseus-bowie-h1i,5
u_cf26f212,tai-nghe-chup-tai-baseus-bowie-h1i,4
u_e9a9fac5,tai-nghe-chup-tai-baseus-bowie-h1i,5
u_37cc3deb,tai-nghe-co-day-havit-fuxi-h5d,5
u_1a1009dd,tai-nghe-co-day-havit-fuxi-h5d,5
u_b1ed744a,tai-nghe-co-day-havit-fuxi-h5d,5
u_dd2bcc8f,tai-nghe-co-day-kz-edx-lite,5
u_4e7d424e,tai-nghe-co-day-kz-edx-lite,5
u_61323b08,tai-nghe-co-day-jbl-quantum-50c,5
u_efab2ad9,loa-bluetooth-marshall-woburn-iii,5
u_a0deb44c,loa-bluetooth-marshall-woburn-iii,5
u_c3fa991b,loa-bluetooth-marshall-woburn-iii,5
u_5cb0a30f,loa-bluetooth-marshall-woburn-iii,5
u_85fe5580,loa-bluetooth-marshall-woburn-iii,5
u_b79b64f7,loa-bluetooth-bose-soundlink-max,5
u_d4948e6f,loa-bluetooth-bose-soundlink-max,5
u_48af8aca,tai-nghe-gaming-hyperx-cloud-earbuds-2,5
u_7d6fe8d3,tai-nghe-gaming-hyperx-cloud-earbuds-2,5
u_44319a9e,tai-nghe-gaming-hyperx-cloud-earbuds-2,5
u_e647c047,tai-nghe-gaming-hyperx-cloud-earbuds-2,5
u_0f658a6b,tai-nghe-gaming-hyperx-cloud-earbuds-2,5
u_ea5c7322,tai-nghe-bluetooth-edifier-x1-lite,5
u_7934bd17,tai-nghe-chụp-tai-havit-h2590bt-pro,4
u_c03f67a4,tai-nghe-chụp-tai-havit-h2590bt-pro,5
u_9ec75b67,tai-nghe-chụp-tai-havit-h2590bt-pro,5
u_04234717,tai-nghe-chụp-tai-havit-h2590bt-pro,5
u_185e3964,tai-nghe-chụp-tai-havit-h2590bt-pro,4
u_7a5e9cc9,T.MS.02,5
u_ba0b8c7f,T.MS.02,5
u_b8730d92,T.MS.02,5
u_9093cc0c,loa-bluetooth-tribit-stormbox-mini-portable-speaker,5
u_110b984e,apple-airpods-pro-2023,5
u_ab52494e,apple-airpods-pro-2023,5
u_4eeeb3d7,apple-airpods-pro-2023,5
u_3aff8bff,apple-airpods-pro-2023,5
u_841445b1,apple-airpods-pro-2023,5
u_ccfcdaad,tai-nghe-khong-day-havit-tw982,5
u_b652989c,tai-nghe-khong-day-havit-tw982,5
u_8f744220,tai-nghe-khong-day-havit-tw982,5
u_5f5ca0b3,tai-nghe-khong-day-havit-tw982,4
u_91ea59f7,tai-nghe-khong-day-havit-tw982,5
u_373e6436,tai-nghe-khong-day-anker-soundcore-r50i-nc,5
u_d082c801,tai-nghe-khong-day-anker-soundcore-r50i-nc,4
u_509e6296,tai-nghe-khong-day-anker-soundcore-r50i-nc,5
u_f8bed67a,tai-nghe-khong-day-anker-soundcore-r50i-nc,5
u_47b313f3,tai-nghe-khong-day-anker-soundcore-r50i-nc,5
u_dbb70b68,sony-mdr-zx110ap,5
u_3e6d54b2,sony-mdr-zx110ap,4
u_cd3c5235,sony-mdr-zx110ap,4
u_b059019a,sony-mdr-zx110ap,5
u_df651668,tai-nghe-khong-day-jbl wave-beam-2,5
u_85645268,tai-nghe-khong-day-jbl wave-beam-2,5
u_d7ff6fce,tai-nghe-khong-day-jbl wave-beam-2,4
u_3b66f7e5,tai-nghe-khong-day-jbl wave-beam-2,5
u_0d006bdd,tai-nghe-khong-day-jbl wave-beam-2,5
u_d1103491,tai-nghe-chup-tai-sony-wh-ch720n,5
u_7f1d2b2e,tai-nghe-chup-tai-sony-wh-ch720n,5
u_fa1dda74,tai-nghe-chup-tai-sony-wh-ch720n,5
u_d6fa96b6,tai-nghe-chup-tai-sony-wh-ch720n,5
u_d0ef663a,tai-nghe-chup-tai-sony-wh-ch720n,4
u_7dece2e5,tai-nghe-co-day-robot-re101s-3-5mm,5
u_269a2321,tai-nghe-co-day-robot-re101s-3-5mm,5
u_bf8df6c7,tai-nghe-co-day-robot-re101s-3-5mm,5
u_125d2443,apple-airpods-4,5
u_bf9af1a3,apple-airpods-4,5
u_6345895b,apple-airpods-4,5
u_36902415,apple-airpods-4,5
u_974aa52f,apple-airpods-4,5
u_63e9f824,tai-nghe-gaming-hyperx-cloud-stinger-ii-core,5
u_a5e19494,tai-nghe-gaming-hyperx-cloud-stinger-ii-core,5
u_86b5b964,tai-nghe-gaming-hyperx-cloud-stinger-ii-core,5
u_4c5a31e2,tai-nghe-gaming-hyperx-cloud-stinger-ii-core,5
u_e8bc7d40,LB.230,5
u_72f88ceb,LB.230,5
u_5ce6580d,LB.230,5
u_ef23b1e0,LB.230,5
u_fec24573,LB.230,5
u_fc981f66,loa-bluetooth-harman-kardon-onyx-studio-8,5
u_b92f9369,loa-bluetooth-harman-kardon-onyx-studio-8,5
u_237a2b4a,loa-bluetooth-harman-kardon-onyx-studio-8,5
u_d6066664,loa-bluetooth-harman-kardon-onyx-studio-8,4
u_6b4c1cf3,loa-bluetooth-harman-kardon-onyx-studio-8,5
u_f615a21b,tai-nghe-khong-day-jbl-tune-beam-2,4
u_5ff06912,tai-nghe-khong-day-jbl-tune-beam-2,5
u_3e3be67b,tai-nghe-khong-day-jbl-tune-beam-2,5
u_825df431,tai-nghe-khong-day-jbl-tune-beam-2,5
u_a35d75db,L.SN.02,5
u_30c519c3,L.SN.02,5
u_2be6f47f,L.SN.02,5
u_4f59166f,L.SN.02,5
u_ad77251e,tai-nghe-chup-tai-anker-soundcore-space-one,4
u_336f2555,tai-nghe-chup-tai-anker-soundcore-space-one,5
u_6b7450cb,tai-nghe-chup-tai-anker-soundcore-space-one,5
u_eb34fd85,loa-bluetooth-marshall-willen-ii,5
u_a59a323a,loa-bluetooth-marshall-willen-ii,5
u_5b6d596d,loa-bluetooth-marshall-willen-ii,5
u_1971959b,loa-bluetooth-marshall-willen-ii,5
u_9d756b9b,tai-nghe-khong-day-anker-soundcore-v20i-a3876,5
u_de24704c,tai-nghe-khong-day-anker-soundcore-v20i-a3876,5
u_858735b3,tai-nghe-khong-day-anker-soundcore-v20i-a3876,5
u_ffd058a8,tai-nghe-bluetooth-samsung-galaxy-buds-core,5
u_feb03c6f,loa-bluetooth-edifier-hecate-g200,4
u_52127d4d,loa-bluetooth-edifier-hecate-g200,5
u_33a0e24d,loa-bluetooth-edifier-hecate-g200,5
u_0874f377,loa-bluetooth-edifier-hecate-g200,4
u_abe4242f,tai-nghe-chup-tai-qcy-h3-lite,5
u_3e492049,tai-nghe-bluetooth-sony-wf-c510,4
u_8909f4f3,tai-nghe-bluetooth-sony-wf-c510,5
u_88e5536d,tai-nghe-bluetooth-sony-wf-c510,5
u_e12d8e8d,tai-nghe-bluetooth-sony-wf-c510,5
u_662fce5d,tai-nghe-bluetooth-sony-wf-c510,5
u_e9f1d303,T.JBL.21,5
u_694bde71,T.JBL.21,5
u_40950fee,T.JBL.21,5
u_83b7117c,T.JBL.21,4
u_dc51a118,T.JBL.21,5
u_e02c8efb,loa-bluetooth-alpha-works-aw-ride,5
u_b1ed744a,loa-bluetooth-alpha-works-aw-ride,5
u_fb02db8c,loa-bluetooth-alpha-works-aw-ride,5
u_a8a7ad65,loa-bluetooth-alpha-works-aw-ride,5
u_0473fe8d,loa-bluetooth-alpha-works-aw-ride,5
u_503fecb6,NA.127,5
u_7aa685ac,NA.127,5
u_3cabcf95,NA.127,5
u_91cebe90,NA.127,5
u_6df3c05a,NA.127,5
u_73a14bb4,tai-nghe-khong-day-beats-solo-buds,5
u_56aa9bf4,tai-nghe-khong-day-beats-solo-buds,5
u_a336f645,tai-nghe-khong-day-jbl-wave-buds-2,5
u_1faa0641,tai-nghe-khong-day-jbl-wave-buds-2,5
u_6787a96c,tai-nghe-khong-day-jbl-wave-buds-2,5
u_200b1943,tai-nghe-chup-tai-havit-h619bt,5
u_f785fedf,tai-nghe-chup-tai-havit-h630bt,5
u_d4debe80,tai-nghe-chup-tai-havit-h630bt,5
u_93172af9,tai-nghe-chup-tai-havit-h630bt,5
u_a70b56b1,tai-nghe-chup-tai-havit-h630bt,5
u_577b4fd8,loa-bluetooth-sony-ult-field-1,5
u_025c3d99,loa-bluetooth-sony-ult-field-1,5
u_ca43851c,loa-bluetooth-sony-ult-field-1,5
u_8214c604,loa-bluetooth-sony-ult-field-1,5
u_c75768e0,tai-nghe-co-day-havit-e336c-type-c,5
u_332ca086,tai-nghe-co-day-havit-e336c-type-c,5
u_4ea5c376,tai-nghe-co-day-havit-e336c-type-c,5
u_a3ba56c5,tai-nghe-co-day-havit-e336c-type-c,5
u_88cd7477,tai-nghe-khong-day-baseus-eli-fit,5
u_79735264,tai-nghe-khong-day-baseus-eli-fit,5
u_d61e7758,tai-nghe-khong-day-baseus-eli-fit,5
u_285f26ce,tai-nghe-bluetooth-anker-soundcore-p40i,5
u_0e3f10e0,tai-nghe-bluetooth-anker-soundcore-p40i,5
u_90ce8fbf,tai-nghe-bluetooth-chup-tai-havit-h612bt-pro-anc,5
u_9f1f57d7,tai-nghe-kz-gale,5
u_08773818,tai-nghe-khong-day-nakamichi-hue-tulip,5
u_d95b2d86,loa-bluetooth-edifier-mp330,5
u_e02c8efb,loa-bluetooth-stargo-wave-mini,5
u_52fc336d,TN.SN.07,5
u_5b8ee2b7,TN.SN.07,4
u_5c9e59df,TN.SN.07,5
u_3333b789,TN.SN.07,5
u_d0229e1a,tai-nghe-bluetooth-xiaomi-redmi-buds-6-play,5
u_05fb0437,tai-nghe-bluetooth-xiaomi-redmi-buds-6-play,5
u_b2fa28df,tai-nghe-bluetooth-xiaomi-redmi-buds-6-play,5
u_cbef44e5,tai-nghe-bluetooth-xiaomi-redmi-buds-6-play,5
u_24cb1b20,T.SN.26,5
u_106314f7,loa-bose-soundlink-flex-2,5
u_fafb934d,loa-bose-soundlink-flex-2,5
u_4ccc2662,loa-bose-soundlink-flex-2,4
u_73a14bb4,loa-bose-soundlink-flex-2,5
u_0a7b0318,loa-bose-soundlink-flex-2,5
u_5d8d7681,tai-nghe-khong-day-anker-soundcore-r60i-nc-a3959,5
u_c049d3c3,tai-nghe-khong-day-anker-soundcore-r60i-nc-a3959,5
u_b13964e5,tai-nghe-khong-day-anker-soundcore-r60i-nc-a3959,5
u_a5f27c16,tai-nghe-khong-day-anker-soundcore-r60i-nc-a3959,5
u_08e680ea,tai-nghe-khong-day-anker-soundcore-r60i-nc-a3959,5
u_2f8af487,loa-bluetooth-jbl-charge-6,5
u_561e4c57,loa-bluetooth-jbl-charge-6,5
u_42a54140,loa-bluetooth-jbl-charge-6,5
u_c10e17fc,loa-bluetooth-jbl-charge-6,5
u_a83f30c1,loa-bluetooth-jbl-charge-6,5
u_cffe2df9,NA.158,5
u_4be9b9bb,NA.158,5
u_f2e60d92,NA.158,5
u_1b75cf89,NA.158,5
u_9b7b533f,NA.158,5
u_8dac3538,iphone-6-plus-6s-plus-fullscreen-tempered-glass,5
u_8704f95f,SI.007,5
u_ecb878c9,SI.007,5
u_b6942be3,PKIT.213,5
u_1fc857b9,PKIT.213,5
u_2df41cfe,PKIT.213,5
u_9dea07b8,PKIT.213,5
u_e4da1079,dock-sac-doi-khong-day-note-9,5
u_ccce92d8,camera-mini-yoosee,5
u_91e6e76c,A20K.007,5
u_e5935fe2,A20K.015.B,5
u_e6ca281b,NB.241,5
u_64c5b213,NB.241,5
u_91df1288,NB.241,5
u_5d58d847,NB.241,5
u_a6daf6d5,NB.241,5
u_ccbae381,PK.201.W,4
u_6a555392,PK.179.G,5
u_cb54aec8,PK.179.G,5
u_50a56893,PK.179.G,5
u_af405a40,MB.224,5
u_546cb004,JU.438.W,5
u_76a1ca7a,A14K.029.B,4
u_e894b506,PKIT.253,5
u_863a1fdc,PKIT.253,5
u_87ba55c2,PKIT.253,5
u_7f6ba755,PKIT.253,5
u_276164ff,PKIT.253,5
u_5e543256,JU.475,5
u_10704efc,JU.475,5
u_73a14bb4,JU.475,5
u_04931507,JC.497.W,4
u_ef970c2f,JC.497.W,5
u_61b8348e,JC.497.W,5
u_ae97e0b1,JC.497.W,5
u_0f1714ae,TT.081,4
u_f16d9693,TT.081,5
u_ea452354,PKCA.116,5
u_8845d140,op-lung-magsafe-iphone-12-pro-max-belkin-magnetic-anti,5
u_3db13933,router-wifi-6-gigabit-tenda-tx3-bang-tan-kep-ax1800,5
u_4671d90d,router-wifi-6-gigabit-tenda-tx3-bang-tan-kep-ax1800,5
u_20039065,router-wifi-6-gigabit-tenda-tx3-bang-tan-kep-ax1800,5
u_d36c56c7,router-wifi-6-gigabit-tenda-tx3-bang-tan-kep-ax1800,5
u_88596eda,router-wifi-6-gigabit-tenda-tx3-bang-tan-kep-ax1800,3
u_34a7e79d,the-nho-microsdxc-sandisk-extreme-pro-v30-a2-128gb-170mbs,5
u_f74fc490,the-nho-microsdxc-sandisk-extreme-pro-v30-a2-128gb-170mbs,5
u_99dbe619,hop-dung-tai-nghe-airpods-pro-raptic-journey-case,5
u_cde94c31,op-apple-watch-raptic-360x-protective-case-44mm-clear,5
u_048e8a34,A25L.089,4
u_1723f6de,TNH.AS.03,5
u_e76cf8a6,TNH.AS.03,5
u_33038d97,TNH.AS.03,5
u_17766ae7,TNH.AS.03,5
u_369513ed,OP.IP12.94,4
u_c8760886,DA.R01.03,5
u_77aabda6,T.AP.04,5
u_ab5138eb,T.AP.04,5
u_f364a77a,T.AP.04,5
u_cf7fca57,T.AP.04,5
u_76aaf600,T.AP.04,5
u_6088b3e1,TBLT.EZ.01,5
u_35c6c9d7,TBLT.EZ.01,5
u_fd835ddd,TBLT.EZ.01,4
u_ac5beb0c,TBLT.EZ.01,5
u_c1373cae,the-nho-microsd-kingston-class-10-non-adapter-128gb,5
u_160edf94,the-nho-microsd-kingston-class-10-non-adapter-128gb,5
u_ee214d36,the-nho-microsd-kingston-class-10-non-adapter-128gb,5
u_604e1765,the-nho-microsd-kingston-class-10-non-adapter-128gb,5
u_87aa20a4,the-nho-microsd-kingston-class-10-non-adapter-128gb,5
u_a9bc58fa,PKK.117,5
u_3164f7ce,cap-usb-c-to-type-c-apple-mu2g3za-a-day-du-240w-2m,5
u_569d7c8c,op-lung-iphone-15-pro-max-zagg-santa-cruz-with-magsafe,5
u_ee51c0d1,kinh-cuong-luc-iphone-15-plus-zagg,5
u_1ac40f5d,kinh-cuong-luc-iphone-15-plus-zagg,5
u_c0918045,op-lung-iphone-14-esr-project-zero-soft-tpu-clear,5
u_3bc187da,hub-chuyen-doi-usb-2-0-orico-fl01-bk-4-in-1,5
u_f49b7ba6,ban-phim-co-e-dra-ek375-alpha-brown-switch,5
u_f8b25f9c,ban-phim-co-e-dra-ek375-alpha-brown-switch,4
u_28154e27,ban-phim-co-e-dra-ek375-alpha-brown-switch,5
u_79a51b1f,ban-phim-co-e-dra-ek375-alpha-brown-switch,5
u_3ed66df5,camera-ip-khong-day-ezviz-h6c-pro-4mp,5
u_ba425e05,camera-ip-khong-day-ezviz-h6c-pro-4mp,5
u_5666bd8d,camera-ip-khong-day-ezviz-h6c-pro-4mp,4
u_fae6193d,chuot-khong-day-ugreen-mu001-portable,4
u_9743486e,chuot-khong-day-genius-nx-8006s,5
u_330cfcb6,chuot-khong-day-genius-nx-8006s,5
u_10d66672,chuot-khong-day-genius-nx-8006s,4
u_2fdd55a9,chuot-khong-day-genius-nx-8006s,5
u_a65ac8b7,usb-lexar-dual-drive-d300-usb-3-2-gen1-type-c-32gb,5
u_a838cdeb,TBLT.SD.35,5
u_72f3965f,cu-sac-nhanh-trusmi-ch07-1a-1c-pd-20w,5
u_7e177054,webcam-tich-hop-micro-genius-facecam-2000x-1080p-30fps,5
u_b2656f4d,PK.232,5
u_ccfdbb8b,PK.232,5
u_5fcd3cc2,PK.232,5
u_b59d56c6,PK.232,5
u_e5f24c2c,PK.232,5
u_e3e129a7,tay-cam-chong-rung-dji-om-5-se,5
u_e6169760,tay-cam-chong-rung-dji-om-5-se,5
u_4f659bc1,op-lung-iphone-13-skinarma-taihi-sora,5
u_6116314c,op-lung-iphone-14-mipow-tempered-glass-transparent,5
u_3ec4c4ce,op-lung-iphone-14-mipow-tempered-glass-transparent,5
u_dd80b935,op-lung-iphone-14-uniq-hybird-air-fender,5
u_7c87b7e1,cap-type-c-to-lightning-trusmi-led-rainbow-pd-20w-1m,5
u_00ef1546,cap-type-c-to-lightning-trusmi-led-rainbow-pd-20w-1m,5
u_0655de2a,cap-type-c-to-lightning-trusmi-led-rainbow-pd-20w-1m,5
u_041a1075,cap-type-c-to-lightning-trusmi-led-rainbow-pd-20w-1m,5
u_5c160515,cap-type-c-to-lightning-trusmi-led-rainbow-pd-20w-1m,5
u_48347c4b,chuot-gaming-co-day-genius-scorpion-m700,5
u_22ef38cf,IT.BP.064,5
u_009a6911,IT.BP.055,5
u_ef7e5172,IT.CH.12,5
u_12756e4c,JC.394,4
u_998f7f3d,JC.394,5
u_d35dba79,JC.395,5
u_82e1a72f,JC.395,5
u_93364439,JC.395,5
u_1728949e,JC.395,5
u_879ce12b,cap-type-c-to-type-c-xiaomi-zmi-al307e-1m,5
u_8c810fda,camera-hanh-trinh-azdome-g71,5
u_c91209d5,bao-da-samsung-galaxy-z-fold-3-flip-cover-with-s-pen,4
u_70a0951e,op-lung-iphone-13-pro-max-raptic-air,5
u_a9f8b305,chuot-khong-day-targus-b582,5
u_a91c6643,PKCA.149,5
u_f1d0f188,PKCA.149,4
u_f1cb9ef2,PKIT.319,5
u_0e053964,PKIT.311,5
u_5e628457,PKIT.311,5
u_7395fd53,PKIT.311,4
u_6ad286ac,JU.429,5
u_ea9316fe,A22K.017,5
u_3472023d,CA.GS.02,4
u_7d7debfd,A34L.033,5
u_a9d17b87,A34L.033,5
u_87aa20a4,the-nho-samsung-evo-plus-128-gb-130mps,5
u_91c6f594,the-nho-samsung-evo-plus-128-gb-130mps,5
u_c181f8de,the-nho-samsung-evo-plus-128-gb-130mps,5
u_134d85c6,the-nho-samsung-evo-plus-128-gb-130mps,5
u_9818a8ed,PK.200,5
u_660e9f66,JU.167,5
u_db007db6,JC.263,3
u_ac727c6d,JC.263,5
u_8b799d95,PKIT.009,4
u_a120aa9f,A33L.81,5
u_8bccdbef,chuot-gaming-co-day-rapoo-vt30,5
u_36d49506,chuot-gaming-co-day-rapoo-vt30,5
u_89ced7d3,cap-type-c-to-lightning-devia-1-5m-boc-du,5
u_f77c4398,z-flip-3-araree-nukin-360-clear,5
u_3e06fa39,z-flip-3-araree-nukin-360-clear,5
u_0778e49f,PIN.011,5
u_322b1125,JU.463,5
u_f0991291,JU.463,5
u_504c75ec,JC.456,5
u_a59713cd,bao-da-samsung-galaxy-tab-s8,5
u_d4518ed4,bao-da-samsung-galaxy-tab-s8,4
u_dfead0eb,bao-da-samsung-galaxy-tab-s8,5
u_23eb1522,bao-da-samsung-galaxy-tab-s8,5
u_47a459ef,cap-hdmi-ugreen-flat-ed015-1-5m,5
u_e6c90cf8,cap-hdmi-ugreen-flat-ed015-1-5m,5
u_0fb5d5df,cap-hdmi-ugreen-flat-ed015-1-5m,5
u_d8d06da8,C.DV.06,5
u_f9faca2b,C.DV.06,5
u_98a81c6e,C.DV.06,5
u_d9347241,hub-chuyen-doi-ugreen-type-c-to-hdmi-lan-usb-3-0-sd-1f-cm121,5
u_e54ca469,cap-usb-a-to-micro-golf-3a-gc-71m-day-du-1m,5
u_54988ea9,cap-usb-a-to-micro-golf-3a-gc-71m-day-du-1m,5
u_dcd4a464,mieng-dan-ppf-samsung-galaxy-s23-ultra-full-mat-truoc,5
u_338c8ce1,cap-type-c-to-type-c-ugreen-us261-1m,5
u_0cec563d,camera-sau-vietmap-m1,5
u_153aa28b,op-lung-samsung-galaxy-s23-ultra-plyo,5
u_2bca6c4f,DA.IP03.03,5
u_369513ed,DA.IP03.03,5
u_d629d6b5,DA.IP03.03,5
u_cf0ecdb4,o-cam-dien-ugreen-c268,5
u_543727cd,pin-du-phong-sac-nhanh-type-c-baseus-qpow-pro-20-000-mha-20w,5
u_092adb67,pin-du-phong-sac-nhanh-type-c-baseus-qpow-pro-20-000-mha-20w,4
u_b1170c85,pin-du-phong-sac-nhanh-type-c-baseus-qpow-pro-20-000-mha-20w,5
u_2a406ef5,pin-du-phong-sac-nhanh-type-c-baseus-qpow-pro-20-000-mha-20w,5
u_25647a37,pin-du-phong-sac-nhanh-type-c-baseus-qpow-pro-20-000-mha-20w,5
u_a5518d10,pin-sac-du-phong-wekome-20000mah-22-5w-wp06,5
u_d5007f3c,bao-da-samsung-galaxy-s24-ultra-thong-minh,5
u_8aeff70c,usb-3-1-sandisk-ultra-dual-256gb-type-c-ddc3,5
u_2dbb1731,usb-3-1-sandisk-ultra-dual-256gb-type-c-ddc3,5
u_6a73483f,X05K.013.B,5
u_dcaf740e,PKCA.051,5
u_5f5ca0b3,PKCA.051,5
u_fecee289,PKDH.018,5
u_5ebf5419,PKDH.018,5
u_fc285ba4,op-lung-uag-chong-soc-plasma-cho-samsung-galaxy-note-20-ultra,5
u_4ad35edf,PKCA.115.W,5
u_e5935fe2,PKIT.255,5
u_1636fb3b,PKIT.255,5
u_6dc1b493,PKIT.255,5
u_572a27dc,PKIT.255,5
u_124ee886,PKIT.255,5
u_ac6ab258,cap-baseus-golden-loop-3-in-1-elastic-3-5a-1-2m,5
u_90f0fb6d,cap-baseus-golden-loop-3-in-1-elastic-3-5a-1-2m,5
u_44349260,cap-baseus-golden-loop-3-in-1-elastic-3-5a-1-2m,5
u_18b255cf,cap-baseus-golden-loop-3-in-1-elastic-3-5a-1-2m,5
u_ac6732c9,ban-phim-co-akko-monsgeek-mg75-prunus-lannesiana,5
u_eb969bbb,pin-du-phong-anker-533-2c1a-30w-10000mah-a1256,5
u_88f25a00,pin-du-phong-anker-533-2c1a-30w-10000mah-a1256,5
u_58ed5203,op-lung-samsung-galaxy-a15-s-case-silicon,5
u_6fa06658,pin-sac-du-phong-baseus-airpow-lite-10000mah-15w,5
u_2fd0a72b,pin-sac-du-phong-baseus-airpow-lite-10000mah-15w,5
u_a740eb97,hub-ugreen-usb-2-0-to-lan-rj45-cr110-20253,5
u_b01b39e3,pin-sac-du-phong-wekome-10000mah-22-5w-wp05,5
u_c98cf6cb,chuot-khong-day-bluetooth-ugreen-mu001-portable,4
u_76e71207,chuot-khong-day-bluetooth-ugreen-mu001-portable,4
u_937bee2a,pin-du-phong-energizer-30000mah-3-7v-li-polymer-ue30016pqbk,5
u_02356cf5,cap-hdmi-2-0-ugreen-hd118-40410-2m,5
u_7f56e787,cap-hdmi-8k-2-1-ugreen-hd135-70320-1-5m,5
u_e6a84094,the-nho-samsung-evo-plus-sd-adapter-160mbs-256gb,5
u_2654a3c1,A08L.113,5
u_fe8bc318,A23L.037,5
u_82ec9493,JU.237,5
u_f9a2a017,JU.237,5
u_26e7e355,JU.237,4
u_a53e2113,JU.237,5
u_a85a47f2,router-wifi-6-xiaomi-aiot-ax3600,5
u_6cd91369,op-lung-iphone-14-pro-max-araree-typoskin-m,5
u_5e543256,de-sac-khong-day-devia-allen-series-v3-15w,5
u_7e009125,cap-usb-a-to-lightning-ugreen-mfi-us155-1m,5
u_18388335,bo-chia-hub-ugreen-usb-3-0-cm219-70336-4-cong-1m,5
u_2b5455a8,bo-chia-hub-ugreen-usb-3-0-cm219-70336-4-cong-1m,5
u_fc46475c,bo-chia-hub-ugreen-usb-3-0-cm219-70336-4-cong-1m,5
u_5ae445ef,bo-chia-hub-ugreen-usb-3-0-cm219-70336-4-cong-1m,5
u_8edeed71,bo-chia-hub-ugreen-usb-3-0-cm219-70336-4-cong-1m,5
u_46a26018,chuot-choi-game-khong-day-razer-basilisk-x-hyperspeed,5
u_6eb2dc22,chuot-choi-game-khong-day-razer-basilisk-x-hyperspeed,5
u_33a3e333,TBLT.SD.15,5
u_e4089d63,OP.S08.08,5
u_f7bbdbdd,op-lung-iphone-14-pro-max-gear4-d30-milan-with-magsafe,4
u_a7d0ee85,op-lung-iphone-14-pro-max-gear4-d30-milan-with-magsafe,5
u_581cceca,op-lung-iphone-14-pro-laut-huex-holo,4
u_9a6a5a0a,cu-sac-nhanh-belkin-25w-pd-chan-tron,5
u_d55b3b4a,cu-sac-nhanh-belkin-25w-pd-chan-tron,5
u_757d474f,cu-sac-nhanh-belkin-25w-pd-chan-tron,5
u_9ed2f459,cu-sac-nhanh-belkin-25w-pd-chan-tron,5
u_07c6c743,cap-usb-a-to-lightning-golf-5a-gc-76i-1m-day-du,3
u_67b40222,op-lung-samsung-galaxy-s23-plus-silicone,5
u_fd835ddd,camera-xiaomi-mi-home-security-c200-bhr6766gl,4
u_200b1943,cap-type-c-to-lightning-belkin-30w-1m-vo-nhua,5
u_4a64af46,cap-type-c-to-lightning-belkin-30w-1m-vo-nhua,5
u_791fce81,cap-type-c-to-lightning-belkin-30w-1m-vo-nhua,5
u_5e543256,cap-type-c-to-lightning-belkin-30w-1m-vo-nhua,5
u_99485a98,camera-ip-wifi-ezviz-c6cn-2k,5
u_5e543256,dan-cuong-luc-xiaomi-redmi-note-11-note-11s-mocoll-full-vien,5
u_64666300,chuot-khong-day-rapoo-1680-silent,5
u_5f3a7100,chuot-khong-day-rapoo-1680-silent,5
u_7cbeeb83,ban-phim-gia-co-gaming-co-day-rapoo-v50s,4
u_630b5614,ban-phim-co-rapoo-v500-pro-blue-switch,5
u_ff3e669b,webcam-tich-hop-micro-rapoo-xw170-720p,5
u_25df9390,webcam-tich-hop-micro-rapoo-xw170-720p,5
u_276d0003,IT.CH.58,5
u_ac47382e,IT.CH.58,5
u_e6c8128c,sac-devia-v3-kem-cap-lightning,5
u_d114d136,JU.513,5
u_35afdabe,JU.513,5
u_c55e019c,cap-type-c-to-type-c-anker-powerline-ii-a9547-0-9m-marvel,5
u_ebb9769d,cap-type-c-to-type-c-anker-powerline-ii-a9547-0-9m-marvel,5
u_c5ab9fec,JU.111.B,5
u_8ec95ef5,JU.111.B,5
u_342a3844,cu-sac-nhanh-ugreen-gan-nexode-3-cong-us-65w-cd244-10334,5
u_d8ee47f3,cu-sac-nhanh-ugreen-gan-nexode-3-cong-us-65w-cd244-10334,4
u_305b2617,cap-usb-a-to-micro-golf-5a-gc-76m-1m-day-du,5
u_7ac84854,cap-usb-a-to-micro-golf-5a-gc-76m-1m-day-du,5
u_d3c78a28,cap-usb-a-to-micro-golf-5a-gc-76m-1m-day-du,5
u_da8782db,cap-usb-a-to-micro-golf-120w-gc-98m-1m,5
u_95b0d692,cap-usb-a-to-micro-golf-120w-gc-98m-1m,5
u_b34bb9be,cap-usb-a-to-micro-golf-120w-gc-98m-1m,5
u_32f17a4d,camera-ip-wifi-ezviz-ty1-1080p,4
u_5f8ce5be,camera-ip-wifi-ezviz-ty1-1080p,5
u_e8d3c7c2,camera-ip-wifi-ezviz-ty1-1080p,5
u_f9c7e34b,camera-ip-wifi-ezviz-ty1-1080p,5
u_690f19ee,camera-xiaomi-mi-home-security-c300-bhr6540gl,5
u_e7363169,anker-powerlineplus-ii-lightning-0-9-m,5
u_4ad35edf,anker-powerlineplus-ii-lightning-0-9-m,4
u_a438a884,B09D.006,5
u_829d44f5,QT.012,4
u_9b109a10,A18D.004,4
u_4e122fc2,PK.220.B,5
u_e5d471ab,JC.410,5
u_771b9da8,JC.410,5
u_98bfa35e,JC.410,5
u_6b057d74,JC.410,5
u_2528f03c,JC.410,5
u_8170628b,op-lung-iphone-13-pro-max-memumi-slim,4
u_53eb4353,op-lung-iphone-13-pro-max-memumi-slim,5
u_6258a6d6,combo-ban-phim-chuot-khong-day-logitech-mk315,5
u_d29164d8,PKK.091,5
u_d8efc6a7,ban-phim-co-day-rapoo-nk1800,5
u_1b10cbec,ban-phim-co-day-rapoo-nk1800,5
u_975e399d,PKIT.330,5
u_af045412,cu-sac-nhanh-type-c-devia-25w,5
u_026a0ae6,MA.338,3
u_8284a176,MA.338,5
u_102c31f3,PK.182.B,5
u_a3ba56c5,op-lung-xiaomi-redmi-note-14-likgus-pu-clear,5
u_929b5460,A18D.13,5
u_93d539eb,kinh-cuong-luc-samsung-galaxy-s24-ultra-zagg-full,5
u_f63a4e65,kinh-cuong-luc-samsung-galaxy-s24-ultra-zagg-full,5
u_6a8bda55,tram-sac-du-phong-ecoflow-river-2-max-zmr610-500w-512wwh,5
u_e58b4657,the-nho-sd-samsung-pro-ultimate-full-size-sdxc-128gb,5
u_7f87f009,the-nho-samsung-evo-plus-sd-adapter-160mbs-128gb,5
u_c2268e97,usb-2-0-kioxia-transmemory-u202-32gb,5
u_13dd96b6,usb-2-0-kioxia-transmemory-u202-32gb,5
u_bca0a0d6,usb-2-0-kioxia-transmemory-u202-32gb,5
u_17891255,PK.248,5
u_509e6296,JU.222,4
u_ea726ec1,JU.222,5
u_45168444,JU.222,4
u_56c74b63,PK.260,5
u_2afabf40,PK.260,4
u_c8f7c05b,PK.260,4
u_e2f40317,JU.226,5
u_5424b358,JU.226,5
u_ab979068,JU.226,5
u_78f36e72,NA.246-C,5
u_c1e70e17,JC.353,5
u_6e18f544,JC.353,5
u_03706f06,JU.436.W,5
u_3cd99356,JU.436.W,5
u_6585dc84,JU.436.W,5
u_78e2847b,DV.138,5
u_d46abae7,DV.138,5
u_f543ea6b,DV.138,5
u_2970f7c8,DV.138,5
u_30ef4213,DV.138,5
u_4d5de6d2,wiwu-tpu-keyboard-protector-cho-macbook-air-2020-13-inch,5
u_5d2c3c92,cap-type-c-to-lightning-ugreen-mfi-us171-1m,5
u_cceb1a08,cap-type-c-to-lightning-ugreen-mfi-us171-1m,5
u_cbda2095,PEN.AP.09,5
u_e2a2ec70,PEN.AP.09,5
u_045a940a,PEN.AP.09,5
u_a4b8067d,PEN.AP.09,5
u_e61981e0,PEN.AP.09,5
u_b610a9d6,cap-hdmi-2-0-ugreen-hd104-0-5m-20115,5
u_49015a00,camera-ip-wifi-tiandy-h600-2mp-fullcolor,5
u_91f81850,camera-ip-wifi-tiandy-h600-2mp-fullcolor,5
u_cedf45b6,camera-ip-wifi-tiandy-h600-2mp-fullcolor,5
u_2d5c019d,JC.208.B,5
u_e9a7515a,MA.423.B,5
u_73a14bb4,MA.423.B,5
u_3f58f511,MA.423.B,5
u_6caea58e,MA.423.B,4
u_026a0ae6,MA.423.B,5
u_18904e04,MA.425.B,5
u_026a0ae6,MA.425.B,5
u_c380b578,KH.008,5
u_50933905,PKCA.011,5
u_8394f034,A22K.006.B,5
u_fecee289,PKIT.002.W,5
u_f203672b,PKIT.002.W,5
u_507b7185,A18A.025,5
u_4f0ea56c,PKCA.035,5
u_fb8f912d,PKCA.035,5
u_da608cfb,PK.202.B,4
u_fafb934d,PK.202.B,5
u_84dc1608,PK.140.B,5
u_f7584095,PK.140.B,5
u_064b14d9,PK.140.B,5
u_5f5a676a,DA.S23.01,5
u_df9533af,the-nho-microsd-kingston-class-10-non-adapter-256gb,5
u_cb54aec8,the-nho-microsd-kingston-class-10-non-adapter-256gb,5
u_ea452354,CGS.IM.12.W,5
u_b730ea65,pin-sac-du-phong-aukey-sprint-x-27600nah-140w,5
u_0db2e76f,cap-usb-a-to-type-c-baseus-explorer-series-1m-100w,5
u_e8993a26,cap-usb-a-to-type-c-baseus-explorer-series-1m-100w,5
u_66fb8d21,cong-chuyen-doi-ugreen-5-in-1-cm511-15596,5
u_3fae411c,op-lung-samsung-galaxy-s24-ultra-clear,5
u_ccdb2bc1,cap-type-c-to-type-c-cb-mcc101-boc-du-mh-lcd-100w-1-2m,5
u_536c283a,cap-type-c-to-type-c-mophie-100w-1m,5
u_727d3336,pin-sac-du-phong-ugreen-magnetic-pb206-10000mah-20w,5
u_da7818c0,cuong-luc-galaxy-s24-ultra-mipow-anti-spy-chong-nhin-trom,5
u_b94ab46d,cuong-luc-galaxy-s24-ultra-mipow-anti-spy-chong-nhin-trom,5
u_042680ed,cuong-luc-galaxy-s24-ultra-mipow-anti-spy-chong-nhin-trom,5
u_566a091e,cuong-luc-galaxy-s24-ultra-mipow-anti-spy-chong-nhin-trom,5
u_ad55ddf1,cap-type-c-to-type-c-pisen-pro-fox-intelligent-power-off-100w,5
u_9550a93e,ban-phim-co-e-dra-co-day-ek375-beta-den-do,5
u_20e60be9,ban-phim-co-e-dra-co-day-ek375-beta-den-do,5
u_31fc4fa9,ban-phim-co-e-dra-co-day-ek375-beta-den-do,5
u_e14620cd,ban-phim-co-e-dra-co-day-ek375-beta-den-do,5
u_5424b358,cap-sac-aukey-usb-c-to-lightning-mfi-cb-cl5-1-2m,5
u_a6068206,cap-sac-aukey-usb-c-to-lightning-mfi-cb-cl5-1-2m,4
u_e4abc9d6,cu-sac-trusmi-type-c-pd-20w-kem-cap-type-c-to-lightning-20w-eu,5
u_3a1f0b67,ban-phim-co-e-dra-ek375-alpha-blue-switch,5
u_db194ece,ban-phim-co-e-dra-ek375-alpha-blue-switch,5
u_70cb8ac9,ban-phim-co-e-dra-ek375-alpha-blue-switch,5
u_40d6a3aa,pin-sac-du-phong-anker-powercore-a1384-2c1a-30w-20000mah,4
u_3e5c9969,pin-sac-du-phong-anker-powercore-a1384-2c1a-30w-20000mah,5
u_cb54aec8,pin-sac-du-phong-anker-powercore-a1384-2c1a-30w-20000mah,5
u_fd1d386c,cap-usb-a-to-type-c-aukey-cb-nac2-1-8m,5
u_b13431be,cap-usb-a-to-type-c-aukey-cb-nac2-1-8m,5
u_f49b7ba6,camera-ip-wifi-2k-365-selection-c1,5
u_d8ac68ab,camera-ip-wifi-2k-365-selection-c1,4
u_eacd478a,camera-ip-wifi-2k-365-selection-c1,4
u_4e122fc2,ban-phim-bao-da-ai-galaxy-tab-s9-s9-fe,5
u_ee214d36,ban-phim-bao-da-ai-galaxy-tab-s9-s9-fe,5
u_a429c6fc,ban-phim-co-khong-day-aula-f75-pro-den,5
u_ef28bfe5,ban-phim-co-khong-day-aula-f75-pro-den,5
u_b084bd0e,ban-phim-co-khong-day-aula-f75-pro-den,5
u_061fa4b0,ban-phim-co-khong-day-aula-f75-pro-den,5
u_22483680,ban-phim-co-khong-day-aula-f75-pro-den,5
u_d77acd43,ban-phim-co-dareu-ek104-white-black,5
u_93513ae6,ban-phim-co-dareu-ek104-white-black,5
u_6460384a,op-lung-samsung-galaxy-s23-ultra-silicone,5
u_1e561134,op-lung-iphone-14-pro-max-spigen-hybrid-zero-one-magfit,5
u_c631f4c7,DA.IP04.08,5
u_730ea949,DA.IP04.08,5
u_682ffdc4,sac-anker-usb-c-313-powerport-45w-gan-a2643,5
u_b433e90d,sac-anker-usb-c-313-powerport-45w-gan-a2643,5
u_1810b9e5,sac-anker-usb-c-313-powerport-45w-gan-a2643,5
u_2e1d0918,the-nho-microsd-kingston-class-10-non-adapter-32gb,5
u_5f471d2c,op-lung-iphone-13-skinarma-kaze,5
u_c154f77f,122538,5
u_559b6e63,127704,5
u_e7d210cf,69536,5
u_5e553f14,84477,5
u_778ba215,84464,5
u_e2a8f06b,84464,5
u_567b9e50,84464,5
u_8e9a8c49,84464,5
u_742b17ea,84464,5
u_f5e948c7,62518,5
u_79838516,49383,5
u_34d55936,49383,5
u_0b88e648,49383,5
u_97b55bef,59594,5
u_df4ba7c8,30746,5
u_435c12a3,30746,5
u_9e09356c,48351,5
u_9494e670,71548,5
u_d78f34fb,81359,4
u_649b7fd2,105898,5
u_08c942fc,31466,5
u_f0a998db,31466,5
u_d71084d7,31466,5
u_d13d7d59,31465,5
u_91e6e76c,18013,5
u_fe1fa628,81356,5
u_81f120b9,121614,5
u_431e8db5,121614,4
u_98a81c6e,121614,5
u_e72d9869,121614,5
u_fdb3df3b,121614,5
u_9549f775,50200,5
u_2e49e223,17704,4
u_ee9151e3,17704,4
u_6dd78d6a,76446,5
u_69156b5e,76446,5
u_e215598d,76446,5
u_a898b95b,76446,5
u_2bc41580,76446,5
u_8802fb9e,60165,5
u_7cdf265b,46376,5
u_a3b713d0,84461,5
u_ba9d19e0,84461,5
u_0020d929,84461,5
u_a1bd524c,84461,5
u_ddc1cb9d,60346,5
u_ca09a1bf,37898,5
u_074d0595,37898,5
u_8bf245ea,37898,5
u_b0486318,37898,5
u_56723dc4,28273,5
u_6204ac46,28273,5
u_68868cd5,28273,5
u_06fa4949,28273,5
u_6850bb8b,28273,5
u_9022bc0e,29677,5
u_b92f9369,29677,5
u_e1febdba,29677,5
u_31df30ff,29677,4
u_c3aafb77,29677,4
u_abf749e3,36613,5
u_d262df88,18347,5
u_5ebf5419,18347,5
u_c0f383e5,50258,5
u_a7c8df69,17613,5
u_81eec5b4,17613,5
u_4afb864d,17613,3
u_15060a4b,17613,4
u_b798dc6f,122644,5
u_b9050a60,122644,5
u_470978da,42821,5
u_e8deaf90,42821,5
u_1e684d5f,31309,5
u_10c81587,31309,5
u_6b4257ba,31309,5
u_aa78690a,31309,5
u_7c3472cd,31309,5
u_95d090af,94006,5
u_316e3fe9,46351,5
u_aa86320e,46351,5
u_ccc6e333,46351,5
u_d2b67abd,46351,5
u_956c81dd,42339,5
u_6cd91369,36603,5
u_56309699,36603,5
u_17d97d5c,36603,5
u_3ec27216,36603,5
u_cce6e6d4,22102,5
u_419334d4,22102,5
u_f5516c2f,113968,5
u_85411bcd,113969,5
u_c00df8c3,113969,5
u_6f92ba88,113969,5
u_7913586b,113969,5
u_ef8d3175,113969,5
u_422a73f8,35034,4
u_7b77f5f2,35034,5
u_ff99a329,35034,5
u_24a5bf04,35034,5
u_a4e6a5ed,35034,5
u_23dc325b,31470,5
u_31be7650,31470,5
u_836d96d7,31470,5
u_474810bc,31470,4
u_865a9bce,46920,5
u_91e7b407,46920,5
u_481789a6,46920,5
u_955cca5f,46920,5
u_2d14a0a4,46920,5
u_f4ab465c,25584,5
u_dda54657,25584,5
u_ac1ff802,25584,5
u_c364bbac,25584,5
u_571dfa3d,25740,5
u_2b32120e,25740,5
u_2a938983,25740,5
u_7654511d,25740,5
u_391a4510,25740,5
u_a6147d17,27859,5
u_4cbb2c0d,29461,5
u_70725c57,29461,5
u_b2023c0e,29461,5
u_cbd866e6,29461,5
u_eb946b28,29910,5
u_228b2c45,29910,5
u_c3ba3506,29910,5
u_0734c761,32388,5
u_fea17ec9,32388,5
u_084cb195,32388,5
u_da608cfb,32388,5
u_3ca48c3f,32388,5
u_4352effb,21487,5
u_c4b07269,21487,5
u_5e543256,21487,5
u_38b6100f,21487,5
u_7d58e078,21487,5
u_e73245ed,29796,5
u_7053b415,29796,4
u_b44d4d1a,29796,4
u_064b3832,29796,5
u_209ad641,29796,5
u_13c63742,31586,5
u_ff4ddf52,31586,5
u_6512ae63,31586,5
u_b2ca678b,31586,5
u_fc84ebe6,31586,4
u_800f2649,25833,5
u_d7ff6fce,25833,5
u_eb3b6cfa,27457,5
u_5ebf5419,25623,5
u_ad5e3fe7,25623,5
u_e64051f3,43208,5
u_5c38c61e,43208,5
u_93289783,41290,5
u_95be6b99,41290,5
u_e325e5e5,41290,5
u_dc08c4b6,41290,5
u_5f471d2c,41290,5
u_b3a4f91a,41291,5
u_67bddc82,41291,5
u_95be6b99,41291,5
u_591bb95c,41292,5
u_78d03a54,41292,5
u_02f3e7f9,42972,5
u_b6f573ac,30133,5
u_191b99af,30133,5
u_84fb7cbc,32007,5
u_1dcb0b4f,32007,5
u_b2ca678b,32007,5
u_7d59d38e,32007,5
u_62cdc5d8,32007,5
u_ecd20011,25217,5
u_8f9e6069,25217,5
u_95893d2f,25217,5
u_838a9950,25217,5
u_74073ed1,35686,5
u_40c0e00a,35686,5
u_6f6acea3,35686,5
u_f4549c81,35686,5
u_27c48133,35686,5
u_64dfcae2,35714,5
u_3bd1011b,35714,5
u_629a8e74,35714,5
u_bc8d065e,35714,5
u_85fb13f7,39499,5
u_2d65ff9d,39523,5
u_2f1a90b2,41498,4
u_a5b06e32,41498,4
u_3b0e28af,49075,5
u_a6671391,49075,5
u_dc8d1cf6,49110,5
u_9e708dcf,49110,5
u_8222874f,49110,5
u_5e543256,50752,5
u_db9c9a43,50752,5
u_f6a395de,50752,5
u_e67987ea,51198,4
u_8d0b09d8,52475,4
u_be95c25f,52475,4
u_e4abc9d6,52475,5
u_78ebc4c1,52475,5
u_c27bf428,52475,5
u_aeb93a81,29065,5
u_42c2c7fe,29065,5
u_a2b1ad62,29065,5
u_a336f645,29065,5
u_01befc2f,29065,5
u_a2c3eab3,33630,4
u_57c205db,33630,4
u_ccede125,33630,5
u_9802ea35,33630,5
u_5e543256,33640,5
u_e25f16a1,33640,5
u_39625ba6,33640,5
u_5a3923dc,33640,5
u_d8cdf2f3,33640,5
u_1a22bbcf,33644,5
u_234e9ef5,33644,5
u_91e7b407,33644,4
u_32bff66b,33644,5
u_d1915a97,33644,5
u_85a270fd,36492,5
u_a336f645,36492,5
u_af7e4f1e,39409,5
u_15cf0fcf,39409,4
u_6524ec3a,39409,5
u_f8fb9173,42901,5
u_ab1d59b3,42901,4
u_92fab0ca,44255,5
u_aa511b3a,44255,4
u_6db6d188,44255,5
u_2541363d,44255,5
u_64be8bb6,44255,5
u_509e6296,17995,3
u_e5935fe2,17995,5
u_ac727c6d,17995,5
u_91e6e76c,17995,5
u_dface283,18010,5
u_1742f739,18124,5
u_e6ca281b,18124,5
u_c081e8aa,18124,5
u_a959c5e1,18124,5
u_7654511d,18158,5
u_91e6e76c,18158,4
u_987f2bfb,18214,5
u_ed9ad035,18214,5
u_495ae2bd,18378,5
u_43efba6f,18378,5
u_f5e93769,18378,5
u_91e6e76c,18378,5
u_12063e3b,18789,5
u_a85a47f2,19515,3
u_412ca0f9,19551,5
u_682ffdc4,19880,5
u_ff0945b7,21630,5
u_f952320a,21630,5
u_aeece4df,21630,5
u_b6afb619,21630,5
u_03281645,21630,5
u_b5a4c120,22699,5
u_113346b8,22699,4
u_9adec048,22699,5
u_e1dcaba8,23126,5
u_0db2e76f,23126,5
u_c831a8bf,23499,5
u_ee9151e3,23560,5
u_49b2c02c,23574,4
u_eb03e6b3,23574,5
u_4a7bfb7b,23574,5
u_58bd148a,23574,4
u_86b76d6d,23574,5
u_82e1a72f,24606,5
u_b4a0fc13,24606,5
u_9d73682f,24606,5
u_dd8fdf9f,24606,5
u_81dbb886,24606,5
u_e1a92759,26021,5
u_115325b3,25168,5
u_43956c49,25168,5
u_bc392021,25168,5
u_996e79a5,25249,5
u_dad621c0,25249,4
u_fa1434ea,25249,5
u_5b107dc4,25249,4
u_e70fc85f,25249,5
u_1db00541,45381,5
u_4ae38495,45381,5
u_18703395,45381,5
u_4939831d,45381,4
u_39ffe302,42869,5
u_a1945826,42869,3
u_eefecb05,42971,5
u_0460c8a5,42971,5
u_f0edb5a9,42971,5
u_1fc8dd29,42974,5
u_a53033bb,43657,5
u_ac5f5e2b,43657,5
u_be5ff70f,25174,5
u_fff80769,25174,4
u_f2583797,25174,5
u_7fc3e1f0,26051,4
u_bcbb13ce,26051,5
u_f8b5fb12,26051,5
u_af210cc9,26051,5
u_026aeef7,28971,5
u_a95c790e,28971,4
u_e00d1175,28971,5
u_4dfc422f,28971,5
u_5a715c08,28971,5
u_6d297c83,32366,5
u_c5d05c65,32366,5
u_568fb6d5,32366,5
u_02c2c296,32366,5
u_73a14bb4,32366,5
u_a0e8c4bd,34585,5
u_2d14a0a4,35124,5
u_eacd478a,35124,4
u_98a81c6e,35137,5
u_5d9f8c7c,35137,5
u_87b24dc7,35137,5
u_aa69112f,35137,5
u_ad3fa901,35137,5
u_b8a877b1,36079,5
u_4a64af46,36079,5
u_5e543256,36079,4
u_0ad9fabb,36079,5
u_0cfa0756,36489,5
u_a71ef764,36491,5
u_377d3cc6,36501,5
u_55548da1,36501,5
u_1dea8373,36501,3
u_ca48b1e0,36501,5
u_d3ebff14,36664,5
u_e2f40317,36917,5
u_eb4a4a98,36917,5
u_659b35c2,36917,5
u_a86c2b9e,44423,4
u_c1170e10,44429,5
u_9130db4d,44429,5
u_e03c95c8,60927,5
u_a61be76e,60927,5
u_2a466c07,60927,5
u_5ed080fe,56069,5
u_d30c3337,56069,5
u_22b1a842,56069,5
u_635d9465,57500,5
u_44393d59,46352,5
u_2752af0a,46352,5
u_c267c54c,46352,5
u_472b21db,46352,5
u_322b1125,46352,5
u_13f8c8c9,49111,5
u_bbfb5acb,49111,4
u_ac2b22de,51983,5
u_073ce060,51983,5
u_5edb68c9,51983,5
u_4ca07fe7,54152,5
u_13f8c8c9,54152,5
u_38fa1e16,54152,4
u_3976b039,54152,5
u_6c178e20,54152,5
u_db71d558,54445,5
u_d84742d6,54445,5
u_0e8669a6,54445,5
u_9acfdc3f,54445,5
u_d8ac68ab,54445,5
u_dfee82b8,61508,5
u_b9500297,61508,5
u_0505a6ed,61508,5
u_76e71207,61508,5
u_73a14bb4,61834,5
u_dee6ce40,61895,5
u_4ad35edf,61895,5
u_a600a46e,61895,5
u_a8834cc4,64264,4
u_0661f341,65138,5
u_faf706c8,65138,5
u_a6ab09f3,65138,5
u_9f341728,43150,5
u_a85a47f2,43150,5
u_b9ca05ee,43150,5
u_9a05ada9,43150,5
u_b9ca05ee,62717,5
u_69d7b950,62717,5
u_60df08f0,62717,5
u_a3dc5ae6,62717,4
u_5dbbe24b,62717,5
u_5a82bece,40421,5
u_1ff5cf64,40421,5
u_06ac3a9c,40421,5
u_4ad35edf,45904,5
u_9ba951b7,47012,5
u_e08fd845,47012,5
u_b22c3f3d,47012,5
u_8302146c,47012,5
u_704eab8c,49381,5
u_de8f9682,49381,5
u_5e543256,49381,5
u_8394f034,49381,4
u_0e2b3894,49687,5
u_9c4e9128,49687,5
u_707718ec,49687,5
u_f1ea598d,50049,5
u_f2fca1eb,50049,5
u_6f8a7354,50049,5
u_5ca33b45,50574,5
u_aa67ab71,50574,5
u_d21ce6d5,50677,5
u_ade4c021,50677,5
u_fa20f4de,50677,5
u_38223ccd,50697,5
u_a8757389,50697,5
u_cb98c0b9,50697,5
u_bdce2ff1,50697,5
u_2561e1c5,51999,5
u_16d75144,52293,5
u_5e543256,53189,5
u_ae9c87a0,53189,5
u_78634c60,53189,4
u_3f472e10,53189,5
u_3eeeebd6,68860,5
u_9aca7f0e,36639,5
u_f952320a,36639,4
u_c3b0213d,36639,5
u_664fe6fe,36639,5
u_8c896f26,43151,5
u_0c95fe11,43151,5
u_975b8598,43151,5
u_59b9e31d,43151,5
u_65a79000,43151,5
u_78683bab,60880,5
u_6c380bd1,60880,5
u_034c8b93,60880,5
u_6ce70592,60880,4
u_da2927fb,60880,5
u_01ce06fd,59598,5
u_9a657f69,59598,5
u_2b077c43,59598,4
u_fcb80624,62088,5
u_422bd0a6,62088,5
u_ecf9acb5,62088,5
u_22de4d5a,62088,5
u_9debff96,62088,4
u_1636fb3b,12670,5
u_7a51430c,10226,3
u_91e6e76c,10226,5
u_f0c1db96,10289,4
u_fff4fba5,10289,5
u_14191e6c,10289,5
u_cde94c31,10289,5
u_7aa62afd,10289,5
u_91e6e76c,11999,5
u_aeeb3a3d,12407,5
u_9c285537,12436,5
u_a870cbb8,12436,5
u_4e88cae4,12436,5
u_483ff2fc,12436,5
u_8f1cbaec,12436,5
u_f6e83190,12443,5
u_798be1d9,12443,5
u_5206560a,21489,5
u_7036399b,21489,5
u_ce2af6b6,21489,5
u_d6b6d908,21489,5
u_36a95e5b,72333,5
u_d68560fb,72333,5
u_7b868ead,72333,5
u_ba6eb775,72333,5
u_ee9b0e7b,72333,5
u_8bfff223,82062,5
u_4cf7adf2,82062,5
u_f5d762be,82062,5
u_403acdca,82062,5
u_520fe1e8,82256,5
u_d3678999,82256,4
u_51ba79c4,82256,5
u_024fe0b5,90113,5
u_9d494b8e,90117,4
u_96edc1e4,90117,5
u_92fbe099,90117,5
u_211b304f,90117,5
u_025e3117,90117,5
u_a7ce58f9,90120,5
u_e1be6ab5,90478,5
u_eb9db80e,90478,5
u_3cf9b412,90478,5
u_b7672344,88564,5
u_6d17a8ce,88564,5
u_07ec0c0b,88564,5
u_841f44f0,88564,4
u_2e82cbc2,88564,5
u_dba0adcf,32681,5
u_c8a3305c,32681,5
u_4f3c9b82,32681,5
u_9db85044,32681,5
u_4f3d7fe1,25864,5
u_f9b204ac,25864,5
u_dee59baf,25864,5
u_26227b31,25864,5
u_be4e4734,25864,5
u_be5e31ff,25892,5
u_0dff4e4b,25892,5
u_ab1d59b3,25892,5
u_084cb195,25892,5
u_fb2776ea,25892,5
u_823abfa6,26206,5
u_ec92793d,26206,5
u_514e9369,26206,5
u_67753ae6,26206,5
u_9768feb3,26206,5
u_997b7a3a,27153,4
u_d18c678d,27153,5
u_704cc517,27153,5
u_20e9d025,27153,5
u_854b85db,27153,5
u_8093ddc1,27199,5
u_7a51430c,27199,5
u_80acb5ad,27199,5
u_f1a52a26,27199,5
u_ac09f7ac,27473,5
u_5c54fffc,27473,5
u_fd097647,27473,5
u_c61f9c5f,27473,5
u_0db2e76f,27977,5
u_03bd38bf,27977,5
u_3429dc27,28523,5
u_04618381,28523,5
u_7a51430c,28523,5
u_ed5e8353,30765,5
u_bac85ca2,30765,5
u_ab95d7b2,30765,5
u_e79bc1db,30765,5
u_fc4265fd,30765,5
u_ca259597,31303,5
u_b8b5c472,31303,5
u_eed1ffd6,31303,5
u_b2ea32a9,31303,5
u_73228bd3,31303,5
u_c384c3dd,26608,5
u_8001161f,26608,5
u_e3c8fa06,27435,4
u_bbec2ff5,27435,5
u_fb9c1d50,27435,5
u_65cac9f9,27435,5
u_73ae481c,27435,5
u_cdcb79c1,23584,5
u_9b3b7ae4,23584,5
u_a6e5e019,23584,5
u_3d15130a,23584,5
u_dfff6ff9,28776,5
u_4919b56d,28776,5
u_f560f0b3,28776,5
u_b006d3b5,28776,5
u_37df2745,28961,5
u_adf6b25e,28961,5
u_473953b8,28961,5
u_352387ad,30137,5
u_58ed5203,30759,5
u_8d96eec7,32882,5
u_7a3fb75d,32882,5
u_da608cfb,32882,5
u_44eb1fdc,32882,4
u_23540ba2,33100,5
u_cfb528f1,33100,5
u_d96050d7,33100,5
u_1be463a9,60401,5
u_c5f9543b,60401,5
u_b5b773b7,60401,5
u_c85c5834,60401,5
u_dc8d1cf6,60621,5
u_d57f1204,60621,4
u_a336f645,60621,5
u_cf58b690,64877,5
u_0c1626bf,64877,5
u_b4a126b7,64877,5
u_605eacc9,64877,5
u_6c647488,64877,5
u_9c8cc476,73771,4
u_3be2afdd,73771,5
u_22f7392b,73771,5
u_2f0548bd,54288,5
u_cdec0027,54288,5
u_b7b77b38,54288,5
u_827753c5,72330,5
u_8394f034,72330,5
u_2c66e760,72330,5
u_ddae4f5e,75815,5
u_b8ff9d95,75815,5
u_404b0898,75815,5
u_a5065eaf,75815,5
u_ed5115ad,75777,5
u_f2f37a4e,75777,5
u_b0d8913d,75777,5
u_32c8a53a,75777,5
u_b58eed5b,75777,5
u_98f947a8,86449,5
u_4cfc4a72,86449,5
u_0ddc948f,86449,5
u_85317f8d,51550,5
u_acab9bbc,51550,4
u_2b6a93e6,51550,5
u_f5ddb4f1,54438,5
u_7cd1cfc5,54438,5
u_13bec93a,54438,4
u_7191fee6,54438,5
u_8685aeee,54438,5
u_c548daf0,61727,5
u_f1affc79,55687,5
u_a52af2cf,55687,5
u_3ead5ba8,55687,5
u_4f63956b,55687,5
u_ed7ae270,99437,5
u_83c93f64,99437,5
u_78e311c0,99437,5
u_2bad1a6d,99437,5
u_cf20cee0,99437,5
u_0aaf267a,98504,5
u_a3c6eec4,98504,5
u_617a7c22,95959,5
u_1c6c59aa,95959,5
u_356a63ab,95959,5
u_bc5f9535,95959,5
u_09e0ebc9,95959,5
u_3c737cef,96530,5
u_886dc605,96530,5
u_a3251b8c,96530,5
u_544590b8,96530,5
u_a5449c57,96530,5
u_fd04dc5a,82060,5
u_800f2649,82060,5
u_8d94a38d,82060,4
u_e6748692,82060,5
u_b6ce73b1,82060,5
u_c4f78a83,90480,5
u_cb54bf47,90480,5
u_edf05e6c,90480,5
u_2a18ae4d,90480,5
u_4e1a6c35,90480,5
u_8e9e7d51,107690,5
u_40797022,28755,5
u_ab8259e6,28755,5
u_1f51449f,28755,5
u_d034de38,28755,5
u_24f3b2b2,16678,5
u_334a9475,16678,5
u_e3130ce3,22313,5
u_b1d1d7b5,22313,5
u_0dae9ba7,22313,5
u_a3acccfb,22378,4
u_28273dde,57497,4
u_d5987bde,57497,5
u_c63096c8,57497,5
u_91e0031a,57497,5
u_a3370aec,67006,5
u_bea3e260,67006,5
u_7b3a474a,67006,5
u_ff2c40d8,67006,5
u_73612064,88563,5
u_f18f4479,88563,5
u_4380d933,88563,5
u_418aebb7,88563,5
u_e7fd2a6e,111488,5
u_5e543256,42898,5
u_9d7a7db1,42898,4
u_08854def,42898,3
u_bf9f967c,42898,5
u_1a0818a7,42898,5
u_3a6ec3cf,76439,5
u_786bb537,76439,5
u_dc27ca08,76439,5
u_3ff3ef53,76439,5
u_ae43fda1,76439,5
u_fc4107af,65349,5
u_2cae8ebf,65349,5
u_e7764e4b,90118,5
u_1b5e9cc2,90118,5
u_b367dd21,90118,5
u_ae67b4eb,90118,5
u_6b457cf0,90118,4
u_5e543256,25863,5
u_b5a76c42,25863,5
u_074627e6,25863,5
u_80e75964,25863,5
u_cc1ff026,52305,5
u_9581a9b7,52305,4
u_5e543256,52305,5
u_9e64f1cb,52305,4
u_0c7f0f90,93649,5
u_5f2ec188,93649,5
u_34f9bfff,64924,5
u_5011f93c,32364,5
u_bc08d3d6,32364,5
u_a6a49a1a,32364,5
u_76ca1f55,32364,5
u_ab0fe571,32364,5
u_73ed4d19,61511,5
u_370f0481,61511,5
u_4894d99f,61511,5
u_107e9a11,61511,5
u_78d99990,67378,5
u_b8f21a42,67378,5
u_ce571676,67378,5
u_889a29b6,67378,5
u_4d5da261,100855,5
u_8c1a8523,100855,5
u_83920878,100855,5
u_a619ec56,100855,5
u_5101e1ed,100855,5
u_ab091a39,59595,5
u_17d97d5c,59595,4
u_812f7231,59595,5
u_ecc0a790,59595,4
u_49640cb2,59595,5
u_5f8dccd3,59257,5
u_5e46f257,59257,5
u_932cef89,59257,4
u_c8ea4027,59257,4
u_49bccb9b,59257,5
u_1450b7b1,99688,5
u_e4820752,99688,5
u_b22b017b,99688,5
u_b34d4619,99688,5
u_2970f7c8,99688,5
u_6620028c,30521,5
u_e5405105,30521,5
u_0db2e76f,30521,5
u_ee3f6261,30521,5
u_280ea87e,30521,5
u_fc9ddc04,32075,5
u_47e9c371,32075,5
u_10b01752,32075,5
u_6bbe4067,32075,5
u_666ef6f7,73016,5
u_67f7a5ba,73016,5
u_2855cae4,73016,5
u_c2514b7b,35147,5
u_da669b81,35147,5
u_93556d7e,35147,5
u_20d260e2,35147,5
u_ecf62b8d,35147,5
u_2cab55e9,72266,5
u_be02b9ca,112589,5
u_2f09a46d,112594,5
u_0931f909,112594,5
u_35b2824d,112593,5
u_73226bc2,112593,5
u_859725f4,128180,5
u_36e53bbd,114013,5
u_92e813d6,114043,5
u_a4df51af,114043,4
u_d4c75fd5,114033,5
u_5cc63e52,114033,5
u_0d27c6c0,68863,5
u_63ee3233,68863,5
u_a9a4516a,68863,4
u_1630ebde,59258,5
u_49a5b83d,59258,5
u_444aee51,59258,5
u_d83e8304,59258,5
u_e129923e,45053,5
u_3e78863a,45053,5
u_1b595245,45053,5
u_6664d5af,45053,5
u_149e04b6,45053,5
u_100fa2d5,51996,5
u_d53de590,51996,5
u_94a2c88f,51996,5
u_11d92b34,51996,5
u_03a10aea,51996,5
u_35b2824d,43152,5
u_441eb2b5,43152,5
u_0c61110f,43152,5
u_53a730de,43152,5
u_9ee7b0f5,43152,5
u_7a8a3cd2,59734,5
u_6a4f410f,59734,5
u_568fb6d5,100812,5
u_be9ea508,100812,5
u_c7f01ab0,100812,5
u_81d990e0,100812,5
u_6069f9f2,100812,5
u_2cba62b2,55753,5
u_0d3230f8,55753,5
u_0246eba6,55753,5
u_fa87d829,59736,5
u_2a2ea787,59736,5
u_6fe4f053,59736,5
u_fa20f4de,59736,5
u_6a4f410f,59736,5
u_786bb537,62299,5
u_befda506,62299,5
u_fb45655c,62299,5
u_a5b9f190,62299,5
u_7fccf2d4,62299,5
u_43974e5d,65136,5
u_932bbaca,65136,5
u_311a4805,65136,4
u_296c0894,65136,5
u_85170a9b,96765,5
u_1a023178,96765,5
u_71bb5126,96765,5
u_e6f1bb73,96765,5
u_01a64a19,96765,5
u_fcc57be6,98769,5
u_22244ae3,98769,5
u_6fe4f053,98769,5
u_1170f03f,98769,5
u_1cc86097,98769,5
u_29ddb440,101116,5
u_8fcd60ae,101116,5
u_ab979068,101116,4
u_ce425ba5,101116,5
u_197c61fd,101116,5
u_37259794,96763,5
u_cdcb79c1,96763,5
u_888a27d9,98510,5
u_a1b058af,99738,4
u_4e1abd48,99738,5
u_bf0d75df,99738,5
u_fc285ba4,99738,4
u_74c012af,99738,5
u_7069fa59,73651,5
u_0b5aab11,73651,5
u_138a930a,73651,5
u_4466688b,73651,5
u_269b691d,73651,5
u_e0e3df7f,69512,5
u_ae39ce71,69512,4
u_899a47a4,69512,5
u_1734a1de,69512,5
u_d71c7494,69512,5
u_ff138083,88446,5
u_b75f5ff9,88446,5
u_03f334d3,88446,5
u_4862b0bc,88446,5
u_0ae107cf,88446,5
u_6bb3f9c3,59255,5
u_33c74f7e,59255,5
u_f07ff655,59255,5
u_87cbdf1e,59255,5
u_92da4c52,59255,5
u_d32f7fa8,59293,5
u_313e59d3,59293,5
u_83bdf267,59293,5
u_a8e37875,59293,5
u_c3e54d9f,57372,5
u_82b8f53c,55754,5
u_ec242a3a,55754,5
u_bd340d7f,73942,5
u_0fc022b1,73942,5
u_fed5255c,73942,5
u_df5c7921,73942,5
u_343303bf,73942,5
u_0c6022a4,84108,5
u_c3aafb77,84108,5
u_c4797c67,84108,5
u_9b1afb18,84108,5
u_b3ab90ce,84110,5
u_c5543e01,84110,5
u_35b9472a,84110,5
u_465772c4,84110,5
u_9009ac1b,84110,5
u_fd4ba069,83010,5
u_14e2fbe4,83010,5
u_8394f034,83010,5
u_5dcbb867,83010,5
u_c467eff3,83010,5
u_9307f526,88453,5
u_f8373fbe,88453,5
u_e6169760,88453,5
u_854e448f,88453,5
u_ca2be09f,88453,5
u_bc9bbaa1,88455,5
u_6d8b2ebf,88455,5
u_0b148d5a,88455,5
u_4a64af46,88455,5
u_fbc6cc4d,88455,4
u_910a0d4d,87123,5
u_65df3908,87123,5
u_a07f89ad,82915,5
u_483be3ca,82915,5
u_846ac3d0,82915,5
u_0db58454,82915,4
u_2a938983,82915,5
u_0f5365f4,105401,5
u_ee7d11f4,105401,5
u_615f832c,103058,5
u_9aba9f32,103058,5
u_a15b96fe,103058,5
u_b85f174e,103058,5
u_341203c1,103058,5
u_f6f36d4c,105724,5
u_e818e607,105724,5
u_a21bea54,101591,5
u_0931f909,101591,5
u_8fae9088,101591,5
u_15f100b1,101591,5
u_45c92e7e,101591,5
u_6b4257ba,106792,5
u_7be613c7,102428,5
u_deadb795,102428,5
u_80bc0bd6,102428,5
u_5f7921a8,102428,5
u_3e3fc2ac,99773,5
u_01c5cfe1,99773,4
u_6e18f544,99773,5
u_341405c3,99773,5
u_860f6e8b,100815,5
u_bc2e1d6b,100854,5
u_14a33d30,100854,5
u_17a8cca7,100854,5
u_c8760886,100854,5
u_80e4b33f,100854,5
u_9cff63ff,99364,5
u_7bca4a33,99364,5
u_8e2b5664,99364,5
u_5b806707,99364,5
u_c42885fa,99364,5
u_4c96a099,108305,5
u_fd359698,108305,5
u_a60f5802,108305,5
u_f64cf616,108305,5
u_467b71d7,108305,5
u_1266b4e6,111972,4
u_f385b335,112592,5
u_87139364,110948,5
u_d5c2b3e1,110948,5
u_5a6135a1,110948,5
u_d7d0bfdc,110948,5
u_974aa52f,110905,5
u_28929116,109159,4
u_f5b9e45a,109159,5
u_077c1d99,109161,5
u_4386f165,109161,5
u_025de4a3,109161,5
u_6b80fad3,109161,5
u_c14fa725,111963,5
u_0578c9d8,109158,5
u_d9020ff8,109158,5
u_e548f26f,99862,5
u_f93f1ec1,99862,5
u_ace00444,99862,5
u_f64e8a9b,99767,5
u_1c0e02a9,99767,5
u_9b372f2b,99767,5
u_acef615d,99767,5
u_2b0e73d5,95960,5
u_8909f4f3,95960,5
u_98ba9d41,95960,5
u_f9ea155d,95960,5
u_95bf973d,91270,5
u_a16f5548,91270,5
u_d866ebd9,91270,5
u_f801d041,91270,5
u_12d61d15,90682,4
u_73a14bb4,90682,5
u_6600e7fb,90682,5
u_f77dc98a,90682,5
u_35509f21,90682,5
u_814b3710,91445,5
u_92b9b1dd,91445,5
u_d533faa6,91445,4
u_96378604,90114,5
u_0ee87dd3,90114,5
u_7a8a3cd2,90114,5
u_63596287,90114,5
u_8d930fec,93387,5
u_9432f106,93387,4
u_ce5a6eea,93387,5
u_a1158c8f,93387,5
u_6cf348d4,93788,5
u_4f9e271c,93788,4
u_f27d5bdf,93788,5
u_861e20e6,93788,5
u_e395078a,93788,5
u_dc5c8aba,121465,5
u_cc18b38e,125121,5
u_e5935fe2,125121,5
u_05e13d1e,125121,5
u_9acbbf89,125121,5
u_f70a05b2,125121,5
u_781e8cb1,124252,5
u_fc8ff602,124252,5
u_52573abf,121506,5
u_d8febdd5,124260,5
u_2bb08304,124260,5
u_a5f27c16,124260,5
u_781e8cb1,124259,5
u_fecee289,124259,5
u_ff30693e,124259,5
u_df651668,124259,5
u_61255f06,107688,5
u_6adf5ff3,107688,4
u_2ce7aadd,107688,5
u_4ae057ed,107688,5
u_7f51f8bd,107688,5
u_b2606fff,36242,5
u_d6b5a971,36242,5
u_f05951be,36242,5
u_10278c9f,36242,5
u_a4e8b9c0,36242,5
u_986e3232,41493,5
u_46b70c1a,41493,5
u_1cb9837e,60619,5
u_29b00fec,60619,5
u_649b7fd2,105899,5
u_1abe1dfc,105899,5
u_aa8b9394,29615,5
u_fab79673,29615,5
u_e325e5e5,29615,5
u_4c124314,29615,5
u_7ecf4049,29455,5
u_4f23941e,66360,5
u_f1d0f188,66360,5
u_4f23941e,85267,4
u_82bdb354,32667,5
u_876989c5,32667,5
u_82bdb354,44937,5
u_08384652,44937,5
u_63ecf1ea,85268,5
u_ebf61d47,85268,5
u_d3f9db70,43221,5
u_a97fe9bb,46947,5
u_812fb858,55079,5
u_7266eb44,13683,5
u_1b81e04e,13683,5
u_57152246,88460,5
u_56ef12da,88460,5
u_c2514b7b,72199,5
u_5a38f24c,21609,5
u_69619fe8,21609,3
u_e61572fe,21609,4
u_c7fdc43c,21609,3
u_26124985,17191,5
u_77dd586b,50771,5
u_58e0a255,16634,5
u_3ffdd4c0,29145,5
u_cde94c31,21943,3
u_102f1a2d,21943,4
u_effe9a7c,21943,5
u_a2598ca3,21943,5
u_0a0a843d,31259,5
u_dd140562,31259,5
u_90bfb7af,31259,5
u_8c11353b,31259,5
u_873942ce,25886,4
u_4b599aa9,24081,5
u_f2812f20,95518,5
u_95f544ec,31046,5
u_f41b0644,56134,5
u_80bc0bd6,57253,5
u_95b0d692,57253,5
u_131f6c9f,57253,5
u_707467da,73396,5
u_cc8f5fec,73396,5
u_3ca8f355,73396,5
u_b1d1d7b5,73396,5
u_02e83cce,49590,5
u_38716205,49590,5
u_a482067e,30750,5
u_e0b96ab7,55930,4
u_51a76bf9,55930,5
u_44eb1fdc,55930,5
u_025de4a3,55930,5
u_c37fe122,15618,5
u_4ea5c376,15618,5
u_6fdc53a6,48302,5
u_e25a37be,41491,5
u_bd63cda5,48572,5
u_d36c56c7,12825,5
u_58805018,12825,5
u_75afe84e,18212,5
u_ada449ae,25739,5
u_666ef6f7,25739,5
u_95f69a71,25739,4
u_e6ca281b,27678,4
u_4b1ecbe5,27678,5
u_0d0bed55,27678,4
u_71676ad7,27678,5
u_590cc0a4,25728,5
u_ec148d4e,25728,5
u_529f9e0d,25728,5
u_2c604caf,25728,5
u_5eca3c66,25728,4
u_beb2ca9e,60676,5
u_ae739c49,60676,5
u_9980fb65,60676,5
u_12063e3b,60676,5
u_66ac3d85,60676,5
u_41af5c67,63554,4
u_c80724d8,63554,5
u_6e55fb02,63554,5
u_68c7e7fe,63554,5
u_ec0fc010,63554,5
u_5e543256,56075,5
u_e56de71e,56075,5
u_9b4ee4ae,56075,5
u_740a1637,56075,5
u_0aaf267a,56709,5
u_bfdbf51b,56709,5
u_cf41cb5c,56709,5
u_e79eaa0c,56938,4
u_99064503,56938,5
u_0e7067a7,56938,5
u_3df84f2a,56938,5
u_0b266b37,56938,5
u_f2abf544,57234,4
u_0c3e0e1d,57234,5
u_abcaec0d,57234,5
u_bd4559f5,57234,5
u_7082d648,57234,5
u_1345be78,57237,5
u_ee945562,57237,5
u_4fa3176b,57237,5
u_dda093cf,57237,5
u_8b09d19f,57237,4
u_953679d1,57489,5
u_6ecf434a,57489,4
u_67b11152,57489,4
u_d5d78738,59053,5
u_3dfc4971,59053,5
u_c1716b07,59053,5
u_ae20317a,59053,5
u_7271f9f5,59053,4
u_510b8d70,60341,5
u_0926b3c9,60341,5
u_c39e2024,60341,5
u_c1a43ad4,60341,4
u_3e0af40b,44342,5
u_55d39569,44342,5
u_de239bda,49113,5
u_1da5a791,49113,5
u_6615b701,49113,5
u_1a2b74c0,52291,5
u_a7546fa3,52291,5
u_d83f84a0,52291,5
u_c1ab8bdc,52291,5
u_48ef3f1f,52306,5
u_e75f43f5,52306,5
u_7f0e9d17,52306,5
u_0931b128,52306,5
u_91c6f594,55940,5
u_d13adbaf,55940,5
u_29c5b716,28521,5
u_e6ca281b,28521,5
u_5c38c61e,28521,5
u_5e543256,28979,5
u_b849aaa0,28979,4
u_ec5a0ab7,28979,4
u_319ad4db,28979,5
u_092f2ba9,28979,5
u_f62ab8aa,28990,5
u_356b0a9e,28990,5
u_f14153c1,28990,5
u_dbea438b,28990,5
u_2351038f,32199,4
u_be560ac6,32199,5
u_35df13a6,32199,5
u_ce1e6162,32199,3
u_0b83e5af,33618,5
u_f050641a,33618,4
u_c0ec11b3,33618,2
u_5ee6095e,33618,5
u_c1378329,33618,5
u_4529f780,82082,5
u_1ccda2f2,82082,5
u_7dd73494,82082,5
u_cb0eb0f0,82082,5
u_d95e319c,82082,5
u_faf68213,88459,5
u_91ea59f7,88459,5
u_fb57dc26,89225,5
u_0068c866,89225,5
u_e1395537,89225,5
u_8cd8b267,90675,5
u_1def83f1,90675,5
u_f9f7f953,64832,4
u_6e77f4a6,64832,5
u_2243200c,64832,5
u_38b0adc1,64832,5
u_fecee289,61890,5
u_83dde17f,61890,5
u_d37c065a,63898,5
u_c3b8f5c5,63898,5
u_003835f8,63898,5
u_9156c085,63898,5
u_ea9a1231,63898,4
u_80a998f5,27478,5
u_930788e6,27478,5
u_7ecf4049,27478,5
u_0085406c,27478,5
u_26289bea,28965,5
u_67bddc82,30022,4
u_91e6ec94,30022,5
u_1c2389c3,30022,5
u_1f53bf17,30022,5
u_572a27dc,30086,5
u_cd5da99b,30086,5
u_72d6d9d6,30086,5
u_cb54aec8,21178,5
u_5bef1ac0,21178,5
u_b218fc67,21178,5
u_66efb7e0,22490,3
u_858735b3,22490,5
u_166b3470,19102,4
u_6e18f544,19102,5
u_5695a922,22380,5
u_3c66d5b5,22380,5
u_185b7971,22380,5
u_75298c75,11325,5
u_c8a5ffb3,12388,5
u_641e1412,12780,5
u_566a091e,12780,5
u_8ea52eee,12780,5
u_f1a52a26,13822,3
u_609e92ff,13822,5
u_e25bac99,14373,5
u_01e187a8,14373,5
u_33a926ec,15954,4
u_e7a23897,15954,5
u_8ef274f1,16522,5
u_2528f03c,16522,5
u_10a96d94,16522,5
u_f088c678,16522,5
u_c67b6e3d,17013,4
u_9720d5c4,17013,5
u_75b7e00f,17013,5
u_4f1daa39,17096,5
u_cce8ede3,62296,5
u_1434f4cd,62296,5
u_a2fbcdc3,62296,5
u_2303b0db,62296,5
u_242c7ee5,62296,5
u_06a079b6,63899,5
u_1cce7c90,63899,5
u_3447196a,63899,5
u_2d670cf8,63899,5
u_f1a14104,68107,5
u_31793da7,68107,5
u_5bd4778f,64325,5
u_3790df49,64325,5
u_aaa94d43,64325,5
u_4ec07ae9,64325,5
u_e04feb57,64325,5
u_2528f03c,99715,5
u_1d6f1030,99715,5
u_b2e466b8,99715,5
u_345b01fb,99715,5
u_a214b44b,99715,4
u_36111273,96795,5
u_6f629596,96795,5
u_5d51a5cb,96795,5
u_50b327b7,96795,5
u_d45abfa5,96795,5
u_89bd8a55,82067,4
u_295419f8,82067,4
u_db32699d,82067,5
u_336ba00f,82067,5
u_ea2829e1,82067,5
u_04234717,53193,5
u_e67987ea,53193,5
u_860bd5c8,53193,4
u_a336f645,53193,5
u_b3ac5305,53193,5
u_ccefad35,53706,5
u_67516c3c,53706,5
u_af9166df,53706,5
u_645d2d4d,53706,5
u_8f8dac8c,53706,4
u_e3162cca,72331,4
u_b1baf5e0,72331,5
u_95b809df,72331,5
u_df6c1ef0,72331,5
u_bbaa8001,73650,5
u_cce85c7a,74388,5
u_e11aedde,74388,5
u_278d18ea,74388,5
u_86f69a77,74388,5
u_709fc719,75775,5
u_eea8f974,77301,5
u_3799ad8a,77301,5
u_e0f02cd1,77301,5
u_d383e925,77301,4
u_9850711d,77301,5
u_696fbe90,77855,5
u_3c05791c,77855,4
u_f0ddde69,77855,5
u_c3aafb77,77855,4
u_384d861f,77855,5
u_6151499f,78051,5
u_62c5428a,78051,4
u_a75e6690,78605,5
u_41ba7089,78605,5
u_8eb0ed3a,78605,5
u_9099fad9,78605,5
u_c8e9633b,78605,5
u_7f6bc54d,79064,5
u_4874b267,90119,5
u_677d142f,84107,5
u_f3124c3a,84107,5
u_f2f5b336,84107,5
u_9ec74111,86448,5
u_016caa0b,86448,5
u_99830b4c,82889,5
u_7d252fdf,82889,5
u_875b452c,82889,5
u_06bd01e7,49197,4
u_c59e3854,49197,5
u_b9a84c6b,49197,5
u_255905c7,49197,5
u_f8c8cd6b,49197,5
u_94882fbc,49700,5
u_c3c4d333,49700,5
u_1b595245,49700,5
u_93172af9,51997,5
u_5e543256,51997,5
u_da608cfb,51997,5
u_68852c74,51997,5
u_74c07c42,32205,5
u_aacc0d93,32205,5
u_22d3d7cb,32205,5
u_6c197bbf,32205,5
u_7a51430c,32205,5
u_4ad35edf,45640,5
u_5e543256,61078,5
u_74b31ef8,28771,5
u_9e4e79dd,28771,5
u_c95af720,28771,5
u_568fb6d5,28771,5
u_2669a650,28771,5
u_2dd34092,38610,5
u_1d021f78,38610,5
u_ea21a594,38610,5
u_860b23bd,38610,5
u_8e2dc636,38621,5
u_771b9da8,38621,5
u_15fb1ba5,42903,5
u_a220a6e6,42903,5
u_963bb28b,42903,4
u_a372b9a1,44533,5
u_0230bae0,44533,5
u_15571b6f,44533,5
u_5e543256,44533,5
u_998f3045,48952,5
u_e055b0ba,48952,5
u_8f641341,48952,4
u_d3b7216e,48952,5
u_82e1a72f,48952,5
u_fa20f4de,49260,5
u_14899483,49260,4
u_e8f3cc18,49695,5
u_5e31d5d7,50927,4
u_321befe8,50927,4
u_5ace2d98,50927,5
u_cfb1e8c5,51763,5
u_546cb004,51763,5
u_449d59ca,51990,4
u_09dd8e32,51990,4
u_06ac3a9c,51990,5
u_ca1a6f84,51990,5
u_0cf84db7,51990,5
u_714e5c55,52292,5
u_ded744b0,52292,5
u_4d4c4c16,52292,4
u_24638db7,52472,5
u_29dd9a09,25693,5
u_c7bf6bbd,25693,4
u_8052f6f0,17016,5
u_a0017265,17016,5
u_6fdf755d,17016,4
u_e6ca281b,17016,5
u_5ebf5419,17016,5
u_57afe548,24746,5
u_dcfb6f5e,24746,5
u_c5dc1bf6,24746,5
u_b8817830,24746,4
u_399e3fa5,24746,4
u_0c330e21,26435,5
u_9d1df243,35084,5
u_9afd3ccd,35567,5
u_690c9da1,35567,5
u_da7587fc,36068,5
u_a7546fa3,36068,5
u_ff052476,36068,4
u_6012be0d,36068,5
u_a583e53b,36243,5
u_ce5a6eea,21945,5
u_347661d8,21945,5
u_22c78aad,21945,5
u_32b3187a,21945,5
u_492dacb7,24245,5
u_c1813527,25251,5
u_ce5a6eea,25251,5
u_da59e7b9,25251,5
u_07c6b57b,17715,5
u_e3b316c2,17715,5
u_a38ddb52,28765,5
u_67bddc82,28765,3
u_eb4a4a98,28765,5
u_8d2ed51b,28765,5
u_2b5a65fd,28765,5
u_6ef997a1,28899,5
u_cf3728b7,28899,5
u_e680a75f,29234,5
u_198bd56c,29234,5
u_497ed4a4,29234,5
u_5d1c473e,29234,5
u_88596eda,29234,5
u_fc53ca4e,30149,5
u_77d068d4,30832,5
u_ff789f32,31467,5
u_7d854b73,31467,4
u_df2a7be7,31637,5
u_7654511d,31637,5
u_bd6d7e66,25736,5
u_a85a47f2,25736,5
u_26bae853,25736,5
u_7654511d,25736,5
u_5ebf5419,25736,5
u_94d84afa,26795,5
u_514e9369,26795,5
u_8b6efa65,26795,5
u_0125c3b5,26795,5
u_efd5deb5,26795,5
u_c992ec39,27441,5
u_d6c119c0,27463,5
u_53ec3ce3,27852,5
u_f0215f39,27852,5
u_05afc438,27852,5
u_14740376,27852,5
u_d4dd9bd3,27852,5
u_9022bc0e,28025,5
u_b92f9369,28025,5
u_e1febdba,28025,5
u_31df30ff,28025,4
u_c3aafb77,28025,4
u_28390f8d,28517,5
u_0269ab39,28517,5
u_730ca787,28517,5
u_54bff9d0,28517,5
u_253d3c46,28517,5
u_154fa120,62783,5
u_d734514d,62783,5
u_a2da624f,90676,5
u_70be7bd4,90676,5
u_ebcf3ed4,17526,3
u_ca2b85dc,10218,5
u_36c45ecd,10218,4
u_b13964e5,10218,5
u_001167a5,10218,5
u_c3aafb77,34503,4
u_b1dc9102,34503,5
u_546cb004,34503,5
u_ef41bcfa,34503,5
u_4ad35edf,34503,5
u_ec2cf7a4,34805,5
u_8c393d09,35897,5
u_56f7dbfc,35897,5
u_69e1db5a,20852,5
u_ee9151e3,27350,4
u_ccfdbb8b,28013,5
u_9f4b51d4,28013,5
u_c54b77e0,28219,5
u_e9e8f089,28219,5
u_6850bb8b,28219,5
u_06fa4949,28219,5
u_5ebf5419,28219,5
u_f5df6232,64928,4
u_32f368ac,64928,5
u_0931f909,64928,5
u_6e77f4a6,64928,5
u_bd730af7,68168,4
u_d3e7f9d4,68168,4
u_68ed2446,68168,5
u_6fe4f053,68168,5
u_f7ddd7d4,57153,5
u_b899e09e,57153,5
u_6a4f410f,57153,5
u_9d5ed323,64326,5
u_0aaf267a,64326,5
u_3e4dc14d,64326,4
u_680a47a5,64326,5
u_9a2309bc,64326,5
u_0f00af98,66467,5
u_ba65d021,66467,4
u_e19559d7,66931,5
u_9850ec8f,66931,5
u_5e543256,66929,5
u_2d076568,59296,5
u_026a0ae6,14366,5
u_e21fb09c,79802,5
u_353b634b,57499,5
u_34c44af4,57499,4
u_7b98f9d7,60617,5
u_896aeb5b,60617,5
u_ee13cd4e,60617,5
u_3fbb02dc,60617,5
u_46f03eb0,60617,5
u_76262c8e,27451,5
u_558edab9,27451,5
u_157095d6,27451,5
u_1203d4b7,27451,5
u_21280333,27451,4
u_4352effb,31075,5
u_f98a43aa,31075,4
u_e63ed88d,31075,5
u_ffca8278,31075,5
u_42226136,31075,5
u_7f619b98,35070,5
u_84f8f5e3,35070,5
u_1ed7f9f6,35070,5
u_1fc29711,35070,5
u_ed28d71f,35070,5
u_38297b3b,41148,5
u_280ea87e,47014,5
u_ebadd129,47014,4
u_9cfcd238,47014,5
u_8f51691f,47014,5
u_427313d9,47014,5
u_a1b3456a,47015,5
u_0cbc6611,47015,5
u_56a95c0d,47015,5
u_9cdfb439,47015,5
u_4adf499d,47015,5
u_eacd478a,47201,4
u_280ea87e,47201,5
u_3b8d1091,47593,4
u_ae97e0b1,47593,5
u_2ab716d6,48753,5
u_f3d5f16b,48753,5
u_c1db087c,48753,5
u_6d58827b,48753,5
u_f2e503dd,48753,5
u_96013d2b,49082,5
u_44393d59,49082,5
u_2d057a43,49082,5
u_bbd1589d,49680,5
u_e5f73904,51994,5
u_9e5cfe6a,51994,5
u_1a8ad8f0,51994,5
u_39cc47fb,51994,5
u_d083bdad,57320,5
u_42344e08,57320,5
u_b1471c7d,57320,5
u_cea6ce39,57320,5
u_80175645,57320,5
u_1ed7750d,39411,5
u_1a2d05db,39411,5
u_da84bdd5,39411,5
u_a7124c27,39411,5
u_504c75ec,44994,5
u_33c40c53,44994,5
u_38e5df6f,48377,5
u_e009fdb8,48377,4
u_6a73483f,53190,5
u_83d77e71,61884,5
u_ae077732,61884,5
u_fe4ee7b1,61884,5
u_58b96962,61884,5
u_7d9398fc,61884,5
u_4bfc8d6a,32724,5
u_6012be0d,32724,5
u_fde08f47,32724,5
u_504c75ec,32724,4
u_edfabc41,35033,5
u_2d488243,35033,4
u_ddfccc62,35033,5
u_7ffb2756,35033,5
u_918354d9,35033,5
u_453ef18d,35964,5
u_f952320a,35964,3
u_27c92c87,35964,5
u_54603e84,35964,5
u_682ffdc4,35964,5
u_7a5e9cc9,37244,5
u_670bf30d,38530,5
u_504c75ec,38540,5
u_e6b067bb,39405,5
u_767bf557,39405,5
u_3c5b9e94,39405,5
u_ec2cf7a4,39405,5
u_f7584095,39405,5
u_1cdd3200,41145,5
u_1a46221c,41145,5
u_11a360b9,41145,5
u_0c62cbf8,41145,5
u_b4b070a6,41145,5
u_e528f782,34636,5
u_7b78e1ca,34636,5
u_ecd5d0c6,35037,5
u_9877d483,25691,5
u_83fafe5f,25691,5
u_8205d7f6,25691,5
u_f53221a2,25691,5
u_11b68894,25691,5
u_40950fee,26230,4
u_7bd17822,26230,5
u_2a3117fb,26230,5
u_77c2d57c,26230,5
u_8ee16337,26230,5
u_57e87c82,35541,5
u_0ab04f06,24477,4
u_6df86cfa,24877,5
u_7a51430c,24877,5
u_7b9d1b89,26050,5
u_df651668,26050,5
u_56aa9bf4,26050,5
u_67933485,26050,5
u_67523d84,26050,5
u_d256c915,28967,5
u_b9b43673,28967,5
u_68dfbc7c,28967,5
u_98a81c6e,28967,5
u_ec2cf7a4,28967,5
u_0a5279cd,30004,5
u_c5d05c65,30004,5
u_e2f40317,30004,5
u_413aac74,30004,5
u_780fb3ff,27246,5
u_71269e89,27246,5
u_eaf09622,27246,5
u_89f2657f,27246,5
u_fafb934d,27246,4
u_6acfa301,34257,5
u_689056fd,34257,4
u_fecee289,53270,5
u_efe42ff4,53270,5
u_6e260609,53270,5
u_de9037bc,67556,5
u_7d84542f,67556,5
u_b48ecf6b,67556,5
u_9307f526,67726,5
u_5c54fffc,67726,5
u_7a68c670,67726,5
u_e7fd2a6e,67726,5
u_22b1a842,67726,5
u_85572c5b,62370,5
u_50b2c302,62370,5
u_ab18591f,62370,5
u_bab9643c,66930,5
u_b69e0459,90677,4
u_1d218ab0,90677,4
u_0aa555c7,90677,4
u_f97dd85a,35566,4
u_ab1d59b3,35566,5
u_b588585f,35566,5
u_35e8fbac,35566,5
u_5cad9d94,35566,5
u_3da1db3f,42973,5
u_6f773699,42973,5
u_c8caaa9d,42973,5
u_6eef123c,42973,4
u_07ca1a25,57498,5
u_fd4fd655,57498,5
u_f075b5e9,33626,5
u_5e6d19d5,33626,5
u_eebbaefa,33626,5
u_9a1f9f50,33626,4
u_6f82356a,33626,5
u_c211a717,50348,5
u_ebadd129,50348,5
u_b0f492af,50348,5
u_84b54804,50348,5
u_1fa25d97,50348,5
u_5b75217e,42153,5
u_a249dac9,42153,5
u_25a4d9ea,42153,5
u_c35db556,42153,5
u_a7b18154,36485,5
u_6c0bcf4b,36485,5
u_42ef4482,36485,5
u_9f37ea6e,36485,4
u_288cb5b3,45051,5
u_9ff9214b,45051,5
u_2de016f7,45051,5
u_d3760b48,45051,5
u_a3251b8c,93646,5
u_9dea07b8,93646,5
u_143616ef,93646,4
u_8416864d,93646,5
u_6bb0f061,93646,5
u_0631813d,64927,5
u_1891e3cc,64927,4
u_41b2d90a,64927,5
u_da6e2783,64927,5
u_599bfad2,68861,5
u_844bb614,68861,5
u_6d1989b4,68861,5
u_00a00cad,68861,5
u_bfa15489,68861,5
u_dc827c39,77853,5
u_f5ba7fcd,77853,5
u_a2f1396e,77853,5
u_e6326599,77853,5
u_b94e43ca,77853,5
u_5a9be84b,90112,5
u_496a9ba0,90112,5
u_c924cb20,90112,5
u_710dd971,36493,4
u_95b0d692,39200,5
u_1bb51079,39200,5
u_166c54a0,16520,5
u_fa42e4d1,16520,5
u_37d0d80f,16520,5
u_33b2c244,74613,5
u_531b302a,74613,5
u_0f1e00a4,74613,5
u_7a4acf06,74613,5
u_74d3abfb,85242,5
u_0f0a751a,85242,5
u_b746d893,85242,5
u_2338a72f,85242,5
u_eb83d997,85242,5
u_1672b888,114010,5
u_610360fb,114010,5
u_6981f370,114010,5
u_797b6bb9,114010,5
u_e9269ee1,114010,5
u_c9443b04,99687,5
u_797b6bb9,99687,5
u_a4f2ef7d,99687,5
u_6321fcd3,99687,5
u_bc039522,99687,5
u_68ac99c8,58610,5
u_bfbca476,58610,5
u_e54ef0a3,58610,4
u_a3bb6ba8,58610,5
u_c5e5f313,66374,5
u_29218750,66374,5
u_50e24551,66374,5
u_3fcdb0ae,66374,5
u_0469d451,66374,5
u_e6ca281b,65918,5
u_3c41762b,65918,5
u_963dd8c9,65918,5
u_b063fbc9,65918,5
u_2eba45d8,65137,5
u_219aac8b,65137,5
u_1fc29711,59254,5
u_ccba3929,59254,4
u_95f48bab,59254,5
u_8b3de55c,59254,5
u_c5fb3754,59254,5
u_fed5255c,64834,5
u_29360705,64834,4
u_ff898a33,51222,5
u_22b1a842,51222,5
u_a991c3be,51222,5
u_bc5e7041,51222,5
u_da4c6d21,51222,5
u_18c94863,51797,5
u_fa20f4de,51797,5
u_d99f4fad,58612,5
u_bd6fed95,58612,5
u_e2f40317,58612,5
u_b4d27003,58612,5
u_9c6fb903,18071,4
u_47e7fc71,18071,4
u_c1bdb9a0,18071,4
u_7144ee83,18071,4
u_5aab559c,18071,5
u_997b0cf2,31495,5
u_940f4572,31495,5
u_55e9351e,31495,4
u_fb57b57b,31495,5
u_ebe0c0c0,31495,5
u_b00953f6,33485,5
u_5c4b2e12,33485,5
u_a38b9485,33485,5
u_c126ab62,33485,5
u_d879636b,33485,5
u_6a4f410f,50751,5
u_ade4c021,50751,5
u_a2c9458b,72211,5
u_9192d7e6,72211,5
u_4e1abd48,72211,5
u_2e7ebfec,72211,5
u_4d243366,72211,5
u_0a1c40b2,18388,5
u_96ab7d70,18388,5
u_ab3318ae,18388,5
u_4be80b01,18388,5
u_75eff9f1,18388,5
u_8e0f104f,42337,5
u_3093b64d,42337,4
u_6c2e68a4,42337,4
u_77bd1e13,42337,5
u_4a1f8416,33487,5
u_f2e02ee5,33487,4
u_d7d56e3c,33487,4
u_a6c2e264,33487,5
u_5ab0e1e4,33487,5
u_f0008021,59294,5
u_9dea07b8,59294,4
u_718b8d46,59294,5
u_96ed4261,59294,5
u_e7f0ecd6,59294,5
u_b6492732,65919,5
u_4105b354,65919,5
u_cf2dea43,65920,5
u_d59f4e49,65920,5
u_7a8a3cd2,65920,5
u_13ffd023,65920,5
u_d9927faf,58855,5
u_ee3f6261,58855,5
u_ab9fc530,58855,5
u_e120cd9e,58855,5
u_2db6f981,99776,5
u_effadbff,99776,5
u_7e58ab7c,99776,4
u_44eb1fdc,99776,5
u_aebfb725,99776,5
u_d6c1bf32,93817,5
u_c9443b04,91991,5
u_12b105ad,91991,5
u_ebcbdb4e,91991,5
u_624eba40,90116,5
u_ffa09657,90116,5
u_26ac42db,90116,5
u_4b46e21d,90116,4
u_92a21201,90116,5
u_55d0884b,75812,5
u_57659df8,75812,5
u_29afe71e,75812,5
u_08cf8246,75812,5
u_5ffdec86,75812,5
u_c0884c57,84109,5
u_f64e8a9b,84109,5
u_07abbbc8,84109,5
u_01dc7213,84109,4
u_0783bfe6,84109,5
u_b129e74e,72751,5
u_2577cd28,68859,4
u_96c18ca6,68859,5
u_b549e648,86450,5
u_b9ca05ee,86450,5
u_b63db3a7,86450,5
u_fa8e80fe,86450,5
u_b1e57901,85247,5
u_14e2fbe4,85247,5
u_6015cfa4,85247,5
u_063961ae,88715,5
u_be203ee3,88715,5
u_dfee82b8,88715,5
u_826d2416,88715,5
u_e364fda0,80473,4
u_f6356170,80473,5
u_f0caebeb,80473,5
u_c1a46936,80473,5
u_2f892386,112586,5
u_db794ad6,112586,4
u_a02edf78,112586,5
u_e5935fe2,112586,5
u_25bbc01a,112586,5
u_17e3abea,84111,5
u_2e00e4d7,84111,5
u_ffd058a8,84111,5
u_51c1b210,84111,5
u_f1a52a26,84111,5
u_2855cae4,85280,5
u_c94aa450,85280,5
u_4b4f0497,85280,5
u_5d204b50,85280,5
u_2d25faaa,79219,5
u_635473a5,72332,5
u_a600a46e,72332,5
u_fd12b805,72332,5
u_98e1d7e7,72332,5
u_2d690325,72332,5
u_6dd78d6a,76443,5
u_69156b5e,76443,5
u_e215598d,76443,5
u_a898b95b,76443,5
u_2bc41580,76443,5
u_f21b14cb,68866,5
u_fac9e34e,68866,5
u_9c0c00ae,68866,5
u_d9583de7,72334,5
u_649643c7,72334,5
u_db71d558,72334,5
u_9f73fbab,72334,5
u_dfc311cf,83012,5
u_fa85166a,83012,4
u_2fdaab9f,83012,5
u_786bb537,72337,5
u_d3d24801,72337,4
u_b166a396,72337,4
u_72035b20,72337,5
u_2243200c,90306,5
u_c2ec8e07,90306,5
u_330696e3,90306,5
u_9240af68,96373,5
u_fec44638,96373,5
u_04f4c48f,96373,5
u_83249149,96373,5
u_8837ee6a,96373,5
u_a307020a,112588,5
u_f5c4c847,112588,5
u_be9ea508,112588,5
u_ebead21a,112588,5
u_e5935fe2,112588,5
u_da38d316,92993,5
u_6fb7614c,92993,4
u_f27d5bdf,92993,4
u_3b21ca9d,92993,5
u_218a7583,93386,5
u_c61757b5,93386,5
u_27189a0a,93386,5
u_864a2c19,93386,5
u_911c23f6,93386,5
u_008099dd,99768,5
u_6bf2d2f0,99768,5
u_bb8390b9,99768,4
u_f375dbdf,99768,5
u_74e58ed7,99768,5
u_9423e91c,99770,5
u_9da0747b,99770,5
u_0bbd5ddd,99770,5
u_cd7b005c,99770,5
u_80fecc54,99770,5
u_494de328,97391,5
u_8001161f,97391,5
u_9cd49ad9,97391,5
u_26e10916,97391,5
u_ca706ad0,97391,5
u_73e56316,98130,5
u_cc7d08e7,98130,5
u_c6a9a36d,98130,5
u_9ff4e4f6,98130,5
u_fafb934d,99769,5
u_48aa62f6,99769,5
u_7266e52d,99769,5
u_36aafe07,99769,5
u_d9fe277c,99769,5
u_fee9ba74,96948,5
u_2c82c30d,96948,5
u_22d82ef4,96948,5
u_e00e031d,96948,4
u_7e4b119d,98498,5
u_3ece311d,98498,5
u_113aafc4,98498,5
u_a1df3913,98498,5
u_f959130b,98498,5
u_2286fcf1,105896,5
u_cf66e4e3,105896,5
u_781036cc,105896,5
u_4ed65241,119577,5
u_257fbc04,119577,5
u_74f5669d,119577,5
u_71d7bf91,118085,5
u_341fdc7f,118389,5
u_21f37eb0,116195,5
u_890d6968,112590,5
u_00f6d7d8,112185,5
u_40a580b4,112185,5
u_5937c4ee,112185,5
u_467b71d7,112185,5
u_f58f0e5a,112185,5
u_9c311d8b,110984,4
u_38c68f98,109160,5
u_18c94863,111767,5
u_75436213,108829,5
u_e362c05d,102243,5
u_8ad20b63,102243,5
u_41ab108b,106050,5
u_61d7b906,106050,5
u_86e6e0d6,106050,5
u_fae2dd08,106050,5
u_a3d05e40,106050,5
u_a2a8daa2,112584,5
u_025de4a3,112584,5
u_e4e253dc,112584,4
u_66d839e3,112584,5
u_4e504cb4,112584,5
u_8740d76d,111552,5
u_703b563e,106045,5
u_10ae961a,106045,5
u_b240b971,106045,5
u_3be9b485,106045,5
u_684c3a86,121438,5
u_73d7b687,121438,5
u_4273583e,121438,5
u_8295c3e1,124253,5
u_1e62636b,124662,5
u_46c9a651,129677,5
u_6cf348d4,128379,5
u_c8cbb1f2,128379,5
u_c1084ba4,112580,5
u_5a81b414,112580,5
u_9372273e,112580,5
u_5ebf5419,112580,5
u_f0991291,112580,5
u_165eb248,121460,5
u_272de747,31334,5
u_027b6b4f,115958,5
u_fafb934d,115958,5
u_f718b926,120537,5
u_a819f52c,100433,5
u_68eb07b5,98803,5
u_fdb045c0,98803,5
u_ccd0f6f6,98803,5
u_e8153c64,98803,5
u_cbb28212,100861,5
u_a7072b3c,70408,5
u_1b595245,82011,5
u_8b2aae86,82011,5
u_35a38cd1,82011,5
u_d9cb2384,76751,5
u_5e543256,76751,5
u_11ac68fd,76751,4
u_9032b30b,76751,5
u_8d5c67e5,76751,5
u_3d659426,101769,5
u_05b0df14,101769,5
u_f2d67ed3,101769,5
u_f3584501,101769,5
u_c069d6a1,101769,5
u_656b92e7,101832,5
u_59f7d7d7,101832,5
u_835ca5f9,101832,4
u_9f281006,101832,5
u_57275a54,101832,5
u_6535ae64,103531,5
u_00ad0b80,103531,5
u_dce96db9,103531,5
u_7b19f0dd,103531,5
u_c14ead48,103531,4
u_923da32f,102313,5
u_75765646,102313,5
u_ff138083,104367,5
u_6e254d1d,104367,5
u_17d97d5c,104367,5
u_cb50f686,102655,5
u_4ad35edf,102655,5
u_32402943,109270,5
u_0169be06,109270,5
u_44c31efb,109270,5
u_d675941d,109270,5
u_732ff8a5,109270,5
u_763ea932,108984,5
u_c6b6d015,108986,5
u_28a758b5,108986,5
u_bc475fb3,107609,5
u_a884d841,109540,5
u_dcebbcad,109540,5
u_25c9b34a,109540,5
u_d675941d,109540,5
u_267fcc34,110214,5
u_25c9b34a,108929,5
u_44c31efb,108929,5
u_d675941d,108929,5
u_f059f7a9,92491,5
u_099c96ad,90905,5
u_38032c5d,90905,5
u_e2e0b763,90905,5
u_ed1a81aa,90905,5
u_bb964f7e,90905,5
u_34af39aa,95014,5
u_b90f03f1,95014,5
u_b66388eb,95014,5
u_dfee82b8,91656,5
u_a55961b0,93960,5
u_b66388eb,90903,5
u_ec2cf7a4,20998,5
u_8dba6e8f,26234,5
u_e46f22b0,24495,5
u_1b03a4a6,26641,5
u_4c9f7f8b,26641,5
u_d96050d7,17571,5
u_db47b38e,17571,5
u_f6484106,24109,5
u_d84e92be,30418,5
u_8adf408a,30418,5
u_2ef5cf3d,78834,4
u_eac1eec1,78834,5
u_2398ac15,78834,5
u_32762464,78834,5
u_2e3e337b,86032,5
u_aab3e5f6,86032,5
u_ebd29ad5,86131,5
u_858500d4,86131,5
u_1eac0275,86131,5
u_f2842bb1,86131,5
u_37fbfbbf,93958,5
u_3e3af4b4,93958,5
u_1c23ce2e,93958,5
u_55ada23a,93958,5
u_09165532,93958,5
u_de289bd8,97512,5
u_6e89a30a,100470,5
u_34af39aa,100470,5
u_1fc29711,100470,5
u_38032c5d,100470,5
u_6772f67a,100470,4
u_3795821f,113726,5
u_ba93c227,28197,5
u_474b71ed,31215,5
u_b4346433,31215,5
u_7a7ef547,33996,5
u_b4d27003,41949,4
u_75ba4d60,41949,5
u_9e09356c,34339,5
u_b13964e5,34532,5
u_de6a7572,35107,5
u_ef7e5172,36965,4
u_89455a68,36965,5
u_7a52bf59,36965,4
u_f174f33a,36965,5
u_fa5ce9a5,38726,5
u_2a4385db,38726,5
u_88596eda,38994,5
u_07b15422,40275,4
u_e6ca281b,40275,4
u_36ad4c01,40275,5
u_a2f61b9a,45235,5
u_0098f9f6,48433,5
u_52171124,48451,5
u_ff138083,51153,4
u_dbb672e4,51153,4
u_1a1c80bb,36111,5
u_7ccd965e,53379,4
u_ba169b75,53381,5
u_41f70148,53381,5
u_4711207d,53381,5
u_c992ec39,54960,5
u_4bec8147,54960,5
u_9afeb8ca,56898,5
u_6b8aa739,56898,5
u_8a29975e,62549,5
u_49c3e2a0,34650,5
u_fa9f4db8,34650,4
u_73db52d4,34650,5
u_47a80764,34650,4
u_9610036f,35229,5
u_83269271,35229,5
u_32642a76,35229,5
u_ec5dbe27,35229,5
u_8a1f90eb,40556,5
u_c67308b0,111608,5
u_e08fd845,25272,4
u_c081fbe9,45714,5
u_7cc50602,45714,4
u_dda05c7b,45714,5
u_3b2245b0,60304,5
u_0ff6ee26,61872,5
u_2fedb17e,61872,4
u_6645c865,61872,5
u_041cda4f,61872,5
u_dcebbcad,63014,5
u_25c9b34a,63014,5
u_d675941d,63014,5
u_44c31efb,63014,5
u_92f37a1a,63047,4
u_dcebbcad,64741,5
u_8301ad6c,64741,5
u_c3c89b38,64741,5
u_0169be06,64741,5
u_44c31efb,64741,5
u_00dd4cfc,67088,5
u_dd65ef9a,67088,5
u_b5d5ae9b,70005,5
u_6c0a7d32,70005,5
u_1c9e0048,70005,5
u_9ea40fec,70005,5
u_b94a2bfb,74288,5
u_11f7a502,74288,5
u_c273ef53,74288,5
u_60398dff,74751,5
u_505fea8a,107225,5
u_25c9b34a,107225,5
u_36c034e2,107225,5
u_33af5339,25610,5
u_6a8907bc,36410,5
u_d3facf36,36411,4
u_44eb1fdc,36758,5
u_cbbef434,36903,4
u_affa3cc5,37858,5
u_350c58af,37858,5
u_c352e107,37858,5
u_5dfb0644,37858,5
u_39d1e842,39284,5
u_24a5bf04,39825,4
u_311dc434,40514,4
u_4b1c83ad,40514,4
u_a76cca1a,40514,5
u_d02e05f9,41132,5
u_7923ff5c,41143,5
u_06f8595e,41151,5
u_546cc7a8,41151,5
u_52019ad7,41151,5
u_8fef14c4,41151,5
u_22caaf0a,41151,5
u_220ae37e,30586,5
u_a7c8df69,30586,5
u_cdb6a685,30586,5
u_6b6d8263,30586,5
u_55c78123,31261,5
u_ab1d59b3,31261,5
u_83548f88,31261,5
u_a62a2ebb,31581,4
u_b4b5871d,35359,5
u_1a370d1b,36189,5
u_dbf84670,36189,5
u_4ec49150,36189,4
u_868bfc23,36189,5
u_3086535a,36189,4
u_77fd024c,25483,3
u_71ac6441,25483,5
u_5e213d1d,27796,5
u_7b802558,27796,5
u_f9f3a4f6,27796,5
u_2055b9e8,27796,5
u_e17c22dd,27796,5
u_62cdbee1,28005,5
u_e5d471ab,28008,5
u_5a2137fc,28008,5
u_585f0f6d,28008,5
u_24a5bf04,28233,5
u_6e18f544,28233,5
u_1cdf6abf,28288,5
u_dc3c1447,28690,4
u_258f1dff,28690,5
u_da5ed030,28690,5
u_85d93872,29000,5
u_fafb934d,29000,5
u_0fb5451f,29000,5
u_4d8d3f5a,29026,5
u_eed877d0,29026,5
u_9541b8b6,30692,5
u_71305cf9,30692,4
u_11b1768f,31112,5
u_55d0884b,31112,5
u_c841f882,31112,5
u_212b992b,31112,5
u_0931f909,31112,5
u_fe8542c1,31446,5
u_67356cba,31458,4
u_0c196adf,31793,5
u_a482067e,31793,5
u_c3dcd179,31793,5
u_00547b54,32558,5
u_62ce038f,32564,5
u_8787142b,32564,5
u_9a446374,99884,5
u_ff89e83a,100263,5
u_747b7315,100323,5
u_48d0e9a4,100672,5
u_8f9e2d8f,51700,5
u_d8944443,53383,5
u_89e0cf03,54979,5
u_cec7ec89,56057,5
u_f2001f16,60122,5
u_ae8851af,60548,5
u_4bff0c27,60548,5
u_41be969d,60548,5
u_6305970a,62660,5
u_4785e2bc,62727,5
u_dcebbcad,63052,5
u_d675941d,63052,5
u_44c31efb,63052,5
u_14799960,63588,5
u_517380ac,63588,5
u_ae01c689,63588,5
u_ace5ae37,63746,5
u_f39d2c64,64261,5
u_7a7b5a44,64261,5
u_9e4a53fd,64261,5
u_a64971b1,66275,5
u_cc75418c,66275,5
u_fa98de6b,66275,5
u_81cbcd35,66275,4
u_bf2d8ddd,66275,5
u_938b2773,66531,5
u_82ba208e,66531,5
u_bfd603c8,67757,5
u_4b599aa9,67757,5
u_52146d5f,67757,5
u_e75084b2,67757,5
u_52e69746,67757,5
u_ecd1da8b,69109,5
u_d903f8b8,69109,5
u_c65ab595,43328,5
u_885ed8cd,43328,5
u_64522916,43328,5
u_65f8dfd1,43531,5
u_8394f034,43531,5
u_eef4d4bf,43751,5
u_88163c52,43751,5
u_4e556c40,44122,5
u_e8bf09cf,44990,5
u_25d8e3b4,44990,5
u_1a07e9b3,70394,5
u_682ffdc4,70394,5
u_a814a713,70394,4
u_9ac2007d,70394,5
u_a077ccf6,60590,5
u_b627a06d,64475,4
u_64cd4170,64475,5
u_359dd470,65143,5
u_2f7fd5c5,65985,4
u_ae2fa8b8,67343,4
u_b48010e5,69474,5
u_2ad40099,69474,5
u_e0917a4c,71751,4
u_4c339b45,71865,5
u_0d57714e,71865,4
u_50e55180,74284,4
u_a51c95a0,74284,5
u_3f529523,74284,5
u_985e6843,74284,5
u_281b8ed4,75443,5
u_3a7a6158,75443,5
u_11ac68fd,75443,5
u_10413604,75443,5
u_749a47cb,78391,5
u_68e8bb5a,78830,5
u_9ac2007d,78830,5
u_240c6a92,78870,5
u_d0d08217,81027,5
u_a4f2ef7d,81027,5
u_11f7a502,82009,5
u_b5fe0875,83878,5
u_8cf43b62,83878,5
u_e2f40317,83878,5
u_978b6979,83878,5
u_da908994,84460,4
u_e2a8f06b,86458,5
u_afd24e10,86458,5
u_6de2df16,88240,5
u_c42fe9f5,28077,5
u_d3cfeb3d,28222,5
u_a49a2ff6,28222,4
u_42b2f763,28222,5
u_a4e21fd0,28222,5
u_01756fb6,28992,5
u_bf142320,28992,5
u_94666049,29171,5
u_498d3c6b,30103,5
u_ea3c9249,30430,5
u_07a9e501,31588,5
u_7edf40a2,31588,5
u_61321fc8,31588,5
u_5d88c0f5,31588,5
u_087a2513,32179,5
u_f986a9ed,32301,5
u_9d5b1e14,32657,5
u_f1c23713,32659,4
u_954edd1c,40279,5
u_f308f9d1,40517,5
u_d018a24b,40517,5
u_72cb1423,40517,5
u_0f526403,40526,5
u_1a0e0ae0,41219,5
u_eda3fd61,41911,5
u_7a5e9cc9,42211,5
u_78098e05,42604,5
u_8bbe4b10,42604,5
u_5e543256,42604,5
u_dc357edd,42604,5
u_31858d34,42604,5
u_fba654b7,43247,5
u_e8a67170,44149,5
u_c8e5e49f,44149,5
u_91e6e76c,16802,5
u_80711e3c,25967,5
u_4ebdb10b,25967,5
u_97e1a449,25967,5
u_f7584095,25967,5
u_cbde1e74,23997,5
u_16c55648,23997,5
u_73887fb3,16939,5
u_f2fcced3,25006,5
u_d9ce7303,25006,5
u_ff138083,26219,5
u_3ff3ef53,70021,5
u_6b6670c8,70289,5
u_a271bd62,75942,5
u_8994d90f,75942,5
u_f76ab7f4,75942,5
u_4cc63cef,79358,5
u_f502d3a8,79551,5
u_11ac68fd,79551,4
u_ade97792,79551,5
u_49ec0f42,80294,5
u_bae465d5,80307,5
u_a78888c4,85819,5
u_7fbdc752,85819,5
u_2e7160a5,85819,5
u_a4ae3a15,86208,5
u_d6158b89,86208,5
u_34af39aa,87098,5
u_83b516e3,87098,5
u_00fdab86,87098,5
u_097ab3f1,87098,5
u_099c96ad,87098,5
u_ca0d3c63,87585,5
u_8e707abc,87930,4
u_89bea00f,88377,5
u_f03012d3,88377,5
u_33e46148,89270,5
u_3b752a1e,89716,5
u_97f15b33,90897,4
u_f74986c7,94083,5
u_f364a77a,94083,5
u_db71d558,94500,5
u_6eb71461,94500,5
u_44c31efb,108925,5
u_d675941d,108925,5
u_8301ad6c,108925,5
u_732ff8a5,108925,5
u_3fb1aa4b,108925,5
u_1a2d0fd0,42205,5
u_9e09356c,43155,5
u_c992ec39,43331,5
u_3f88662e,43612,5
u_c6e6b29d,43748,5
u_2e58106f,44093,5
u_ae985cae,44093,5
u_d17e15ee,46470,5
u_8485c074,46470,5
u_93172af9,46682,3
u_d84d52b3,46682,5
u_95aaa7b8,48427,5
u_73a14bb4,48427,5
u_97569fda,48427,5
u_7d4db60a,48916,5
u_824a7c12,48916,5
u_b8817830,48950,5
u_7a52bf59,48950,5
u_01823768,49210,5
u_5357c735,49210,5
u_5e77d51d,49210,5
u_0ff6e59c,49210,5
u_a5449c57,50005,5
u_658b3aaf,50046,3
u_d7045dcf,39826,4
u_c37d49b3,91451,5
u_0c879c5b,91451,5
u_ea0675af,91451,5
u_fa6be166,91451,5
u_9b25fcf5,91451,5
u_e3045091,44992,5
u_6553f7f3,47863,4
u_298d5b38,47863,5
u_50c5002c,48800,5
u_1a6f2e26,48800,5
u_4d6155c9,48800,4
u_1167b7bf,48800,5
u_c6c746d7,49574,5
u_5f6b4467,27760,5
u_97a4028f,118482,5
u_46209370,125729,5
u_44bafd2c,125729,5
u_978b6979,122978,5
u_b6543c51,106272,5
u_ef37972f,64260,5
u_32d1a52a,64260,5
u_39625ba6,64260,4
u_0b17fa79,64260,4
u_5321d3ed,64260,5
u_ee011d42,68124,5
u_1a781d3a,88363,5
u_a8f4a705,105185,5
u_53b0cc51,105185,5
u_e0c9ca72,105185,5
u_c1c65e9d,105185,5
u_1350a159,118495,5
u_1707ef77,49568,5
u_6c74c72f,49568,5
u_d004fbd2,49568,5
u_cef42258,49568,5
u_dc51a118,49568,5
u_ba00e533,110865,5
u_15ca37f5,24111,5
u_303bc620,16386,4
u_7a488c9d,25278,5
u_ecb878c9,25278,5
u_fc285ba4,25278,5
u_73d848a4,25642,5
u_3c67a8f7,23884,5
u_0db2e76f,25277,5
u_d298946d,25277,5
u_b833e9f3,25007,5
u_8bf245ea,25007,5
u_d3ec5de7,25007,5
u_eacd478a,55206,4
u_e21fb09c,59650,5
u_567ecc10,62676,5
u_b9ca05ee,63582,5
u_0cf6562b,68456,5
u_3e0c41d1,75058,5
u_d4cf17fe,75058,5
u_1818c90f,30156,5
u_eb7130e9,32263,5
u_012a30da,33743,5
u_91ea59f7,40170,5
u_2b2b6dd6,40170,5
u_85da9640,40277,5
u_2bdd192c,41637,5
u_f90ad9bf,42569,5
u_30c35a69,42687,5
u_83065175,43674,5
u_6012be0d,43674,5
u_9e2d18e2,43674,5
u_2cab77c9,43913,5
u_ddd2f408,76006,5
u_83b516e3,76006,5
u_f6608eda,76006,5
u_e2e0b763,76006,5
u_16c76781,76006,5
u_8bfa8eb6,77531,5
u_c54325b0,77531,5
u_ec471d3b,77531,5
u_540f6ca0,77531,5
u_24f98b5d,77531,5
u_1994c5c3,93243,5
u_5f471d2c,60665,5
u_ee7f4753,60665,5
u_6258a6d6,61503,4
u_baf92137,61892,4
u_1b81f572,61892,5
u_4b46e21d,61892,4
u_da296836,61892,5
u_a114dcdf,62652,5
u_ffb2ec9c,65165,4
u_1cbec9b9,65165,5
u_d4e8097b,65165,5
u_4d717c03,65165,5
u_26e433a4,65165,5
u_ce1ced56,74488,5
u_6b2b98a4,74488,5
u_559b6e63,74747,5
u_b0ea571f,74747,5
u_818a1449,74747,5
u_5f7dee7d,74747,5
u_a5ab78e6,74747,5
u_124c313f,75064,5
u_6088b3e1,75064,5
u_8dadf491,75064,5
u_a81d1868,77038,5
u_46a4de0f,77038,5
u_0ab04f06,77038,5
u_f70dfbe4,77038,5
u_3b934b79,77038,5
u_19a49989,77528,5
u_69f8f6ec,77857,5
u_e3162cca,77857,5
u_4bdcf09b,77857,5
u_feb4cff6,77857,5
u_e7b62aae,77857,5
u_7fa5a792,78059,5
u_3e06fa39,78118,5
u_09efdc44,78304,5
u_13be6862,79246,5
u_1a75155a,79246,5
u_f0a998db,79246,5
u_ba6eb775,83389,5
u_31433d62,84698,4
u_39ae0a40,84698,5
u_37709eb3,84698,5
u_8ad88e27,84698,5
u_abb8f09e,84698,4
u_779a27e9,84942,5
u_1e7953ae,84942,5
u_7ddaab6a,84942,5
u_32b554e7,84942,5
u_15a5e862,86030,4
u_05b0df14,86030,5
u_e24cffb0,86030,4
u_1eac0275,86189,5
u_ce5a6eea,86189,5
u_f8f8034e,86189,5
u_dda25763,86451,5
u_52d88a59,86451,4
u_f2e02ee5,89203,5
u_5d0119a1,89203,5
u_1ab12dd1,75491,5
u_1f32d503,75491,5
u_34af39aa,75491,5
u_9f55c97d,75491,5
u_13e9c73c,75491,5
u_03c9c1e6,75851,5
u_e616a11f,78880,5
u_74d704bc,78880,5
u_8fad9c4d,78880,5
u_a336f645,78880,5
u_5644993d,78880,5
u_6fe4f053,83094,5
u_58af79d5,84437,5
u_3bb2cae3,84437,5
u_6bdc39ef,84437,5
u_0908b5c6,84437,5
u_36ef04ea,86026,4
u_61071a04,86709,5
u_5bcfe5b3,86709,5
u_8348754f,97539,5
u_b00d50c8,97539,5
u_2af72182,22549,4
u_cde94c31,24001,5
u_7b19ba69,27999,5
u_aa5b6b0f,28292,5
u_7148642b,29006,5
u_362a969d,29006,5
u_4260fda0,29006,5
u_5e543256,31265,5
u_4724ee4d,31265,5
u_7641020c,31265,4
u_749497fc,31265,5
u_10b998b8,31265,5
u_7e0a6a63,31577,5
u_0db2e76f,34072,5
u_d89461e1,34072,5
u_02a8d056,34072,5
u_773f341a,39368,5
u_036b7153,39585,5
u_c35db556,39585,5
u_e362c05d,39835,5
u_c89c98f4,40016,5
u_00394ea4,40016,4
u_6d07fe81,41185,4
u_4c69bf2e,41185,3
u_68bc829e,41185,5
u_687f9dbd,41185,3
u_fa858983,41289,5
u_11c77568,41289,5
u_c1e469a4,41289,5
u_c1ca4184,41289,4
u_43b829f0,41289,5
u_59439398,41465,5
u_addb61c6,41742,5
u_f74fc490,41742,5
u_da5ed030,41742,5
u_93172af9,41917,3
u_e5b8ab06,42039,4
u_c35db556,42567,5
u_3ff3ef53,42578,5
u_42ec25d0,42618,5
u_54991b0d,42452,5
u_21fffd07,42452,5
u_d23f00db,42452,4
u_82372905,42871,5
u_4ad35edf,42871,5
u_496c513e,43604,5
u_22315283,43607,5
u_15bb083d,44155,5
u_fa91f55a,44948,5
u_78683bab,46927,5
u_341fdc7f,47493,5
u_2ebbc3b0,47495,5
u_7a850718,47495,5
u_6cc0f065,48695,5
u_f1010e8c,50708,5
u_71daf82b,50731,4
u_a650c5dc,50739,5
u_02884668,50739,5
u_bff14311,50739,5
u_a3e73b5d,51143,5
u_d2940deb,51143,5
u_a901777e,51646,5
u_d001c01e,54197,5
u_bf97c55d,54197,5
u_45be95d5,57620,5
u_fc285ba4,57710,5
u_d5566672,57710,5
u_6fb5bfdf,57710,5
u_d29d92c4,57710,5
u_6b9225c4,57710,4
u_d93791f7,58518,5
u_2428c250,59647,4
u_8b77a2eb,61491,5
u_0169be06,61491,5
u_44c31efb,61491,5
u_d675941d,61491,5
u_732ff8a5,61491,5
u_616c2714,61497,5
u_59d33595,61868,5
u_31196a77,61868,5
u_7fad37ca,61868,5
u_ad02c0fb,61868,5
u_56135c05,62003,5
u_617a7c22,62669,5
u_e78df957,62669,5
u_ae01c689,64207,5
u_6b0c5802,64342,5
u_37674f0d,64342,5
u_ccfdeb1e,64342,4
u_6e95b381,64342,5
u_604b45e6,65858,5
u_096d4f6c,68106,5
u_c8a4af66,68106,5
u_3e2144b5,69467,5
u_de24704c,69467,5
u_c16258c1,69467,5
u_239f7cf5,70295,5
u_b8f1cef8,70295,4
u_9aafd162,70295,5
u_ba6eb775,70295,5
u_2e6f5545,72679,5
u_71608e32,72679,4
u_e685f753,72679,5
u_9be1cd03,73154,5
u_c1a49ceb,73639,5
u_81f787a7,73639,5
u_e9bd53a2,73639,5
u_6fa3ecbc,73639,5
u_2d25faaa,78296,4
u_0183c509,78296,5
u_ab7d78be,78296,4
u_505fea8a,78357,5
u_36c034e2,78357,5
u_25c9b34a,78357,5
u_44c31efb,78357,5
u_d675941d,78357,5
u_b0637349,79238,4
u_6bc60f5a,79238,5
u_ad9a5e4b,79238,5
u_a39d6fb5,79238,5
u_b82cf853,79545,5
u_7da3c4b7,80599,5
u_7ebc8e2a,80599,5
u_5fd639b8,80599,4
u_c4b24788,80599,4
u_a8ed61cb,83458,5
u_319f4d9c,83458,5
u_76b36071,83458,5
u_0b120fb2,84433,5
u_979f1b5c,85046,5
u_7117338c,87880,5
u_0f6cf910,88294,5
u_e6f26fd4,88294,4
u_aa2ce155,88294,5
u_a41cfacb,88294,5
u_09826833,97921,5
u_44c31efb,101762,5
u_d675941d,101762,5
u_73a14bb4,101762,5
u_e7b5c16f,104184,5
u_73a14bb4,107221,5
u_a994e6a8,107221,5
u_6837cd32,107221,5
u_3dedd54e,107221,5
u_75121b3b,107223,5
u_73a14bb4,107223,5
u_8813c28b,107223,5
u_35234c27,108541,5
u_01e630d9,95111,5
u_13ffd023,95111,5
u_6e998ef1,96425,5
u_05f4869d,96425,5
u_efde4962,96425,5
u_da5ed030,96425,4
u_7c8d2e76,96425,5
u_1152da51,100393,5
u_fa6886f7,100393,5
u_d496a8e5,100393,5
u_0f4ff027,100393,5
u_b1383d21,22543,4
u_b699571a,22543,5
u_8659a1c6,25273,5
u_9c90d4a7,25273,5
u_39e4b8bf,25273,5
u_8da1b680,27393,5
u_78792c88,54024,5
u_797f9fbd,55001,2
u_e6611b31,60595,5
u_9e8a43a0,60595,4
u_d882a95a,62551,5
u_b633323d,62962,5
u_548bb4b9,62962,5
u_6bd22512,62962,5
u_b5157c8d,64748,4
u_6305970a,64748,5
u_e932c2a4,64749,4
u_93015fd3,64749,5
u_29ca67ba,67100,5
u_248d236e,67719,4
u_1d7e89fb,68352,5
u_2473f328,70293,5
u_24f98b5d,70293,5
u_9ac2007d,70293,5
u_24851a59,71732,5
u_3a1f0b67,71869,5
u_538c3286,71869,5
u_b3ea0a77,71869,5
u_f6e15b7e,74749,5
u_46bb2e9e,74749,5
u_ee1fd8a4,74749,5
u_a51a74a7,76013,5
u_33f86114,77978,5
u_6c1f2b1c,77978,5
u_8aa0cfa1,77978,5
u_d313c170,77978,4
u_2c3a6828,77978,5
u_ac6732c9,80588,5
u_7c3cedc5,81018,5
u_800b1bae,82001,5
u_ce367291,35577,4
u_7a4fe818,35699,5
u_eae04aac,35699,5
u_c18f60c3,35699,5
u_95396c27,36215,5
u_8d71410e,36225,5
u_9e0be895,39163,4
u_85640164,39747,4
u_8ab9f72b,40035,5
u_b25aa375,41915,5
u_8d9c307c,43280,4
u_b1e86ef4,43614,5
u_8222874f,44457,5
u_8dbb07b4,44457,5
u_e96dd99e,44457,5
u_0cff47c6,44461,5
u_ea10c109,45150,5
u_6012be0d,46986,4
u_e6dd9f31,46986,5
u_32d56abe,46986,5
u_83dda382,48000,5
u_21bdb7bb,48445,5
u_20b048ed,48804,5
u_86728252,48804,4
u_5b1e52d4,52388,4
u_7ca5ec7b,52388,5
u_b3b3a7ca,54299,5
u_a3c4d629,54299,5
u_0906aae6,50362,5
u_0169be06,109990,5
u_44c31efb,109990,5
u_d675941d,109990,5
u_732ff8a5,109990,5
u_3fb1aa4b,109990,5
u_db6fd7e6,105030,5
u_44c31efb,105030,5
u_d675941d,105030,5
u_22bc307a,100417,5
u_280ea87e,32917,4
u_a5ccc0d8,33103,5
u_b56e49de,33450,5
u_c4050f85,33450,5
u_04244c95,33450,5
u_13b44c92,33450,5
u_f761a015,34335,5
u_94596661,34614,5
u_eec07288,34614,5
u_4b28d5f5,35646,5
u_6e6e33fe,35646,5
u_4ad35edf,36092,5
u_b1acd338,36616,5
u_bfd5d063,75062,5
u_b79578a9,75062,5
u_652d8b8f,51090,5
u_bb4b80a5,51129,5
u_ceb49ec4,51129,5
u_5a6c390d,51129,5
u_6088b3e1,51129,5
u_0e8a6d24,51129,5
u_f6faba08,51164,5
u_0b329967,51466,5
u_84d76e47,51521,5
u_55c78123,35648,5
u_609f383d,35727,5
u_a482067e,35727,4
u_f8459e98,35727,4
u_9467cc2a,36063,5
u_59210971,36063,5
u_257d9221,36063,5
u_42c72c92,36408,5
u_2384721b,36408,4
u_925153bb,37468,5
u_c511222f,51083,5
u_04f61712,24041,4
u_6d58827b,45645,5
u_2e94000a,45645,5
u_324003bc,45645,5
u_d089420b,107067,5
u_f1d13dba,109993,5
u_3d659426,109993,5
u_dcebbcad,104545,5
u_25c9b34a,104545,5
u_d675941d,104545,5
u_44c31efb,104545,5
u_4cd7493c,126032,5
u_c34c5eda,101117,5
u_b66388eb,95036,5
u_e61572fe,94868,5
u_0ebab8f4,94094,4
u_6a6d9c65,102661,5
u_89679963,106284,5
u_30f18433,104580,5
u_509e6296,106287,5
u_7ab451bb,106884,5
u_cb9f9656,101849,5
u_c6b2b24e,101849,5
u_3a478d4c,117877,5
u_7acd4bf7,104395,5
u_9d4a1b98,125698,5
u_341fdc7f,125698,5
u_89764e44,123151,5
u_f7b47cf5,125879,5
u_ac9e30e3,102814,5
u_0c08955f,105180,5
u_8062a4ad,109881,5
u_bb925a26,109879,4
u_d298946d,125874,5
u_487718f5,66190,5
u_b1170c85,9780,5
u_8783f3c6,36052,5
u_e08fd845,36052,4
u_70dd43a7,36052,5
u_9767adb0,36052,4
u_20b3d35e,36052,5
u_7cbd7f68,37298,5
u_021f6849,37298,5
u_59328e19,37298,5
u_48687362,37298,5
u_a1158c8f,37298,5
u_06edb80f,49960,5
u_a9e85820,60991,5
u_c1f898e5,60991,5
u_5e543256,60991,5
u_ad5fddad,70181,5
u_b9d307b2,70181,5
u_c4e6e641,34219,5
u_0c60b684,34219,5
u_dfe5e64c,34219,5
u_7c9c3b10,34219,5
u_2067133e,34219,5
u_474c0831,25205,5
u_8156468b,25205,5
u_18bfb1a8,25205,5
u_9eba3a29,25205,5
u_bed5cad3,25205,5
u_64d8d96c,88519,4
u_794249d3,88519,4
u_447db99d,88519,5
u_c3d18513,88519,5
u_ffd058a8,88519,5
u_3ff3ef53,39229,4
u_ce3c9ef7,39233,5
u_c9753845,39233,5
u_4c4a8831,39233,5
u_53224048,39233,4
u_54549208,103273,4
u_89066aca,29969,5
u_b1017cb7,29969,5
u_ce9c158a,29969,5
u_6b9225c4,29969,5
u_0c629416,29969,5
u_324a1799,15740,5
u_ca43851c,15740,5
u_6acfa301,15740,5
u_69780549,18326,5
u_fecee289,18326,5
u_1b876e96,18326,5
u_a267201b,23007,5
u_813df079,25701,5
u_fbeec992,25701,5
u_05b3bfa7,25701,5
u_f3e2048b,25701,5
u_db966381,25701,5
u_4a80ea7e,25703,5
u_b70371ee,25703,5
u_3155832c,25703,5
u_df485b98,25703,5
u_c535a0d3,26581,5
u_ca43851c,29971,5
u_0a6fad94,32483,5
u_c8940dce,32483,5
u_76712101,32483,5
u_e2f40317,32483,5
u_10ad8024,32483,5
u_631476c6,32544,5
u_ff138083,32544,5
u_be0b817d,36461,5
u_688977dd,36461,5
u_98a42f92,36465,5
u_2e00583d,43192,5
u_6088b3e1,43192,4
u_c0918045,43192,5
u_e1bc09e2,55189,4
u_2d26f503,55189,5
u_bce7ae50,55189,5
u_beb9195b,55189,5
u_7d7a6216,55189,4
u_99c17c13,55190,5
u_fa4e9c14,55190,5
u_934d5a60,55191,4
u_1189f609,55195,5
u_e1ce9721,55195,5
u_b538c405,55195,5
u_16b7a030,55201,5
u_5413d554,55219,5
u_63032335,81826,5
u_ecb9e038,101613,4
u_ce4121b8,36469,5
u_afd24e10,29073,5
u_0a80cbca,29073,5
u_289d8c22,29073,5
u_fac0107a,29073,5
u_f61caff8,29073,5
u_f8e599d8,48862,4
u_4ab27a63,48862,5
u_980387c0,48862,4
u_8ad88e27,48862,5
u_2f44f61b,48862,4
u_e88e409c,55022,4
u_1fc29711,80611,4
u_cda49323,80611,4
u_0fc28395,80611,5
u_28aeef31,80611,5
u_ae01c689,80611,5
u_2de016f7,86838,5
u_09c468ef,79329,5
u_5c264a16,79329,5
u_48cd2a77,84778,5
u_77877579,85477,5
u_62350503,85477,5
u_7d42cdcd,85477,5
u_aeb43215,85477,5
u_9e108e6c,112271,5
u_36e569ac,112271,5
u_964ba9c4,112271,5
u_72820fd7,112271,5
u_31196a77,112271,5
u_a48964b3,101617,5
u_732e033a,101630,5
u_3e1fdcb3,101630,5
u_16a68a56,111979,5
u_322dffbc,110952,5
u_cfd1c487,110952,5
u_79c8ea2b,29095,5
u_57f1f5b8,29095,5
u_e9818cf7,29095,5
u_2c944a3a,29095,5
u_846ac3d0,29095,5
u_87a72cab,45060,5
u_ce3adfbf,45060,5
u_9743486e,45060,4
u_f62b6cad,84398,5
u_493dab0e,66253,5
u_4e122fc2,66253,5
u_13ffd023,66253,5
u_79c5f19a,66253,5
u_2f09fff2,104324,5
u_dccd0d97,104324,5
u_bfb3cd09,104324,5
u_876afd76,110951,5
u_bb342b6f,110951,5
u_4a96465f,110951,5
u_b81359f1,120873,4
u_4d73e471,81819,5
u_0c08955f,81819,5
u_f1e78129,81822,4
u_8369dbd3,93648,5
u_748c64f9,100909,5
u_48b96620,100909,5
u_62842e06,100909,5
u_b0056643,100909,5
u_a3deb6d6,100909,5
u_269eb04f,104326,5
u_38db3827,104326,5
u_6306fb3d,110950,5
u_964ba9c4,110953,5
u_e17c22dd,110953,5
u_f8373fbe,110953,5
u_dffeaf38,110953,5
u_e6e59244,110953,5
u_c39faf44,106519,5
u_0b9b58c6,106519,5
u_03d2d305,101603,5
u_224e431b,101603,5
u_12143dd2,101603,5
u_1ecd1f65,101603,5
u_51c1b210,101603,5
u_598729d6,101626,5
u_d02674b1,101626,5
u_ad6e55a1,101626,5
u_d5e1e87b,101626,5
u_2a938983,16976,5
u_18a97270,24831,5
u_39132150,24831,5
u_49f99b7a,24831,5
u_2e509d7a,24831,5
u_22d31a58,24831,5
u_aba27973,40009,5
u_09c01cba,36804,2
u_2e509d7a,36804,5
u_ec5dbe27,36804,5
u_71f96283,36804,5
u_61f9d92f,31823,5
u_35cfa5eb,31823,5
u_5f7527a5,32643,5
u_2915ef5d,32643,5
u_3d8f3739,32643,5
u_d400ea52,87790,5
u_efb8eb47,87790,5
u_67c8f0f6,17591,3
u_cb54aec8,17591,5
u_5e1bdd0d,50056,4
u_e8deaf90,54335,4
u_7f913b68,54335,4
u_01ad16b7,54335,4
u_67b1a273,54335,5
u_32c200c7,54335,5
u_081f9e70,92954,5
u_ae7c6293,82909,5
u_05b0df14,82909,5
u_ec02ed8a,82909,5
u_fd77f7e2,82909,5
u_78bf2ba0,82909,4
u_841f44f0,23604,5
u_ca00644a,23604,5
u_36f5a409,23604,4
u_e9799b9f,23604,5
u_3e1fdcb3,23604,5
u_8191d9ab,91088,5
u_ae43fda1,91088,5
u_6e095213,91088,5
u_8d7779c1,91088,5
u_a09a8b5d,91088,5
u_1f3fff84,29061,5
u_5652ddce,37255,5
u_e0479408,37255,5
u_46ea1712,37255,5
u_930b7b65,37255,5
u_9bcc3e9b,30501,5
u_cf27594e,30501,5
u_f9e729d5,57233,5
u_ee214d36,57233,5
u_daf51621,57233,5
u_f1cb9ef2,66933,5
u_9461fb75,66933,5
u_a4be3ede,55757,5
u_858735b3,92986,5
u_f23d3259,18299,3
u_4ea5c376,18299,5
u_80fb5dd0,26573,5
u_01ea49bf,26573,5
u_219d5c07,26573,5
u_a2b1354d,26573,5
u_9ddc16a3,32503,5
u_280ea87e,22990,5
u_bd496f35,22990,5
u_066d3903,22990,5
u_1b3818a5,22990,5
u_ec5b49cb,32486,5
u_978e953e,32543,3
u_a583e53b,15742,5
u_f4e24068,32513,5
u_111ef0e0,43191,5
u_919f428c,43191,5
u_817ea024,43191,5
u_ceb467a6,43191,4
u_72428245,44646,5
u_614def22,44646,5
u_e0b96ab7,44671,5
u_791ccff8,55192,5
u_a747ef08,77351,5
u_41450742,77351,5
u_afea702a,77351,5
u_8b53cdcd,26580,5
u_93172af9,26580,4
u_8ef43ec8,26580,5
u_b1d1d7b5,26580,5
u_ad875c03,69514,5
u_8e8a9df6,69514,5
u_ced3c574,69514,4
u_37674f0d,69514,5
u_3d2bef2a,33790,5
u_f7897fa0,42696,5
u_9e594026,50059,5
u_cc5b8830,61883,5
u_c10ac826,81802,5
u_e6f6645b,81802,5
u_460737b6,81802,5
u_29f2cd24,81802,5
u_cbe722bc,81802,5
u_11fc03d2,81813,5
u_7a90e4fd,81839,5
u_b912c0a1,65014,5
u_747c36fc,65014,5
u_6979a69e,65014,5
u_31b5f59a,113105,5
u_ac571ab1,112268,5
u_f8373fbe,112268,5
u_080502c4,112268,5
u_31196a77,112268,5
u_062adf53,112268,5
u_4b99ffe9,88342,5
u_a48964b3,88342,5
u_33c74f7e,101623,5
u_dfb0ea62,97704,5
u_cbbeef9d,97704,4
u_55a866d9,97704,5
u_f87472f2,97704,5
u_5d5c7351,97704,4
u_f2889321,65139,5
u_612213d2,65139,5
u_df4b4279,65139,5
u_e837b201,65139,5
u_1a781d3a,65139,4
u_15aae4e1,113651,5
u_adc14fe3,113651,4
u_5b48e59e,115963,5
u_c6c64833,84925,4
u_4ffdddf6,84925,5
u_9f87f715,84925,5
u_9c0226e8,84925,5
u_1a0dd772,101612,5
u_a77a91b7,101612,5
u_3f74cc90,101612,5
u_3ed6f7d0,101612,5
u_55c2f284,106781,5
u_4aa3b891,92982,5
u_8dba5d5b,92982,5
u_ba55439c,115959,5
u_1f623330,115959,5
u_4b99ffe9,88341,5
u_c75768e0,101619,5
u_362df32a,101619,5
u_0373513c,101619,5
u_daf5b38b,101619,5
u_5455c7ff,62280,5
u_6b8c30c5,62280,5
u_4dc691da,62280,5
u_edc68b85,62283,5
u_f6867413,62283,4
u_286edff7,62283,5
u_63fae34a,62283,5
u_8e512b7c,62283,5
u_24c35352,73270,5
u_66fb8d21,73270,5
u_4293466e,73270,4
u_07c6c743,73270,5
u_c028cb7d,86039,5
u_c156c851,102101,5
u_70e49a99,73261,5
u_a49d7b9d,73261,5
u_e40ea210,73261,5
u_3a860752,19146,5
u_cb54aec8,19984,5
u_a880f6ed,19984,5
u_5c54fffc,19984,5
u_fecee289,19984,5
u_771b9da8,24062,3
u_c6cffbca,24062,5
u_9fc40199,31610,5
u_cb68e515,31610,4
u_a2e1128c,31610,4
u_026a0ae6,31610,5
u_1ab2ba9f,31610,5
u_5e543256,31801,5
u_8ad7d949,31801,5
u_b62c802b,31801,5
u_35fa7c13,31801,5
u_fecee289,21359,5
u_5ebf5419,21359,5
u_24fbf612,24529,5
u_bc844038,25785,5
u_d22a2cc0,26445,5
u_733d4781,26445,5
u_ce5a6eea,26445,4
u_749677f1,26445,5
u_30e8b1fc,26445,5
u_95334ba3,27259,4
u_f21a30fd,27699,5
u_a2f4133f,27699,5
u_90a5174d,27699,3
u_444cb431,27699,4
u_bc6fd113,53919,3
u_16b7d7c9,58642,5
u_2587524c,59187,5
u_8bad9146,62285,5
u_1c96aef7,62285,5
u_4d6998f2,62285,4
u_0f763feb,63553,5
u_8d930fec,63553,5
u_6cf76894,63553,4
u_ed6137ca,63553,5
u_973337e3,63553,5
u_da5775ea,51313,5
u_856a3eb5,51313,5
u_9e101702,55024,5
u_762a7869,55024,4
u_ff62dbac,49250,4
u_eab6b09d,49250,5
u_468a257d,49250,5
u_faa1eac3,49250,5
u_0a1db328,49250,5
u_e1291b89,43147,5
u_10e8dabe,65202,5
u_01c1b2db,65202,5
u_79f05dd6,85128,4
u_1d601ae3,85128,4
u_8426d263,85128,5
u_fafb934d,28415,5
u_c3402d58,28356,5
u_fafb934d,28410,5
u_c0fef0ac,52307,5
u_5e543256,52307,5
u_751b362b,52307,5
u_ec5dbe27,52307,5
u_d173e82f,52310,4
u_6088b3e1,68854,5
u_527022b2,68854,5
u_32402943,68854,4
u_7b7e6206,68854,5
u_78da163f,31048,5
u_6501af7c,31048,5
u_07b550e4,31048,5
u_a88089b6,31048,5
u_e4788637,31048,5
u_48045cfc,58834,5
u_212156cc,58834,4
u_74ce9402,58834,5
u_d4dacef2,58834,5
u_6e592205,58834,4
u_4b8f67d1,22452,5
u_454b8623,22452,5
u_a23d522c,30336,5
u_fcc57be6,30336,5
u_4a3aa013,30336,5
u_17ea82d6,39348,5
u_bd340d7f,39348,5
u_421ff7aa,39348,5
u_8c4c8d0d,39348,5
u_30db3f9b,39348,5
u_bd340d7f,39357,5
u_1258a957,39357,5
u_f07ff655,39357,5
u_ee5fac05,39357,5
u_24e9fed0,39698,4
u_ace1f689,39698,5
u_53a4ff61,39701,5
u_95b0d692,39701,5
u_31c93e4f,41478,5
u_d4cf17fe,41478,4
u_9aab5665,41478,4
u_a884d841,41478,5
u_1f34cc9f,41478,5
u_d696d342,42520,5
u_514e9369,42520,4
u_c157bf30,42520,4
u_7fc95565,44258,4
u_5ba58e71,44258,4
u_9f6d3426,44258,5
u_0a0e3325,44258,4
u_c924cb20,44258,4
u_b0c2d6c2,91509,5
u_10669a87,99381,5
u_93d539eb,73259,5
u_7ff371f8,73259,5
u_0b4abc8e,73259,5
u_d874bc46,12943,5
u_18a97270,16181,5
u_fc85c271,16181,4
u_6746a0a2,16356,4
u_18720ddc,29398,5
u_2f5a97ee,29398,5
u_f8459e98,29398,5
u_1a8bb209,39453,5
u_7f155069,90092,5
u_c2ec8e07,90092,4
u_2e55150c,90092,5
u_017b81f2,99172,5
u_3e5451b5,42513,5
u_959b1f04,42513,5
u_38bde1bd,42513,5
u_92ee36b9,42513,4
u_f9469ea0,42513,5
u_26ca5a52,65962,5
u_599917e7,65962,5
u_6c1b1417,65962,5
u_6bb64afe,68052,5
u_59d3500d,63479,5
u_c10e3bdf,65525,5
u_b746696a,60002,5
u_77200d81,60002,5
u_95b0d692,60002,5
u_130f5acb,60002,5
u_14479055,74755,5
u_6d36a8bd,74755,5
u_f39157f5,107469,5
u_037da580,107485,4
u_7a3adbe3,96940,5
u_7f5a4050,69977,5
u_6fb989c8,86054,5
u_215c4461,88688,5
u_7646b000,88688,5
u_afcbb1ea,88688,5
u_709f16a9,88688,5
u_f22a7a59,89080,5
u_1556a8a2,89080,5
u_a93decab,89080,5
u_5e543256,91513,5
u_0cc0c0e3,91501,5
u_44eb1fdc,91501,5
u_346397b3,94164,5
u_0171387c,105902,5
u_6aec3476,105902,5
u_e3f8e606,105902,5
u_ebf1c129,125492,5
u_f5fa10fa,132394,5
u_f911ae90,127487,5
u_01389858,64122,5
u_6314bf86,64122,4
u_9534f88d,64122,5
u_13be6862,64122,4
u_4fa01dff,60008,5
u_17381a20,60008,5
u_a44b1476,112113,5
u_f7fbea6b,112113,5
u_66477224,112113,5
u_58963c29,112113,5
u_bb23e627,112113,5
u_8fdef355,56160,5
u_5f162846,56160,5
u_6d8058b4,56160,5
u_550aefd3,95468,5
u_ede80bd1,95468,5
u_e8875670,95468,5
u_24fe57b6,95468,5
u_d069c45f,95468,5
u_5f30c89e,76077,5
u_f64bbe58,76077,4
u_bffb33e4,76077,5
u_196273a6,76077,5
u_af221cb3,112721,5
u_824e7fbc,112721,5
u_7be51ade,101047,5
u_bb188277,87101,5
u_d37c065a,31052,5
u_95222c27,31052,4
u_353557a5,31052,5
u_b92f9369,31052,5
u_d0e06bbb,31052,5
u_3020337d,89671,5
u_b64523dc,89671,5
u_3dc1c3f8,89671,5
u_0581231e,49769,5
u_8dea0b66,49769,5
u_9aafd162,49769,5
u_7a5e9cc9,91504,5
u_4cdc89cf,91504,5
u_8dbbdd9a,91504,5
u_e50bf739,97559,5
u_9acbbf89,78315,5
u_691d289f,78315,5
u_8782b96d,78315,5
u_df40b2d8,78315,5
u_88596eda,78315,4
u_77af4e7d,92774,5
u_ce3f9140,92774,5
u_70188bc1,92774,5
u_021fc1b7,92774,5
u_73d3cb79,114032,5
u_738511ef,15205,5
u_4ea5c376,24540,5
u_3e9e25e9,38655,5
u_0608346c,44257,5
u_918d58df,44257,5
u_c42193ee,44257,5
u_a1f7cc63,44257,5
u_72d0112b,44257,5
u_223ce61a,44872,5
u_01be46c1,65868,4
u_7beaf164,66081,5
u_768fd598,66081,4
u_ad8973c9,68736,5
u_8b0adf6d,68736,5
u_d53bc189,68736,4
u_148eb1df,68736,5
u_df4b4279,16360,5
u_3bd33839,16363,4
u_31c43025,16363,5
u_2d4fa8c9,16363,4
u_18476065,16363,5
u_88ef7612,18311,5
u_ab1d59b3,18311,5
u_798e3ecb,54097,1
u_47731db9,54097,5
u_5cb0a30f,54097,5
u_8786951f,36224,5
u_45b99351,36224,4
u_632dc980,36224,5
u_d96ab67e,35206,5
u_81d0f9fe,40520,5
u_074608e1,40520,5
u_37884ab9,40520,4
u_8a9d6dce,40520,5
u_3c850930,40520,4
u_3c41762b,40766,4
u_882bed33,33023,4
u_1f5e3148,65993,4
u_4f02c363,65993,5
u_1410579e,31288,5
u_9d53ef5e,31288,5
u_a93fc76e,31288,4
u_33abf8c9,54921,4
u_b08a2a0a,49102,5
u_9306ab3c,49102,5
u_3cd99356,49102,5
u_e9b8e721,33660,4
u_a7a7e308,33660,5
u_a5e6a088,33660,5
u_66fa5e10,33660,5
u_8669ecf1,48866,5
u_b62a6b5a,48866,5
u_a1256fae,48866,5
u_ab1d59b3,22265,5
u_f6fd834c,22265,5
u_d7d56e3c,22265,5
u_96fd2249,22265,5
u_978b6979,22265,5
u_ec5dbe27,19142,4
u_801b3030,98643,5
u_9adcb303,71457,5
u_a141b720,79599,5
u_aef10527,79599,5
u_5b48721b,79599,5
u_ee90bcc7,79599,5
u_23fa8ec0,82509,5
u_841b0150,17586,5
u_7ab451bb,17586,5
u_9ee414bf,17586,5
u_bd612a8c,27254,4
u_c4bd60dd,27254,5
u_5a38f24c,28392,5
u_720ecda9,28392,5
u_7e524593,28392,5
u_e08fd845,28392,5
u_0f4c1d52,29400,3
u_5ebf5419,30153,5
u_20b7cce1,30630,5
u_026a0ae6,30630,5
u_8e916894,35323,4
u_7cb61917,35323,5
u_b041ab50,35323,4
u_3ee1b0af,35323,5
u_a3ef5e53,35323,5
u_ca16626b,44259,5
u_6e3b4a4f,44259,5
u_4de17d1e,44259,5
u_a9660503,44259,5
u_be826aae,44259,5
u_5e543256,50649,5
u_36ba34d7,58235,5
u_e686da4c,58846,5
u_6be664c0,58846,5
u_e059928c,58846,5
u_f2dbc641,69976,5
u_5605d5d1,69976,5
u_fef9fd58,69976,5
u_c856be30,69976,5
u_3e980ec0,81981,5
u_a698566c,81981,4
u_e1b5befb,81981,5
u_471ef36a,81981,5
u_ce564247,25734,4
u_25523468,25734,5
u_d36c56c7,26394,5
u_e5405105,32211,5
u_d90dea02,32211,5
u_3dfc43d3,88973,5
u_4d4d6371,90317,5
u_eef1573f,28381,5
u_78c16b14,28381,5
u_c2d6c5ce,28369,5
u_73a14bb4,28369,5
u_da608cfb,28385,5
u_37f83e8b,28385,5
u_3ddbc5da,28385,4
u_0db2e76f,28385,4
u_938fb95e,28385,5
u_6b4257ba,28388,5
u_ad229086,36439,5
u_f4fe8d06,36439,5
u_b0c92068,36439,5
u_396c1486,36439,4
u_a2422003,37559,5
u_9364aea3,52001,5
u_0e94f419,52001,4
u_d38e8ae6,52001,5
u_c37010b0,52002,5
u_07abbbc8,52002,5
u_106aefb7,52002,5
u_065dd680,52003,5
u_5f5bef9d,52308,5
u_2c9bd734,52309,5
u_98da3cba,52309,4
u_29e4d883,53548,5
u_89d9b7da,68849,5
u_76fb0479,68849,5
u_cf935769,68849,5
u_16c010a6,68849,5
u_b06662c1,68853,5
u_7551ec77,68855,5
u_6109905a,68855,5
u_aa8de2b0,68869,5
u_4efd18d9,69306,5
u_f92f4fc9,69306,5
u_25ed191f,69306,5
u_a4c8f494,69306,5
u_68086a1b,69306,5
u_632f8fa4,69308,5
u_d5f88cbd,90095,5
u_d1b101f3,90095,5
u_ed52d78e,90095,5
u_df2b091f,90232,5
u_2dfd327a,90443,5
u_33f3d3a8,90443,5
u_6088b3e1,90443,4
u_39132150,90443,5
u_6985c770,90443,5
u_6e2fa63b,90461,5
u_380e0b88,90461,5
u_9887215d,90461,4
u_f9779976,90461,5
u_9d1e1a32,90469,5
u_f65c7d7b,59119,5
u_c4de6db6,59119,5
u_01dc668a,59119,5
u_98c37fc6,59119,4
u_d564253e,59119,5
u_3479fc3e,63780,4
u_1a8b8e54,63780,5
u_96dad174,63780,5
u_f911ae90,63780,5
u_ef3b4e4f,78659,5
u_b133df1a,78659,5
u_69b1617a,78659,5
u_c399a470,78659,5
u_f911ae90,78659,5
u_2f0548bd,72890,5
u_6b4257ba,72890,5
u_9149e12f,72890,4
u_b5a03675,59969,4
u_8735eda1,59969,5
u_8523e35a,59969,5
u_9a4284f1,52088,5
u_24deedde,42541,5
u_05636fb8,42541,5
u_2d5b4735,60161,4
u_9ad6eec1,65960,5
u_c7ca1849,65960,5
u_4abcac5d,65960,5
u_88cf37af,58840,4
u_b538abc5,78471,5
u_65725c58,78471,5
u_0d6fe70c,75891,5
u_cfd1c487,78147,5
u_02c6d8d4,104388,5
u_73b50db5,83969,5
u_e6a66de0,83969,5
u_411df2cb,83969,5
u_9cefdcc7,83969,5
u_81e0c274,83969,5
u_4dc38361,86037,5
u_73d7b687,91476,5
u_eb2f45b3,91476,5
u_f2d567ee,80873,5
u_e7cd9622,89664,5
u_82a903b9,24532,5
u_bb8af33f,24532,4
u_46ca1f1d,112703,5
u_d1409af8,99379,5
u_c7f9123f,99379,5
u_75ee2812,99379,5
u_bbe29cbe,99379,5
u_5f4cc544,99379,5
u_4d170b78,111139,5
u_96d15ea5,111139,5
u_a4bf4c00,111139,5
u_51a47128,111139,5
u_7a3adbe3,111139,5
u_c1d837be,107759,5
u_9b3b01e7,107759,5
u_2e7ebfec,102776,5
u_3ad02f72,102776,5
u_afc0a60a,73258,5
u_6e6f7f20,73258,4
u_ef958441,73258,4
u_3e556e05,91966,4
u_a7c873b6,102772,5
u_fe056919,107769,5
u_dbc64649,101045,5
u_d7d56e3c,34607,4
u_011de796,34607,5
u_b610a9d6,34607,4
u_92bc2485,34607,5
u_c174a0d3,59465,4
u_eb2f45b3,59465,5
u_eef592f5,95461,5
u_19987081,95461,5
u_ba648812,95461,5
u_30e37b91,95461,5
u_5c799d30,95461,5
u_ee3a211d,114037,5
u_ea5c7322,83973,5
u_f911ae90,83973,5
u_abe2bc19,98167,5
u_cf148698,98167,5
u_6ca80604,98167,5
u_5a713384,112736,5
u_11a82982,124676,5
u_daec33a6,106423,5
u_3c4d7b2c,112112,5
u_74cf518c,112112,5
u_bb23e627,112112,5
u_58963c29,112112,5
u_5f472df8,20701,4
u_cc1c2f45,13295,3
u_ded744b0,19109,4
u_bf142320,19109,3
u_e8f48896,19109,5
u_79dde424,22713,5
u_802c7fd7,42968,5
u_9d19b540,25372,5
u_c74617a6,25372,3
u_4ea5c376,25372,4
u_998f3045,15636,5
u_a880f6ed,15636,5
u_0bc7217e,15636,4
u_e5935fe2,15636,3
u_d81f8cbe,15636,5
u_5b5a5aec,20034,3
u_f9e9f447,20034,5
u_80031714,20034,5
u_be9c23c3,20034,4
u_f0e87f36,21158,5
u_0932648b,21158,5
u_a81db22a,21158,5
u_8ed0bf66,21158,4
u_504c75ec,21158,5
u_cc9ba140,21385,5
u_ff5dc859,21385,5
u_a3ebe319,22245,5
u_4d9b1676,23593,5
u_83a6981a,23593,5
u_4615f197,23608,5
u_f9cda277,23608,5
u_c9487f9c,23608,5
u_21d643ef,23608,5
u_1bfde39a,23608,4
u_add5d71a,23618,5
u_098f6bcd,24022,5
u_28a2d687,26476,5
u_d84d52b3,26476,5
u_5774ef0b,26476,5
u_3af6df1f,26476,4
u_1757a42d,39984,5
u_025de4a3,40362,5
u_4d2a2c72,40362,5
u_7b34a24a,40362,4
u_026a0ae6,35065,5
u_1e25b4fc,36936,4
u_18b30555,36936,5
u_22153f41,37354,5
u_682743b1,39492,5
u_dbd5686b,102414,5
u_9d4fb41b,55486,5
u_fdef899b,55486,5
u_509e6296,55486,5
u_12e62cba,55486,5
u_4acf6a7c,55486,4
u_c65fe324,69287,5
u_f1c85279,69287,5
u_ff12f333,69287,5
u_87b75568,69287,4
u_7c65676c,82405,5
u_2f9e1792,84043,5
u_2e7e4cf2,85503,5
u_d5d06161,96535,5
u_11fe22ba,25023,5
u_05b3bfa7,25023,5
u_aea99cbf,25023,5
u_bf7c4c16,25115,5
u_b8d085aa,25115,5
u_73abee26,25115,5
u_83188ea8,25115,5
u_f687ae57,25115,5
u_a7c8df69,25117,4
u_c3aafb77,25117,4
u_9f341728,25117,4
u_509e6296,25117,5
u_7be05dfd,25117,5
u_eafb5633,25225,5
u_a874ef41,25975,5
u_c2ec8e07,25975,4
u_254c831f,25975,5
u_609e92ff,25975,5
u_6cbcbb08,25975,5
u_ce11e6da,25986,4
u_05f4869d,25986,4
u_841f44f0,25986,5
u_68634c7e,25986,5
u_fa86e341,25986,4
u_d2940deb,17442,5
u_ca9fad9f,17442,5
u_58ed5203,17687,5
u_5eca3c66,17687,3
u_e9f747ec,17687,3
u_a78903b6,19699,3
u_e61cc304,19699,5
u_33f46bc7,19699,5
u_cdacb186,79970,5
u_fe412957,81090,5
u_ff0d48aa,84623,5
u_c55e019c,84623,5
u_63478f54,85758,5
u_d91a54db,85758,4
u_8bd4ea77,85758,5
u_aeb43215,86352,4
u_06c28565,86352,5
u_5f06c458,86352,5
u_74ce73fe,69916,4
u_3d5b5301,69916,5
u_50d6d037,69916,5
u_23f88ac1,69916,5
u_51a42f28,71450,5
u_ae67b4eb,71450,5
u_bdf7c125,71450,5
u_f8eae92c,71450,5
u_4d870321,71450,5
u_411df2cb,75136,5
u_08bd925e,75136,5
u_8c16f28d,75136,5
u_02c1120a,75136,5
u_57b6362d,86781,5
u_c0f5a067,96884,5
u_9979beb0,24065,5
u_f38f494d,24065,5
u_90c86204,24065,5
u_2f6a1f7f,54421,4
u_2347e561,54421,5
u_68c1a806,54421,5
u_31854551,55202,5
u_5fbecfca,55202,5
u_35258f2c,55202,5
u_bf1a3031,62250,4
u_bdb9a04b,31822,5
u_4a0299f9,31822,5
u_8f0fc5cd,31822,3
u_07e92559,31822,5
u_8e047c16,31822,4
u_6b1378f1,42877,5
u_a2751fd7,42877,4
u_6e0c130c,42877,5
u_ec9f14f2,42877,5
u_019c335f,42877,5
u_eb8521a9,47961,4
u_9518c4c4,47961,5
u_d298946d,47961,5
u_5bd11b62,47961,5
u_e3af6361,47961,5
u_e715a3c0,11228,5
u_9fbb8cfb,11228,5
u_3075b6a1,17523,5
u_02f42db7,17523,3
u_90015098,17523,5
u_c3aafb77,17523,5
u_120c48f3,21495,5
u_28a2d687,24829,5
u_a72f2ff7,24829,5
u_de44bd13,24829,5
u_bf8a3ee9,24829,4
u_ff138083,25450,5
u_f1948557,25450,5
u_9fd0508c,25450,5
u_01e187a8,25450,4
u_2b963037,25450,4
u_293068ba,22248,5
u_a85a47f2,22248,3
u_f6551e07,100640,5
u_77aabda6,70296,5
u_ab5138eb,70296,5
u_f364a77a,70296,5
u_cf7fca57,70296,5
u_76aaf600,70296,5
u_ac7bf8e7,34964,5
u_4f1ff6b0,35720,4
u_90714a13,49183,5
u_a5adbd25,51052,5
u_e2f40317,51052,4
u_d028a92e,51052,4
u_b6006dec,51052,5
u_5f5863c1,51697,4
u_5e543256,51697,5
u_318c5d6d,51697,5
u_ed763b33,51697,5
u_73e925b0,51704,5
u_da4602a1,51704,5
u_559f0758,51704,5
u_333e53d7,51704,4
u_fff52d7c,51704,3
u_f3a0de71,48642,5
u_5e543256,48642,5
u_e07797e4,48642,5
u_93333171,48642,4
u_f943d3cc,48642,5
u_a006a5a5,55943,5
u_c5551633,55943,5
u_63d87d1a,55943,5
u_fd724b42,55943,5
u_eb0746bd,26166,5
u_ac4eced2,26166,5
u_faf002ad,26166,5
u_40960c51,26166,5
u_c22c9c48,26166,5
u_afd0940c,62290,4
u_a3d891af,62290,4
u_04884ee9,13374,5
u_904ba339,13374,4
u_baf92137,13374,4
u_6bef4347,13374,4
u_e8deaf90,23209,5
u_e8c839d9,23209,5
u_a5e62263,23209,5
u_862924cc,23209,5
u_d5e8b482,23209,5
u_3baf109d,26182,5
u_972bd15d,26182,5
u_e24955f2,26182,5
u_ae8efbe0,26182,5
u_6cc8a397,26182,5
u_bf436bd5,26193,5
u_55c50be7,26193,4
u_d466cfce,26193,5
u_3ff3ef53,26193,4
u_62286dae,30821,5
u_612213d2,30821,5
u_9bb6cfe1,30821,5
u_f69ebf68,51126,5
u_bd74c71d,51126,5
u_605d5cc5,54116,5
u_f68ab610,55331,5
u_fd4ba069,55331,5
u_a3804e37,55331,5
u_10a21610,55331,5
u_ffd7b77f,59961,5
u_a8121a2b,59961,5
u_a39292e4,59961,5
u_a219b3e0,59961,4
u_ae67b4eb,60148,4
u_4ea5c376,60148,5
u_706d929c,60148,5
u_d7f940b5,60148,5
u_6e1641ad,60148,5
u_4a23ab9f,61800,5
u_a8a31c67,61800,5
u_bd3ee687,61800,5
u_d3e519a4,61800,5
u_f92481c5,61800,5
u_f6d78791,63840,5
u_546ca176,63840,5
u_b8d085aa,63840,4
u_2f726e5b,63840,5
u_54640634,86398,5
u_b22c2c97,86398,5
u_0c94144e,86398,3
u_7d651814,25596,5
u_bcb126d9,25596,5
u_5b718833,25596,5
u_2b518224,43157,5
u_c6f26595,43157,5
u_00af4358,43157,5
u_50b33882,43157,5
u_9d1a6cad,73918,4
u_e24bd362,73918,4
u_5d6e3902,73918,5
u_c97d179b,59063,5
u_cde21479,28204,5
u_1820b3d5,28204,5
u_0460c8a5,28204,5
u_80cb7c25,28204,5
u_a5449c57,28204,5
u_9c7e00a5,94032,5
u_faf706c8,94032,5
u_49811c14,94032,5
u_9c7af3fa,94032,5
u_0f5cce20,39904,5
u_59fdcd10,59702,5
u_be0b42e7,59702,5
u_32514a1b,59702,4
u_59e556fe,59702,5
u_5cb0a30f,59702,5
u_e517498d,39255,5
u_65fe7f8b,39255,4
u_1963b2de,39255,5
u_10c212de,53895,5
u_fd40a701,53895,5
u_5f5ca0b3,53895,5
u_5ca35f92,53895,4
u_5ab2f3cc,55931,5
u_b5bec7cc,55931,5
u_ac08b771,55931,5
u_a3ebe319,55931,5
u_1c27e583,55931,5
u_83cd87b2,47985,5
u_892c5950,47985,5
u_f1ca15b6,47985,5
u_4820c797,50340,5
u_61e098f8,56164,5
u_7da8c8bf,56164,4
u_82af8892,56164,5
u_d9092b76,56164,5
u_c0bdb0ce,22141,5
u_d4ccc595,22141,5
u_77ba4392,22141,5
u_6cc5d67b,22141,5
u_8b5d3af9,19541,5
u_57a26337,19541,4
u_ddb8ff90,19541,5
u_c8a5ffb3,19541,5
u_ff5dc859,16322,5
u_d625016d,9570,4
u_1bc7f7ac,9570,4
u_509e6296,9570,4
u_97ea88f9,8858,5
u_2f09a46d,10697,5
u_d82eb7b2,10697,4
u_78b2b9da,10697,3
u_1636fb3b,10697,4
u_c35db556,19884,5
u_8552beb3,19884,4
u_d659ddf7,19884,5
u_79dd9fe6,20476,5
u_498ef5f7,20476,5
u_f3e6afe0,20476,5
u_1b595245,20476,5
u_f638bd63,21613,5
u_50933905,21613,5
u_e5d471ab,21692,4
u_93eb4bfe,21824,5
u_19f653f2,21824,5
u_a18f522c,81426,5
u_a1df3913,81968,5
u_57df9b66,81968,5
u_b9836824,81968,5
u_e73a4e0d,67759,5
u_ae6fbda1,67759,5
u_9852a82b,67759,5
u_c250d71f,67759,4
u_e1a0c5ad,73140,5
u_4fac7303,73140,5
u_155f0779,73140,4
u_ac25b404,78952,5
u_52c37456,78952,5
u_45c5983c,75820,5
u_39cc47fb,75820,5
u_7be1cdbb,53902,5
u_b723ec00,32299,5
u_ce79822c,25108,5
u_5e7f9307,25108,5
u_a5638e2f,26480,5
u_0f9fc401,26480,5
u_ea052cac,26480,5
u_87270130,26480,5
u_b9ca05ee,26480,5
u_fe988b1f,27288,5
u_1ece05a7,27288,5
u_44bafd2c,27288,5
u_9d3a6878,27288,4
u_4dae7df7,27288,5
u_2379fb26,28176,4
u_ab1d59b3,29490,5
u_0d301402,29490,5
u_ac6732c9,29490,5
u_486a694e,29490,5
u_f3e6afe0,29490,5
u_169b98c0,29773,5
u_b94d01bd,29773,5
u_73a14bb4,29773,4
u_38b3a00d,29773,5
u_96885513,29773,4
u_7ce92d45,31868,4
u_7767448a,31868,5
u_d7759825,31934,5
u_09c2ff90,32025,5
u_3972eee5,32025,5
u_bd5457e7,32025,5
u_5e543256,32025,5
u_0c2dc264,32025,5
u_3b711ea0,32236,5
u_ebd29ad5,32236,5
u_333f984e,32265,5
u_9edf2e7a,32265,5
u_136e61e2,33573,4
u_6e18f544,33573,5
u_210a85d4,33573,5
u_026a0ae6,35080,5
u_58a8f774,35110,5
u_ec08f122,35110,5
u_54d58e57,35110,5
u_df4b4279,35110,5
u_c3aafb77,35110,5
u_9b08e544,37008,4
u_5e543256,37008,4
u_a62a2ebb,37008,5
u_658b3aaf,37008,5
u_c6626244,38528,5
u_c2b06b8f,50318,5
u_1a6f2e26,51707,5
u_ddf73806,51707,4
u_9b690441,51707,5
u_434f805f,51707,5
u_5f496560,51707,4
u_1ca63e09,53924,5
u_aea1f148,53924,5
u_5c54fffc,53924,5
u_8ed0bf66,53931,5
u_763e9b35,53931,5
u_91ea59f7,53931,5
u_94184630,53931,5
u_ecee807b,53929,5
u_730a0896,53929,5
u_b645792e,53929,5
u_744e1804,48307,5
u_75f723cf,13265,3
u_80b33096,13265,5
u_42247d96,32525,5
u_10988175,32525,5
u_2fb1a08f,36691,5
u_2b271584,36691,5
u_aabb7e9b,36691,4
u_3a1f0b67,37786,5
u_d7d56e3c,37786,5
u_53aecc3b,37786,5
u_6ac1111c,39955,5
u_c2d8730c,39975,5
u_65a02f9f,40372,5
u_200b1943,40372,5
u_b8c3da65,40565,5
u_8d167b3a,40565,5
u_01bded8c,54316,5
u_411df2cb,54316,4
u_ab0ceea9,54316,5
u_e4807daf,54316,5
u_7d6d9863,53781,5
u_ab1d59b3,53914,5
u_7504e833,12029,5
u_ff5dc859,12029,5
u_9c028d49,13296,5
u_419334d4,13299,5
u_a7d6c764,14284,5
u_4ea5c376,16636,5
u_118a9c77,16636,5
u_509e6296,19251,5
u_e17c22dd,19251,5
u_78091982,21553,5
u_c6488137,21553,5
u_858735b3,16985,5
u_ea19d0e1,17725,5
u_8082e8b3,22717,5
u_b0f87535,22717,5
u_b543a143,22717,5
u_6dffa044,22717,5
u_585f98ed,22717,5
u_40b0d611,22099,3
u_c2ec8e07,22099,5
u_eceb4a83,22125,3
u_db03b1fa,22133,5
u_687d7960,22715,5
u_c8118acc,22715,3
u_c55d8887,22715,4
u_860f6388,22715,5
u_23beebcf,22715,5
u_ff138083,22740,5
u_ff5dc859,22740,5
u_3e767c12,24385,5
u_4b599aa9,24736,5
u_28b47da9,24736,4
u_73b0a670,24736,5
u_a8ebbd1e,24816,5
u_23a09561,24816,5
u_1e5fb943,24816,5
u_1c4f1c2f,24816,4
u_92b60353,24816,5
u_9841b07b,16517,4
u_0ae15dfe,16517,5
u_810436a8,16517,5
u_fbdeca01,16517,5
u_1556a8a2,16517,5
u_8f66f051,52579,5
u_5f7921a8,52579,5
u_16c010a6,52579,5
u_a5dd0e90,52579,5
u_1d3f2fdb,54006,5
u_18cf1fde,54006,5
u_c2c0bf6c,54006,4
u_b6ff2258,54006,5
u_ec5dbe27,54006,5
u_0ac26c6f,100510,5
u_f65cedf4,100510,5
u_8fae9088,92522,4
u_d46f91ca,92522,5
u_4db035a6,92522,5
u_8dd3cf3f,93842,4
u_33cdfab9,97200,5
u_7ccba203,88092,5
u_56ce1775,88092,5
u_db2a8049,88092,4
u_11967d5e,88092,5
u_7756bf25,71453,5
u_5b3af3ea,71453,5
u_46bb2e9e,71453,5
u_0a61f3c8,71453,5
u_eb71885b,71453,5
u_64f43cee,33276,5
u_6b9225c4,33276,5
u_5e310f6e,33276,5
u_2b7108b7,33276,5
u_edd19e8e,33276,5
u_77b017d5,46239,5
u_0722ace8,46239,5
u_b4a21a16,46239,5
u_7ef74132,46239,5
u_f0ae70ab,49106,5
u_02f3e7f9,49106,3
u_96cfc51b,51122,4
u_0a0e3325,51122,4
u_ffa09657,51122,5
u_3d8b2843,51122,5
u_7b445d0a,65106,5
u_63299d76,65106,5
u_f83db06a,65106,5
u_fd8fe30a,69295,5
u_021489f4,69295,5
u_3078c3c3,69295,5
u_a75ff9c4,69295,5
u_473c0914,87398,5
u_58a99af3,87400,5
u_227011ae,65116,5
u_551f1b8d,65116,5
u_9776805c,65116,5
u_5d3a6d98,65116,4
u_0505a6ed,79888,5
u_cb494745,79888,5
u_cd7b005c,79888,5
u_83353fe4,79888,5
u_ed652faa,79888,5
u_798f474a,39481,5
u_5d55a876,39481,5
u_280ea87e,39481,4
u_3171a3b1,69909,5
u_5fb4bfb8,69909,5
u_e6ca281b,69909,5
u_c10e17fc,69909,5
u_2d215404,69909,5
u_015afebf,80400,5
u_4bf35872,80400,5
u_a8f42d67,80400,5
u_a02b001a,96406,5
u_62fccf84,96406,5
u_db39c530,32655,5
u_3dc50fa3,32655,5
u_c5b07b4d,32655,5
u_2605f529,48118,4
u_fe8f7dea,50480,5
u_f9a4bf80,50480,5
u_f0991291,50480,5
u_7be5f011,50283,5
u_9a75c4ef,50283,5
u_2186d61b,50283,5
u_9aa85f1b,50283,5
u_c9a47902,50283,4
u_d3aa661e,43143,5
u_12c038cc,43143,4
u_12fe6033,43143,5
u_28dc9048,43143,5
u_c3d41bf5,50293,5
u_ec1aed8a,50293,4
u_b62a6b5a,50293,5
u_7c1bfe2f,50293,5
u_428a94b2,50236,5
u_8eeb2800,50236,5
u_24d96014,50236,5
u_47dc212d,44157,5
u_16ad9d7f,44157,5
u_9fa7c18f,35495,5
u_c48fbc7d,40355,5
u_504c75ec,40355,5
u_a45fe7df,40355,5
u_ce624cff,40355,5
u_bb5a1bc8,50282,4
u_d745655e,50282,4
u_8909f4f3,40359,5
u_27e5a465,40359,5
u_798d355b,40359,4
u_1fd0e22b,40359,5
u_8a05cb99,71452,5
u_c29b77b2,71452,5
u_f44c0770,71452,5
u_8d7a106e,76097,5
u_5bd05511,76097,4
u_00dd4cfc,73009,5
u_027ef68f,73009,5
u_d11aa216,71958,4
u_862521b8,71958,5
u_ab1d59b3,71958,5
u_06f618f6,74763,5
u_351ae027,74763,4
u_9c402cf8,74763,5
u_2f43a739,74763,5
u_ce5a6eea,77895,5
u_79338a1f,77895,5
u_1152da51,74368,5
u_566a091e,74368,5
u_d318fd91,74368,5
u_558630f2,74368,5
u_835610f7,74368,5
u_4b009ddc,77928,5
u_8001161f,77928,5
u_15e8306b,86845,5
u_8dba685e,86845,5
u_3a668bf9,86845,5
u_a0b1941a,79600,5
u_853f2a86,79600,5
u_4b599aa9,79600,5
u_34fcb150,82338,5
u_6850edc1,95049,5
u_ede0fedd,95049,5
u_faacd4b1,95049,5
u_fd9b71e2,100886,4
u_c1c4fb10,100886,5
u_f0331b56,45201,5
u_2f0cf678,45201,5
u_20ddd798,45201,5
u_fb4d9b01,38196,5
u_b190f27f,38196,5
u_1b6203e2,32719,5
u_5a713384,32719,5
u_377e9d4d,32719,5
u_2b708655,32719,5
u_4192a194,32719,5
u_7f933220,59060,5
u_1968ab9f,59060,5
u_80f0588d,59060,5
u_478cc4c8,59060,5
u_0a914cd5,59060,5
u_796aa4bc,59084,5
u_43c4f7e9,59084,5
u_89bd8a55,59084,5
u_2889bfb3,59084,5
u_38e5a7dc,66444,5
u_b36e0b71,49942,5
u_b345a13f,98605,5
u_ff02f68c,98605,5
u_a2c3eab3,100040,5
u_0308d7a3,100040,5
u_31db8b66,97232,5
u_2792b9bb,98395,5
u_c4221220,98395,5
u_c55e019c,98395,5
u_858735b3,98395,5
u_b0ab7847,98395,5
u_6d58827b,76089,4
u_6ca80e37,76089,4
u_ebcf3ed4,88423,5
u_af6ddc75,88423,5
u_d6ae2b01,73142,5
u_2391725f,73142,5
u_e66c5696,73142,5
u_f6aa7331,73910,5
u_d8484c68,73910,5
u_8003005d,73910,5
u_6c33a1e4,73910,5
u_c064db15,88430,5
u_4225eaf8,88430,5
u_574e8ebc,88430,5
u_281b8ed4,88430,5
u_021f6849,88430,5
u_cd48fcb5,88428,5
u_2bdd37bb,88428,5
u_9fd0508c,59965,5
u_612213d2,59965,5
u_653c6a0e,59965,4
u_eb2f45b3,59965,5
u_e8f485d9,82328,5
u_53b0cc51,82328,5
u_55e0858e,82328,5
u_ff9be7f2,87258,4
u_6a2dd3fa,87258,5
u_c6b2b24e,87258,5
u_28f9914c,80047,4
u_e3d7ed5f,80047,5
u_fea5513c,80047,5
u_31813bed,80047,5
u_f9a0062f,79827,5
u_f1948557,79827,5
u_0134f5ae,79827,5
u_cbd05f4a,79827,5
u_7c1bfe2f,79827,5
u_a0173e7e,75840,5
u_8e7e0911,75840,4
u_3591a687,75840,5
u_8d5c67e5,75840,5
u_80020fb1,73900,5
u_c6d7fe15,73900,5
u_8b1ab6d1,73900,5
u_44bfa6f6,73900,5
u_d5070299,73121,5
u_e7865ae7,73121,5
u_bf9d41bb,73121,5
u_9743486e,73121,5
u_e4219823,73121,5
u_fc285ba4,86386,5
u_90708975,86386,5
u_0e6daefd,86386,5
u_e3284c93,79129,5
u_df4ce781,79129,5
u_0bf5e8ca,84352,5
u_1084aa10,84352,5
u_3162112d,84352,5
u_b8dfdf10,84352,4
u_988a4dff,80463,5
u_0655de2a,80463,4
u_da7523d5,80463,5
u_39fa207c,80463,5
u_7a7f7efa,80463,5
u_081ddbae,80483,5
u_7edc0360,94204,5
u_84376b89,94204,5
u_35514af7,86422,5
u_b85a2d99,86422,5
u_6fe0f38a,90980,5
u_df100c58,61060,5
u_db71d558,61060,5
u_c3a21fbf,61060,4
u_9d20333d,61060,4
u_4634abc1,56171,4
u_96742957,57700,5
u_24fe57b6,57700,5
u_f21c1be8,57700,4
u_e395078a,93867,5
u_4c43e111,93867,5
u_5932133d,42931,5
u_7f4c93d1,100667,5
u_31c43025,39686,5
u_2400fb11,39686,5
u_2f61dc4f,39686,5
u_5a16592f,39686,5
u_57a43f56,39686,4
u_83ebc622,97783,5
u_51a07d0e,121758,5
u_aef03dad,59640,5
u_f1589231,66463,5
u_5240dc7f,66463,5
u_03e834d9,66463,5
u_b4fee100,66463,5
u_963dc73f,66463,5
u_6e18f544,101598,5
u_8674c13d,101598,5
u_a2025198,101598,5
u_b5a8991a,129925,5
u_4ea5c376,38129,5
u_6af0fac5,85265,5
u_1556a8a2,85265,5
u_cb2f2a73,85265,5
u_cd9ead63,85265,5
u_ae67b4eb,54009,5
u_44349260,54009,5
u_8036a7f2,54009,5
u_e507bfb9,54009,5
u_2b28e30d,60824,5
u_075e9da6,60824,5
u_5e310f6e,60824,5
u_b791f6a7,60824,5
u_8f22ebad,60824,5
u_27f5cb4d,93238,4
u_c309d5a2,93238,5
u_f68f367c,95706,5
u_c97d179b,21422,4
u_0c61110f,21422,5
u_1c7d3c16,21422,5
u_58ed5203,21422,5
u_7a259bd4,21422,5
u_359a442a,83667,5
u_eca5ba13,83667,5
u_d928c65e,83667,5
u_02083b0e,84344,5
u_57efa591,26733,5
u_87c6f6e5,26733,5
u_a67f923f,26733,5
u_271b0b5e,96067,5
u_41e49624,41416,4
u_89cd383a,41416,5
u_1870f23c,41416,4
u_43714899,41416,5
u_a819f52c,41416,4
u_e3130ce3,40368,5
u_58af79d5,40368,5
u_2234424b,40368,5
u_6d5385ff,40368,5
u_98dd786b,40368,4
u_71359cbc,42921,5
u_ade4c021,42921,5
u_c35db556,42921,5
u_cc8c7b48,75836,5
u_f2fdd4aa,75836,5
u_5f93251d,75836,5
u_db7d5784,75836,5
u_b905a6b2,42706,5
u_39b8a900,42706,4
u_0d385ac6,42706,5
u_7712d264,42706,5
u_35262a07,42706,5
u_121e1747,88419,5
u_1c6c59aa,88419,5
u_f2057229,88419,5
u_fd749c5f,88419,4
u_ee214d36,88419,5
u_a7be4974,73905,5
u_73226bc2,73905,5
u_9d60c246,73905,5
u_fe421dde,73905,5
u_61472af3,42523,5
u_11fe22ba,92612,5
u_f34c0c17,58848,5
u_1f98e222,58848,5
u_10812651,58848,5
u_4181b50a,47958,4
u_cb222a7f,47958,5
u_e9e0cf19,47958,4
u_c69ec74c,47958,4
u_683a66b2,96584,5
u_12896824,96584,5
u_e5a47c6b,81140,5
u_043174b2,81140,5
u_e8d751cd,81140,5
u_a18a4505,85108,5
u_77fb6094,85108,5
u_2f2fc81a,85108,5
u_f7584095,85108,5
u_e7488b37,85108,5
u_bcdea3a8,81845,5
u_9192d7e6,81845,5
u_2fdd345b,81845,5
u_2d6eb076,81845,5
u_99830b4c,74372,5
u_1966c2bc,50216,5
u_33183d67,50216,5
u_84d957eb,50216,4
u_c120b876,50216,5
u_ca43851c,111383,5
u_bbf549e5,50718,4
u_3b779ce9,50718,5
u_1e2f7543,50718,5
u_29fbc74c,50718,5
u_73767111,50718,5
u_feb6ea96,29785,5
u_78a99206,29785,5
u_379ba806,29785,5
u_561e4c57,29785,5
u_6f97aea7,50716,5
u_36401fb5,50716,5
u_14e1f44a,50716,5
u_58af79d5,50716,5
u_24120ad9,50716,5
u_80bc42a6,81754,5
u_4ea5c376,81754,5
u_4d4b55e4,38145,5
u_7d1989d3,65519,4
u_d80c1b15,65519,5
u_22ec2152,65519,5
u_bc85e6e2,65519,5
u_4d171b34,39910,5
u_2cb9d0af,39910,5
u_3bf7e56b,39910,5
u_46463b2e,39910,5
u_ff120954,39910,5
u_14023a2b,58139,4
u_bb174ee6,58139,5
u_7311ce49,58139,5
u_86b52f56,58139,5
u_ee51c0d1,58139,5
u_42cdcfe0,90010,5
u_3e252d96,68414,5
u_889c2d0c,68414,5
u_db20dd55,68414,5
u_fb1624db,68414,5
u_2a987a3f,42924,5
u_69ed2167,42924,5
u_fec99d62,42924,5
u_5c2eafcd,42924,5
u_5cb0a30f,42924,5
u_e84cacdb,8692,5
u_6d631ee5,8692,5
u_25dda63c,8692,5
u_bb722f1f,8692,5
u_a3aef606,8692,5
u_bcdea3a8,42490,5
u_4101450a,42490,5
u_4b69e191,42490,5
u_99358bbd,42490,5
u_ead9735b,42490,5
u_c6b6d015,93147,5
u_2855ee56,93147,5
u_8a3f269b,93147,5
u_77224c60,93147,5
u_c48aaa81,93147,5
u_05d758d7,119071,4
u_7be613c7,119071,5
u_42cdcfe0,119071,5
u_3c292838,34142,5
u_56b80cd4,34142,5
u_99920752,34142,5
u_c72de04b,34142,5
u_be5b9e1a,34142,5
u_275627c3,63021,5
u_0a2cad0e,63021,5
u_b4f1c9bc,63021,5
u_3b34ff47,63021,5
u_adcadb6d,63021,5
u_1803cc9e,80331,4
u_4b8c26e4,97714,5
u_563d6c70,110026,5
u_50c3f04c,110026,5
u_e8046c8f,110026,5
u_46ac2de2,90016,5
u_5e543256,90016,5
u_6bf2d2f0,90016,5
u_454cc5d3,90111,5
u_07c6b57b,90111,5
u_aeccd27a,90111,5
u_eec79387,90111,5
u_b6fc6a60,90111,5
u_c3a1cc2a,112582,5
u_e1281ec1,112582,5
u_ed765f53,112582,5
u_4ed8b8cf,112582,5
u_a19b9857,112582,5
u_bfda03e0,10428,5
u_9277478c,10428,4
u_dc3c1447,65514,5
u_5e2a3eaf,65514,5
u_8570cbae,65514,5
u_48e46b68,65514,5
u_d97c356d,91315,5
u_159c481f,91315,5
u_9ab353c9,91315,5
u_6b9225c4,123634,5
u_098f6bcd,11258,5
u_8d94a38d,11258,4
u_31e5f882,11258,5
u_78c16b14,20342,5
u_ebcf3ed4,25050,5
u_76eff4be,25122,5
u_3ad02f72,25122,5
u_4679031c,25122,5
u_73a14bb4,25766,4
u_0899921b,25766,3
u_f23d3259,17468,3
u_91e6e76c,15714,5
u_ff5dc859,20470,5
u_ba648812,22710,5
u_d932ee64,22710,5
u_060fca42,100662,5
u_8fedff76,42991,5
u_1982fa01,44966,5
u_2528f03c,45562,5
u_b925ad67,45562,5
u_c1921ad3,45562,5
u_d87299f1,37399,5
u_bc5b8688,37399,5
u_8dc497b4,37399,4
u_4d087e90,37399,5
u_84fa2647,37441,5
u_863a1fdc,37441,4
u_cd5ec042,37441,5
u_a53e2113,39340,5
u_a52ff950,39340,5
u_67bddc82,39340,5
u_621dd1ec,39340,5
u_39d123e4,39340,5
u_52416c1b,40561,5
u_cd8afc76,40561,5
u_1b595245,40569,5
u_4ea5c376,31900,5
u_d10d29ae,32065,4
u_a5b5bc2d,32065,5
u_ec40a9de,32065,4
u_7a5e9cc9,32065,4
u_22085e18,32091,5
u_9ad81a8f,32091,5
u_faf0a53f,32091,4
u_4594b9c3,32091,5
u_bb97a106,32247,5
u_54603e84,32247,5
u_ae5ca9cd,32247,5
u_22d82ef4,29483,5
u_e894b506,27894,5
u_f1cb9ef2,27894,5
u_3ff3ef53,27894,4
u_d00645a0,27894,4
u_4e88cae4,29325,5
u_932bbaca,57476,5
u_ca8d5908,57476,3
u_7bbdd5d2,57476,5
u_b66c962a,59275,5
u_ecb878c9,75449,5
u_fdce6b02,75833,5
u_b68423cc,75833,5
u_c7802609,75833,5
u_4127e635,79829,5
u_e50bf739,80399,5
u_0e4a686f,80399,5
u_c54ea3ba,80399,5
u_6e18f544,12697,5
u_0b2fe8a1,12697,4
u_042b4a02,9983,4
u_614d52a6,9983,5
u_a4961564,9983,5
u_fca19eb6,9983,5
u_e75aed91,9983,3
u_f48098ce,9469,4
u_a3ebe319,25523,5
u_43638f39,25523,5
u_f3b4ea63,25523,5
u_e681782b,25523,5
u_57067de2,67249,5
u_7af088e9,67249,5
u_91ea59f7,67249,4
u_86b76d6d,67249,5
u_781dcd93,67253,5
u_6a0f13a2,67253,5
u_b29cce17,67253,5
u_615ca5f2,67253,5
u_0c24fd4a,60153,5
u_5e543256,60153,5
u_b00b5df9,54013,5
u_ac812e1d,54013,5
u_234294bb,55621,5
u_fe26102c,55947,5
u_2009ed4b,55947,5
u_1b2812bc,55947,5
u_d0ff320b,56099,5
u_bfa6ed31,56099,5
u_3e1698d3,57473,5
u_cba588ca,57473,5
u_c029c140,57473,5
u_2ab2f969,34361,5
u_ef7e5172,34361,5
u_6012be0d,34361,5
u_6d7778e5,34361,5
u_b3cafcc2,34361,4
u_975e399d,35503,5
u_78dd19bf,35503,4
u_f7584095,27148,5
u_fbd254df,27148,4
u_1e307802,27148,5
u_461e4972,27148,5
u_d86fa808,35073,5
u_74500235,36972,3
u_4ac1b148,36972,5
u_d6d42734,39873,5
u_d7c890d5,39873,5
u_af6c0ad3,39873,5
u_fc285ba4,53784,5
u_e2f40317,53784,4
u_f8ae07f7,53784,4
u_df43bf5c,53784,4
u_c8984227,28152,5
u_6049e82f,28152,5
u_57087591,28152,5
u_a9dfed82,28152,5
u_9e2bbe25,28152,5
u_fddd1122,36932,5
u_83c93f64,36932,5
u_8151a4aa,36932,4
u_2a3c73d6,36932,5
u_8302146c,64729,5
u_99141d77,30062,5
u_88596eda,30062,5
u_ea09baed,30062,5
u_252d781f,30062,5
u_c4319bd1,75825,5
u_61f255ef,72293,5
u_81a865f9,44151,5
u_8725ef2a,44151,5
u_d8688f26,44151,5
u_43e0e6ae,44151,5
u_2cd66b2e,44968,5
u_92981a13,50339,5
u_f1757bfe,50412,5
u_cb7c8fae,51681,5
u_5e543256,51681,5
u_4537a209,51681,5
u_88d244d1,51681,5
u_a3881119,53900,4
u_09c93a44,53900,5
u_282d6701,53900,5
u_5e599e50,53900,5
u_7fc8e135,47408,5
u_2fa8d2ce,47408,5
u_d7eb7290,50370,5
u_6d62c09a,11234,5
u_281b8ed4,11234,5
u_041ad03a,11234,5
u_a8159e55,11234,4
u_3dc0e709,11498,5
u_f42048d9,11498,5
u_c85fad90,11498,5
u_ec725af2,18882,4
u_e7763739,18882,5
u_150dd491,18882,5
u_1d0ea88f,18882,4
u_af1f801b,18954,5
u_a880f6ed,18954,5
u_b666ccf4,18954,5
u_747a5882,18954,4
u_50933905,19419,5
u_da774ee1,9690,5
u_63bb9bc9,9788,5
u_d36c56c7,9788,5
u_c5ac1453,9788,4
u_736f9386,9788,3
u_246198da,12708,5
u_6df86cfa,12708,5
u_6351a85f,12708,5
u_a3251a2f,12708,5
u_4b009ddc,12708,5
u_c0d9f96f,15544,5
u_fd77f7e2,15544,5
u_a336f645,15544,5
u_bdba6ca2,15544,5
u_6fec80f0,44971,5
u_ef41bcfa,35778,4
u_8a2180fc,37782,5
u_03dcdc02,37782,5
u_92ab1308,37782,5
u_c4f49141,41414,1
u_c3aafb77,41414,5
u_91c698b7,41414,5
u_7e49f5ea,41414,5
u_9699499d,50335,5
u_e6cfc95c,50335,5
u_8b179e19,50335,4
u_a9f7e082,50338,5
u_254e5f54,23610,5
u_cd01013e,23610,5
u_ac9b94be,23610,5
u_169d9786,23610,5
u_6ff365e6,32343,5
u_9a7e2f04,22251,5
u_ded744b0,22251,5
u_4bbb246c,22251,1
u_632f8fa4,22251,4
u_86408e9b,22251,5
u_b480bce1,24982,5
u_8387cb2a,24982,5
u_0fce7991,24982,5
u_9fd0508c,24982,5
u_5c54fffc,24982,5
u_79bd46ec,24997,5
u_040f5157,24997,5
u_04417a11,55178,5
u_d08041e8,55178,5
u_7f688259,49189,5
u_bee07b50,49189,5
u_c3b06127,49189,5
u_40380947,49189,5
u_a220ef53,49189,5
u_690a1927,50287,5
u_bf3152fa,50337,5
u_cb3cd4b5,50337,5
u_7c9e507f,50337,5
u_adb2514c,50337,5
u_c3aafb77,50337,5
u_85ac1214,50387,5
u_4babaa9f,50387,5
u_1ac53699,51050,5
u_70f9cd08,51050,4
u_60f738ba,51050,5
u_e3b70b58,51709,5
u_c72c7544,51709,5
u_82c0438f,51872,5
u_56d70c1c,27201,5
u_3f76a463,27201,3
u_8cc4680e,27201,5
u_e1a7ac0e,27201,4
u_ed7fec43,47010,4
u_4248e18f,47010,5
u_43ee7851,49039,5
u_c63096c8,49039,5
u_d19b6e2a,49039,5
u_87d79893,49039,5
u_7d360503,49039,5
u_6e6da07c,59964,5
u_e934bdae,59964,4
u_33a0e24d,59964,5
u_4ad35edf,59964,5
u_a880f6ed,25230,5
u_780c4c42,20670,5
u_29afe71e,20670,3
u_1f51449f,22716,4
u_ac53117a,22716,5
u_ecb878c9,22810,5
u_03cd839b,23080,5
u_c4b2f37a,23080,4
u_b6ceb3e2,23080,3
u_27c8083d,23080,5
u_ebd29ad5,23080,5
u_58ed5203,23980,5
u_a85a47f2,23980,5
u_427392dc,24313,5
u_eab2737a,24822,4
u_2675ac5f,24822,4
u_ff097f25,25711,5
u_4ea5c376,25711,5
u_68b25118,25711,4
u_ff5dc859,25711,5
u_d6976977,35957,5
u_a120aa9f,35957,5
u_7ef3214d,35957,4
u_c5991a80,35957,5
u_55c50be7,35957,4
u_ee51c0d1,61717,5
u_8b4fba4f,61717,3
u_11c44e3e,61717,5
u_7be1cdbb,61717,5
u_25408c19,67398,5
u_d7c3f1d2,30673,5
u_b4156889,30673,5
u_284361f0,30673,5
u_c92e0bd1,30673,5
u_f88134b0,64855,5
u_86811be7,64855,5
u_84120655,64855,5
u_a901777e,56812,5
u_62442d6f,32270,5
u_6fe52e32,32270,5
u_9600de79,32270,5
u_4eb2bb8a,64245,4
u_0f338219,64933,5
u_a267201b,64933,5
u_260716a3,64933,4
u_45199001,64933,5
u_0686c8cb,64933,5
u_3cabcf95,99993,5
u_dee98c41,67009,5
u_e8deaf90,67009,5
u_d97d82d7,67009,5
u_0e390413,67259,5
u_db7bea00,67259,5
u_bad402ac,67259,5
u_9b165dd8,67259,4
u_429d87bd,67645,5
u_59b17296,67645,5
u_6308cbff,67645,4
u_6145f4b6,67645,5
u_4e250425,71435,5
u_c54291c6,30503,5
u_a30c9fe7,30503,5
u_274b50e3,30503,5
u_4ad35edf,30503,5
u_e40d96f2,30503,5
u_95ac5cc3,42885,5
u_73696bb7,42885,5
u_00f6d7d8,42885,5
u_18e6fd46,42885,5
u_672f9ff0,42885,5
u_00c2f055,48855,4
u_bf006298,48855,5
u_5e543256,48855,5
u_b172a5a4,48855,5
u_ef829858,49660,5
u_aff702ce,96054,5
u_d55b3b4a,96054,5
u_98ec5649,26456,5
u_b0ebb5ee,26456,5
u_30591f49,30624,5
u_c7715813,30624,5
u_8043749e,30624,4
u_a7186ab9,30624,4
u_3d15130a,30624,5
u_fcec322e,46247,5
u_37ce981f,49003,5
u_f3bd10bb,49003,5
u_437f3e82,49564,4
u_1be37629,49564,5
u_c4fb5f8f,49564,5
u_e3d82bcc,33513,5
u_521c514f,33513,5
u_5492fab5,33513,5
u_29906e34,33513,5
u_4a486d07,42677,5
u_fac25716,75724,5
u_2cf9af2e,85249,5
u_c46395a8,85249,5
u_a8ebbd1e,25456,5
u_2bbad810,25456,5
u_0d3f224c,25682,5
u_f75bacfb,25682,4
u_f7182f0b,25682,5
u_1c27e583,25682,5
u_41fadd1a,25682,5
u_b14b6029,27197,5
u_d9f5707c,27197,4
u_0980f526,27197,5
u_5a4efcf5,27197,4
u_0fa2f9b5,27197,4
u_dc5865ea,24979,5
u_91b6cde7,24979,5
u_8394f034,24979,5
u_c6de72a2,24979,4
u_a3a087ad,24979,4
u_fa65a9cf,29480,5
u_18c1f470,29777,5
u_13ca8fe6,29777,4
u_6714bf27,29777,3
u_9b5f99d4,29832,4
u_8467a69c,29832,5
u_2d4c0a44,29832,5
u_2f65af15,22238,5
u_8296dedb,22238,5
u_434d30d6,22238,4
u_7b802558,22238,5
u_4b680692,25458,4
u_e6717190,25458,5
u_6015cfa4,25458,5
u_806760e4,31249,5
u_34bd8c9e,31249,4
u_c27bf428,24985,5
u_2618e08a,24985,4
u_841f44f0,24985,5
u_e3316a82,24985,5
u_c92f1d1f,24994,5
u_18c9989c,24994,4
u_0ff9ec26,26528,5
u_ef0921e2,26528,5
u_e1995d69,26528,5
u_8d94a38d,26528,5
u_975e399d,26528,5
u_b328d336,10270,4
u_b1953b03,73127,5
u_d808786f,73127,5
u_1987485c,73775,5
u_4a237b99,73775,5
u_b816ec1b,73775,5
u_1de0446a,73775,4
u_8d7a77ee,81427,5
u_a347bc3e,81427,5
u_bd6fed95,82409,5
u_de7a9695,82409,4
u_81ef369d,89254,5
u_440e1489,59272,5
u_1084aa10,59272,5
u_e521e6c4,59272,5
u_00927894,59272,4
u_e9b53b4e,46945,5
u_ab5dbff6,46945,5
u_74b9ab2b,46945,5
u_7e4b119d,81425,5
u_06d52813,81425,5
u_5f5ca0b3,38769,5
u_1a316223,38769,5
u_62f9ccf2,38769,5
u_0c60b684,38769,5
u_48c76452,38769,5
u_212bedab,19334,5
u_54cb30d6,19334,5
u_da45dc80,19334,5
u_7be613c7,19334,5
u_fd1be39a,19334,5
u_08773818,121761,5
u_ec50a7a4,93861,5
u_bf001d18,93861,4
u_a5aed117,93861,5
u_eaedd069,93861,4
u_2017b847,113507,4
u_a3ba56c5,117473,5
u_200b1943,106546,5
u_a44045db,103685,5
u_095b0894,105867,5
u_85189add,104206,5
u_42cdcfe0,102235,5
u_a2ec78a9,107220,5
u_036e3491,105170,4
u_b3657001,101805,5
u_577f1e19,75451,4
u_de8cf295,75451,5
u_e055d385,74371,5
u_4a73a7c9,74371,5
u_49c8b614,74371,5
u_208c5535,74371,5
u_3f7a97c8,73938,5
u_4acc0d4c,73938,5
u_e045454d,73938,5
u_4bdcf09b,73938,5
u_61decf0b,73938,5
u_60fb2520,95599,5
u_ee1a5edf,95599,5
u_5937c4ee,95599,5
u_77fb6094,93856,5
u_fef97249,93856,5
u_c0fef0ac,93856,5
u_2cb7dafe,93856,5
u_e9c9a6fc,93856,5
u_e8bb8e2b,98603,5
u_ea5c7322,96596,5
u_514e9369,98240,5
u_0a5b998e,96402,5
u_3c18f2da,99470,5
u_73f01e81,99470,5
u_0c536196,99470,5
u_ea452354,100800,5
u_1e1e7d9c,77530,5
u_d4c9f083,77530,4
u_460cf493,77530,4
u_e7d37cae,70664,5
u_0bc7217e,70664,5
u_05b3bfa7,70664,5
u_7317082d,70664,5
u_3c40254e,70664,5
u_45c032ff,75875,4
u_eba4c015,75875,5
u_1a799471,75875,5
u_3ad02f72,75875,5
u_5f84ad35,70303,5
u_fb680adf,78705,5
u_2c2a7537,84806,5
u_c64960ab,81540,5
u_fafb934d,81540,5
u_00b85aa4,81540,5
u_ef56b897,81540,5
u_daca9452,81540,5
u_8e39ed35,86790,5
u_24cb1b20,71970,5
u_2e7e017d,73906,5
u_5de0df75,73906,5
u_771b9da8,73906,5
u_a64ce6dc,78477,5
u_d5f88cbd,78477,5
u_03f334d3,84360,5
u_9a062668,86237,5
u_cf6da43e,100656,5
u_bd373060,37482,5
u_32bff66b,37482,5
u_44de102f,37482,4
u_1a5c7a54,37482,5
u_eb34fd85,88431,5
u_a59a323a,88431,5
u_5b6d596d,88431,5
u_1971959b,88431,5
u_bcdea3a8,81204,5
u_31b1e0c7,81204,5
u_9075ef0b,81204,5
u_3c42f282,81204,5
u_b79b64f7,92226,5
u_d4948e6f,92226,5
u_0956864b,90024,5
u_d17ae246,90024,5
u_6cd75b67,90024,5
u_09c450c0,93640,5
u_9f35ccc4,63571,4
u_72e00854,58947,5
u_acea7363,58947,5
u_afa62b92,58947,5
u_cd5defff,65751,4
u_2f47194c,65751,5
u_ecc23249,65751,5
u_9f88a93e,65751,5
u_13b543c6,67246,5
u_5a767671,67246,5
u_cf26f212,67246,4
u_e9a9fac5,67246,5
u_bbdf18d7,66469,5
u_b23f4837,22714,5
u_58af79d5,22714,5
u_137cfa64,22714,5
u_ba1201da,22714,5
u_80a9a9f2,22714,5
u_17d48c03,49083,5
u_3ff3ef53,49083,5
u_c9807d1d,49083,5
u_6144eab9,49083,5
u_c9793fe1,31930,5
u_1bf7b924,31930,5
u_dda54657,31930,5
u_9ad11ca0,47195,5
u_b24bbc6a,47195,5
u_8f0e46cf,47195,5
u_9a46d37e,47195,5
u_f78f260b,47195,5
u_e25d816f,59972,5
u_ec284b0e,59972,5
u_383bdef2,59972,5
u_5a003077,59972,5
u_b641a0d7,59972,5
u_4adf499d,65749,4
u_45ae1f81,50222,5
u_fcee5931,16371,5
u_91e6e76c,16371,5
u_dbb70b68,8739,5
u_3e6d54b2,8739,4
u_cd3c5235,8739,4
u_b059019a,8739,5
u_9a28a344,44983,4
u_d259e7b9,8600,4
u_932bbaca,8600,5
u_03a7cc4c,40289,4
u_fdb40713,40289,4
u_38b3a00d,40289,5
u_1535972f,34611,5
u_5c32f476,34611,5
u_0a9f867b,34611,5
u_88c67dc8,34611,5
u_6935913e,34611,5
u_0c5a16d1,46382,5
u_ccfdbb8b,46382,5
u_88cd7477,45227,5
u_2ac82b74,45227,5
u_80a7caf6,45227,5
u_3e14ff6b,45227,5
u_577b4fd8,84801,5
u_025c3d99,84801,5
u_ca43851c,84801,5
u_8214c604,84801,5
u_9361268d,111543,5
u_703e9c83,49410,5
u_7c56b9f8,49410,5
u_84de0042,49410,4
u_bee07452,49410,5
u_73a14bb4,81847,5
u_56aa9bf4,81847,5
u_0112b771,60570,5
u_3a803080,60570,5
u_b2a2b420,60570,5
u_8d457e5f,60570,5
u_6df86cfa,60570,4
u_d1103491,62241,5
u_7f1d2b2e,62241,5
u_fa1dda74,62241,5
u_d6fa96b6,62241,5
u_d0ef663a,62241,4
u_a35d75db,64722,5
u_30c519c3,64722,5
u_2be6f47f,64722,5
u_4f59166f,64722,5
u_48af8aca,82321,5
u_7d6fe8d3,82321,5
u_44319a9e,82321,5
u_e647c047,82321,5
u_0f658a6b,82321,5
u_e02c8efb,119432,5
u_8222874f,131341,5
u_abe4242f,102238,5
u_e8bc7d40,37375,5
u_72f88ceb,37375,5
u_5ce6580d,37375,5
u_ef23b1e0,37375,5
u_fec24573,37375,5
u_9f1f57d7,113498,5
u_6c74c72f,26789,5
u_a5fb8702,26789,5
u_e3a31cfc,26789,5
u_7cd87b0b,26789,5
u_72ca940c,26789,4
u_ad77251e,74785,4
u_336f2555,74785,5
u_6b7450cb,74785,5
u_285f26ce,85228,5
u_0e3f10e0,85228,5
u_568fb6d5,94207,5
u_426296b3,94207,4
u_b60d81c9,56077,5
u_965ef176,56077,5
u_7ba878d9,102891,5
u_e3130ce3,102396,5
u_0a4fc6fd,102396,5
u_78573705,102396,5
u_90ce8fbf,110016,5
u_efab2ad9,42929,5
u_a0deb44c,42929,5
u_c3fa991b,42929,5
u_5cb0a30f,42929,5
u_85fe5580,42929,5
u_7a5e9cc9,59514,5
u_ba0b8c7f,59514,5
u_b8730d92,59514,5
u_e02c8efb,80398,5
u_b1ed744a,80398,5
u_fb02db8c,80398,5
u_a8a7ad65,80398,5
u_0473fe8d,80398,5
u_15538d8e,72448,5
u_df3a296d,72448,5
u_5b516932,72448,5
u_9d4a1b98,75718,5
u_85139487,75718,4
u_ae61ead7,75718,5
u_3a1f0b67,75718,5
u_4067d4bc,75718,5
u_e50bf739,64943,5
u_3ad02f72,64943,4
u_d7ccd4bc,64943,5
u_eb8a5975,64943,5
u_504c75ec,64943,5
u_dd2bcc8f,93824,5
u_4e7d424e,93824,5
u_02f3e7f9,53906,5
u_1545615b,53906,5
u_3ad713f5,53906,5
u_7b0b2977,53906,4
u_b9850989,53906,5
u_110b984e,63959,5
u_ab52494e,63959,5
u_4eeeb3d7,63959,5
u_3aff8bff,63959,5
u_841445b1,63959,5
u_718b2864,44975,5
u_b7dab603,44975,5
u_511fd8bc,55936,5
u_7f3a53d2,55936,5
u_2f668928,55936,5
u_f0a7d023,66775,5
u_a54f844b,66775,5
u_59b114c7,66775,5
u_78df3b03,66775,5
u_7fc3e1f0,97225,5
u_f4940f49,97225,5
u_12ed791f,97225,5
u_8b58b47c,118540,5
u_f785fedf,54803,5
u_d4debe80,54803,5
u_93172af9,54803,5
u_a70b56b1,54803,5
u_ffd058a8,108905,5
u_da9f8782,30041,5
u_f8459e98,30041,5
u_28938a60,30041,5
u_383bf96c,30041,5
u_fcbbc062,47405,5
u_57f859d7,47405,5
u_1d242e42,47405,5
u_9d756b9b,88421,5
u_de24704c,88421,5
u_858735b3,88421,5
u_0931f909,96600,5
u_6d7db61d,96600,5
u_aff3afd9,96600,5
u_c062d67e,111269,5
u_17a8cca7,111269,5
u_a41c066a,111269,5
u_dda82f13,111269,5
u_9093cc0c,121577,5
u_4e664fd0,59644,5
u_acc31323,59644,5
u_fa454306,95777,5
u_7718736b,62512,5
u_6a80d313,62512,5
u_5e543256,62512,5
u_7281c103,62512,5
u_ecf7432d,62512,5
u_56aa9bf4,79530,5
u_6d498480,79530,4
u_ccfcdaad,88863,5
u_b652989c,88863,5
u_8f744220,88863,5
u_5f5ca0b3,88863,4
u_91ea59f7,88863,5
u_d8df085a,99461,5
u_995521c2,79909,5
u_bd0c7746,79909,5
u_ea94ee18,79909,5
u_8a1f90eb,79909,4
u_451753be,79909,5
u_d30505ba,76080,5
u_2d53c3e3,76080,5
u_c8151082,76080,5
u_d8a0a312,76080,5
u_3f97aff6,85276,5
u_52fc336d,49566,5
u_5b8ee2b7,49566,4
u_5c9e59df,49566,5
u_3333b789,49566,5
u_3e492049,73013,4
u_8909f4f3,73013,5
u_88e5536d,73013,5
u_e12d8e8d,73013,5
u_662fce5d,73013,5
u_df651668,93811,5
u_85645268,93811,5
u_d7ff6fce,93811,4
u_3b66f7e5,93811,5
u_0d006bdd,93811,5
u_c75768e0,116202,5
u_332ca086,116202,5
u_4ea5c376,116202,5
u_a3ba56c5,116202,5
u_322b1125,118592,4
u_d7132d35,118592,5
u_f615a21b,93875,4
u_5ff06912,93875,5
u_3e3be67b,93875,5
u_825df431,93875,5
u_373e6436,93635,5
u_d082c801,93635,4
u_509e6296,93635,5
u_f8bed67a,93635,5
u_47b313f3,93635,5
u_a7c8df69,55556,5
u_b5056994,55556,5
u_74fdcd5b,55556,5
u_1b595245,55556,4
u_919a79d2,55556,5
u_39e4d92f,71443,4
u_6b7a1a41,71443,5
u_411df2cb,71443,5
u_cb54bf47,71443,5
u_15a5f89b,71443,5
u_61323b08,101209,5
u_106314f7,92407,5
u_fafb934d,92407,5
u_4ccc2662,92407,4
u_73a14bb4,92407,5
u_0a7b0318,92407,5
u_d0229e1a,85269,5
u_05fb0437,85269,5
u_b2fa28df,85269,5
u_cbef44e5,85269,5
u_d95b2d86,109181,5
u_cffe2df9,15181,5
u_4be9b9bb,15181,5
u_f2e60d92,15181,5
u_1b75cf89,15181,5
u_9b7b533f,15181,5
u_c7abc885,25543,5
u_0f526403,25543,5
u_d929b60a,25543,5
u_a2b1354d,25543,5
u_cb3cd4b5,66048,5
u_041e4a38,66048,5
u_af9166df,66048,5
u_b87665e4,66048,5
u_88cd7477,79533,5
u_79735264,79533,5
u_d61e7758,79533,5
u_f1948557,90743,5
u_58ed5203,90743,5
u_5d8d7681,117105,5
u_c049d3c3,117105,5
u_b13964e5,117105,5
u_a5f27c16,117105,5
u_08e680ea,117105,5
u_125d2443,42499,5
u_bf9af1a3,42499,5
u_6345895b,42499,5
u_36902415,42499,5
u_974aa52f,42499,5
u_c17437f6,79531,5
u_3cffb918,79531,5
u_c95ea224,79531,5
u_8052f6f0,79531,5
u_0293b3cf,79531,5
u_fc981f66,42708,5
u_b92f9369,42708,5
u_237a2b4a,42708,5
u_d6066664,42708,4
u_6b4c1cf3,42708,5
u_8dac3538,9598,5
u_8704f95f,17487,5
u_ecb878c9,17487,5
u_e4da1079,12165,5
u_ccce92d8,108036,5
u_91e6e76c,18551,5
u_e5935fe2,18660,5
u_e6ca281b,19370,5
u_64c5b213,19370,5
u_91df1288,19370,5
u_5d58d847,19370,5
u_a6daf6d5,19370,5
u_ccbae381,20004,4
u_6a555392,16733,5
u_cb54aec8,16733,5
u_50a56893,16733,5
u_af405a40,16862,5
u_546cb004,40465,5
u_76a1ca7a,42234,4
u_e894b506,33772,5
u_863a1fdc,33772,5
u_87ba55c2,33772,5
u_7f6ba755,33772,5
u_276164ff,33772,5
u_738cebae,31602,5
u_34a7e79d,31608,5
u_f74fc490,31608,5
u_34cc2aab,31885,5
u_8a26e60d,27707,5
u_7b305688,27707,5
u_d3bb1d55,25213,5
u_66cdc3ef,25213,5
u_6b82c1f3,30683,5
u_9aacfc91,26213,5
u_369513ed,54054,4
u_c8760886,48694,5
u_6088b3e1,70829,5
u_35c6c9d7,70829,5
u_fd835ddd,70829,4
u_ac5beb0c,70829,5
u_c1373cae,72816,5
u_160edf94,72816,5
u_ee214d36,72816,5
u_604e1765,72816,5
u_87aa20a4,72816,5
u_a9bc58fa,44364,5
u_3164f7ce,69434,5
u_569d7c8c,69853,5
u_ee51c0d1,73450,5
u_1ac40f5d,73450,5
u_c0918045,56527,5
u_3bc187da,76342,5
u_f49b7ba6,76647,5
u_f8b25f9c,76647,4
u_28154e27,76647,5
u_79a51b1f,76647,5
u_3ed66df5,77163,5
u_ba425e05,77163,5
u_5666bd8d,77163,4
u_fae6193d,77830,4
u_9743486e,82491,5
u_330cfcb6,82491,5
u_10d66672,82491,4
u_2fdd55a9,82491,5
u_a65ac8b7,91090,5
u_a838cdeb,88233,5
u_72f3965f,86787,5
u_7e177054,87068,5
u_b2656f4d,22199,5
u_ccfdbb8b,22199,5
u_5fcd3cc2,22199,5
u_b59d56c6,22199,5
u_e5f24c2c,22199,5
u_e3e129a7,44520,5
u_e6169760,44520,5
u_4f659bc1,50861,5
u_6116314c,52522,5
u_3ec4c4ce,52522,5
u_dd80b935,52796,5
u_e17c22dd,24192,4
u_97aacacb,35811,5
u_4b599aa9,28696,5
u_d4abbe51,31545,5
u_b59c84f8,49329,5
u_22ef38cf,42923,5
u_009a6911,43337,5
u_ef7e5172,43369,5
u_12756e4c,34083,4
u_998f7f3d,34083,5
u_d35dba79,34091,5
u_82e1a72f,34091,5
u_93364439,34091,5
u_1728949e,34091,5
u_879ce12b,34923,5
u_8c810fda,35312,5
u_a73779c9,35936,5
u_97d3e120,35936,5
u_87edf03b,35936,5
u_de23d5f3,35936,4
u_c91209d5,36013,4
u_70a0951e,36734,5
u_74c07c42,16686,5
u_0b7e6919,16686,5
u_17891255,24988,5
u_509e6296,26421,4
u_ea726ec1,26421,5
u_45168444,26421,4
u_56c74b63,27083,5
u_2afabf40,27083,4
u_c8f7c05b,27083,4
u_e2f40317,27426,5
u_5424b358,27426,5
u_ab979068,27426,5
u_78f36e72,27850,5
u_30d55a39,37304,5
u_a249cadc,37038,5
u_28a2d687,43210,5
u_a120aa9f,54063,5
u_8bccdbef,46198,5
u_36d49506,46198,5
u_89ced7d3,41189,5
u_f77c4398,41267,5
u_3e06fa39,41267,5
u_0778e49f,42839,5
u_322b1125,43040,5
u_f0991291,43040,5
u_504c75ec,43402,5
u_a59713cd,56518,5
u_d4518ed4,56518,4
u_dfead0eb,56518,5
u_23eb1522,56518,5
u_47a459ef,51531,5
u_e6c90cf8,51531,5
u_0fb5d5df,51531,5
u_d8d06da8,54559,5
u_f9faca2b,54559,5
u_98a81c6e,54559,5
u_d9347241,56953,5
u_e54ca469,57131,5
u_54988ea9,57131,5
u_dcd4a464,60207,5
u_338c8ce1,60605,5
u_0cec563d,55874,5
u_153aa28b,60989,5
u_2bca6c4f,67934,5
u_369513ed,67934,5
u_d629d6b5,67934,5
u_f7507fd5,32775,5
u_e7a62ca2,33423,5
u_c49f3813,33780,5
u_217299f3,34061,5
u_1d177253,34241,5
u_cc9f8047,34348,5
u_1cba695e,34348,5
u_74da75d0,34631,5
u_8600d3e5,35560,5
u_6cd91369,35560,4
u_14715807,28240,5
u_5f5ca0b3,29126,5
u_5b7cab55,29533,5
u_797b6bb9,29533,5
u_fb2d9529,29533,5
u_7dac4e1e,29533,5
u_2791afdb,29533,5
u_82dccf08,29719,5
u_73e2521e,31607,4
u_24490253,31325,5
u_5c01d668,28597,5
u_f8f774db,28597,5
u_523897d3,28597,5
u_357026a5,26783,5
u_8aeff70c,33073,5
u_2dbb1731,33073,5
u_6a73483f,31145,5
u_dcaf740e,30378,5
u_5f5ca0b3,30378,5
u_fc285ba4,25402,5
u_4ad35edf,33577,5
u_e5935fe2,33775,5
u_1636fb3b,33775,5
u_6dc1b493,33775,5
u_572a27dc,33775,5
u_124ee886,33775,5
u_4b3cf0c8,37045,5
u_3bda9b6b,26395,5
u_ebd29ad5,26398,5
u_b0a146e9,26427,5
u_f4ab465c,26610,5
u_2654a3c1,27655,5
u_fe8bc318,27747,5
u_82ec9493,28210,5
u_f9a2a017,28210,5
u_26e7e355,28210,4
u_a53e2113,28210,5
u_a85a47f2,30373,5
u_cfae0b56,39913,5
u_7da8c8bf,39913,5
u_a883dd9f,31080,5
u_1f56f58d,36632,5
u_2009ed4b,36632,5
u_305e2a33,42933,4
u_9a53a1fa,51107,5
u_f8edc571,51107,5
u_12fa65a9,51574,5
u_1f2afa5a,51574,5
u_9a6a5a0a,55582,5
u_d55b3b4a,55582,5
u_757d474f,55582,5
u_9ed2f459,55582,5
u_07c6c743,57135,3
u_67b40222,59025,5
u_fd835ddd,59988,4
u_200b1943,60170,5
u_4a64af46,60170,5
u_791fce81,60170,5
u_5e543256,60170,5
u_99485a98,60539,5
u_5e543256,61053,5
u_64666300,61256,5
u_5f3a7100,61256,5
u_7cbeeb83,61261,4
u_630b5614,61594,5
u_ff3e669b,65011,5
u_25df9390,65011,5
u_276d0003,52486,5
u_ac47382e,52486,5
u_e6c8128c,53246,5
u_d114d136,50521,5
u_35afdabe,50521,5
u_c55e019c,51946,5
u_ebb9769d,51946,5
u_520cd00c,46938,5
u_a438a884,23368,5
u_4e122fc2,21241,5
u_b549e415,16967,3
u_e1bb29f8,20350,5
u_829d44f5,47436,4
u_9b109a10,48860,4
u_37bd8d05,18431,5
u_6e3ce7ed,18431,5
u_50933905,18431,5
u_7f933220,18662,3
u_33a3e333,65753,5
u_6cd91369,54491,5
u_5e543256,54518,5
u_f1d57271,48623,5
u_99acc227,50297,5
u_eb003678,53327,5
u_8baf2ea3,50312,5
u_59ecba42,60409,5
u_729b4f48,41601,5
u_ac71d82e,41601,5
u_5e543256,41601,5
u_79ba5817,41601,5
u_cda6d530,41601,5
u_7f11cca5,43375,5
u_fa963210,46152,4
u_dbb3e338,46152,5
u_1c8149fb,46152,5
u_e8f40575,46152,5
u_72ea05e9,46860,5
u_a880f6ed,21882,5
u_026a0ae6,17485,3
u_8284a176,17485,5
u_102c31f3,17092,5
u_a3ba56c5,99222,5
u_36b73b41,65784,5
u_8e739259,65784,5
u_ffc76083,67915,5
u_59574b05,67915,5
u_c7d6c0aa,67917,5
u_f110dc59,67917,5
u_b87be9be,72256,5
u_eb2f45b3,72256,5
u_ca2485fe,54642,5
u_e28c736e,78183,4
u_639c8ac5,79776,5
u_36b73508,49377,5
u_b329b5c2,49377,5
u_835eb872,49377,5
u_fd21a3da,48619,3
u_1eac0275,48727,5
u_61d6253a,22153,5
u_89317770,22153,5
u_9574bd90,22153,4
u_1aa839c3,22153,3
u_ecb878c9,22153,5
u_923da32f,48861,5
u_fc285ba4,48861,5
u_b43d2be6,48861,5
u_f27eb313,48861,4
u_f3fdbba1,30340,5
u_dda92855,30340,4
u_c1e70e17,28450,5
u_6e18f544,28450,5
u_fb5d7c2f,81326,5
u_f44a39a4,33532,5
u_b7672344,33532,5
u_a6df277d,54045,5
u_78c16b14,10159,5
u_2533d0ff,10396,5
u_b7cea4f1,10396,4
u_b13964e5,10396,5
u_59562380,27819,5
u_e96e3b38,27819,5
u_018bf1fa,27819,5
u_a2748568,27819,5
u_c8760886,27819,5
u_b7471d52,30632,5
u_64f43cee,30632,5
u_1f13135a,30632,5
u_81a6d410,30632,5
u_76ba144b,30632,5
u_87aa20a4,44536,5
u_91c6f594,44536,5
u_c181f8de,44536,5
u_134d85c6,44536,5
u_cbda2095,15200,5
u_e2a2ec70,15200,5
u_045a940a,15200,5
u_a4b8067d,15200,5
u_e61981e0,15200,5
u_b610a9d6,88896,5
u_49015a00,93921,5
u_91f81850,93921,5
u_cedf45b6,93921,5
u_a9f8b305,38581,5
u_a91c6643,38838,5
u_f1d0f188,38838,4
u_f1cb9ef2,38921,5
u_0e053964,38984,5
u_5e628457,38984,5
u_7395fd53,38984,4
u_da608cfb,20558,4
u_fafb934d,20558,5
u_84dc1608,12189,5
u_f7584095,12189,5
u_064b14d9,12189,5
u_c91fcd01,14116,4
u_e916594f,8704,5
u_fc285ba4,25401,5
u_91e6e76c,16353,5
u_e8f09fc8,16353,5
u_df9533af,72817,5
u_cb54aec8,72817,5
u_ea452354,72794,5
u_b730ea65,80631,5
u_0db2e76f,80639,5
u_e8993a26,80639,5
u_66fb8d21,80655,5
u_3fae411c,80748,5
u_ccdb2bc1,80898,5
u_536c283a,81229,5
u_727d3336,81767,5
u_da7818c0,82730,5
u_b94ab46d,82730,5
u_042680ed,82730,5
u_566a091e,82730,5
u_ad55ddf1,83955,5
u_9550a93e,76651,5
u_20e60be9,76651,5
u_31fc4fa9,76651,5
u_e14620cd,76651,5
u_5424b358,79627,5
u_a6068206,79627,4
u_e4abc9d6,86958,5
u_3a1f0b67,87193,5
u_db194ece,87193,5
u_70cb8ac9,87193,5
u_eb969bbb,88235,5
u_3cc0c725,88235,5
u_a118da52,69519,5
u_682ffdc4,77926,5
u_b433e90d,77926,5
u_1810b9e5,77926,5
u_2e1d0918,72688,5
u_93d539eb,75494,5
u_f63a4e65,75494,5
u_9818a8ed,19929,5
u_660e9f66,20214,5
u_db007db6,20370,3
u_ac727c6d,20370,5
u_8b799d95,20738,4
u_065dd680,21038,5
u_ecb878c9,21038,5
u_7f87f009,81336,5
u_c2268e97,82881,5
u_13dd96b6,82881,5
u_bca0a0d6,82881,5
u_6a8bda55,83504,5
u_e58b4657,84201,5
u_5f471d2c,50851,5
u_925238e7,73422,5
u_f7b09413,73426,5
u_2e00e4d7,74809,5
u_356711d4,52816,5
u_136ed910,56140,5
u_456bcd12,56140,5
u_da771d2d,56140,5
u_73a14bb4,56140,5
u_9518260e,19338,5
u_baf9e628,1662,5
u_f09066ce,8691,5
u_c5ab9fec,14166,5
u_8ec95ef5,14166,5
u_17d368e1,40868,5
u_013f5125,40868,5
u_270f88b7,16332,5
u_3aa8d710,17421,3
u_e1bb29f8,23247,4
u_ea9316fe,56486,5
u_929b5460,61396,5
u_c1435b0c,49186,5
u_7fca9cf5,55420,5
u_de0ef627,56467,5
u_235f4633,56761,5
u_31192770,56761,5
u_613ed5be,37174,5
u_e5b74509,12638,5
u_6082417c,12638,5
u_40d6a3aa,87329,4
u_3e5c9969,87329,5
u_cb54aec8,87329,5
u_fd1d386c,87813,5
u_b13431be,87813,5
u_f49b7ba6,96035,5
u_d8ac68ab,96035,4
u_eacd478a,96035,4
u_4e122fc2,92107,5
u_ee214d36,92107,5
u_d30f6b13,53318,5
u_4a5dcfa2,53588,4
u_ac6ab258,70029,5
u_90f0fb6d,70029,5
u_44349260,70029,5
u_18b255cf,70029,5
u_ac6732c9,70084,5
u_58ed5203,74346,5
u_6fa06658,75158,5
u_2fd0a72b,75158,5
u_a740eb97,75638,5
u_b01b39e3,76947,5
u_c98cf6cb,77838,4
u_76e71207,77838,4
u_937bee2a,79853,5
u_02356cf5,81148,5
u_7f56e787,91616,5
u_e6a84094,81334,5
u_8a1f90eb,57941,5
u_c8f891cf,57941,5
u_f0991291,47002,5
u_9be224c6,49751,5
u_7f7f0444,50316,4
u_a5629995,49051,4
u_2682e852,49051,5
u_5413d554,22814,5
u_3a9d1818,22814,5
u_b9e32958,96196,5
u_edb6fb7a,96301,5
u_53bd6b6e,11424,5
u_2d5c019d,61850,5
u_8394f034,25936,5
u_026a0ae6,24499,5
u_e9a7515a,17297,5
u_73a14bb4,17297,5
u_3f58f511,17297,5
u_6caea58e,17297,4
u_026a0ae6,17297,5
u_18904e04,17299,5
u_026a0ae6,17299,5
u_c380b578,23194,5
u_50933905,21086,5
u_79e9a192,65758,5
u_f6cdc46a,65758,5
u_bcf758f0,65758,5
u_e7c4d05f,65758,5
u_1460b967,66182,5
u_65f77e62,66182,5
u_02903487,66182,4
u_dfc186a2,66380,5
u_c9227240,66380,4
u_efd5fb01,66688,5
u_1e1a4769,67134,5
u_42b307e0,67134,5
u_6d58827b,69115,5
u_32bff66b,69151,5
u_dbebafe5,69905,5
u_62234996,69905,5
u_75474371,69905,5
u_fa6be166,69905,4
u_442324db,69905,4
u_52a8a79b,71893,5
u_9bbf965f,71893,5
u_db406113,71893,5
u_2d4fa8c9,71893,5
u_c2bbeb55,52809,4
u_fdf5cbd0,52830,5
u_6cc7613f,70053,5
u_ce9786a5,70053,5
u_deb48d07,46326,5
u_4b6d06de,49702,5
u_bdaa337a,49702,5
u_a0eea20e,49702,5
u_28c143a5,49702,4
u_976daebb,53108,5
u_8ca55ab4,91235,5
u_7dc91535,104421,5
u_00ad4856,71465,5
u_4fa3176b,75634,4
u_025e3117,44357,5
u_c939fbf6,41819,5
u_cb2398f3,26955,5
u_ee139dbc,91732,5
u_d6a5c8d6,91732,5
u_3e377260,71949,5
u_5e543256,71949,4
u_84068c35,71949,5
u_c2683a0a,69541,5
u_7a5e9cc9,69097,5
u_5597a198,77439,5
u_7f3ca048,77439,5
u_91223787,70824,5
u_58328b7d,86474,5
u_4ee4f6bf,55567,5
u_cc23058b,61835,5
u_fd95b5f0,62658,5
u_581cceca,55105,5
u_2723537e,51566,5
u_14e40bcd,51566,5
u_c324a4b7,31662,4
u_3849741f,31662,5
u_624eba40,31662,5
u_70ccfd30,31662,5
u_658e8fcf,31242,5
u_24d25e68,46988,5
u_2de68243,46988,5
u_22416f30,46988,5
u_3d58b0c8,46988,5
u_07c709a8,46988,5
u_28aa0283,51536,5
u_a553c570,51536,5
u_10ad8024,51536,5
u_97100c93,31807,5
u_fbeec992,31807,5
u_dd896963,31807,5
u_e5303980,31807,5
u_576237bc,31807,4
u_a336f645,49719,5
u_84486c4f,17208,5
u_b92f9369,17208,5
u_3c2ca80c,17208,5
u_fecee289,17208,5
u_3f3109d5,23036,5
u_41af3ae6,23036,5
u_faa7e0ba,23036,5
u_9e2bbe25,23036,5
u_ee214d36,46185,5
u_fa657356,46185,5
u_f7cac96f,46185,5
u_e66c5696,45787,4
u_6d17a8ce,40229,5
u_d0af57de,33526,5
u_3191d403,49375,5
u_9553a19c,49375,4
u_493c60fa,49375,5
u_d502c211,49827,4
u_7c4516bf,49827,5
u_b59c84f8,49827,5
u_8255365f,30029,5
u_7ab451bb,30029,5
u_13e02dba,30029,5
u_4cd1b90d,30029,4
u_f1765fe2,11775,5
u_fea7430a,11775,5
u_ebcea20c,26043,5
u_cef4a0d6,43060,5
u_c1d80220,43060,5
u_58b269e5,51792,5
u_ba94c4c9,51792,4
u_388ed9fb,51792,5
u_b8697665,51792,5
u_22ef38cf,33118,5
u_021bd280,31657,5
u_9da10531,31657,5
u_386cb612,42996,5
u_c8eca766,42996,5
u_2ca16447,42996,5
u_05a40f74,14060,5
u_a78bee17,14060,5
u_dea012a1,25577,5
u_99076bd8,34262,5
u_3cb7cbad,34262,5
u_b96e2086,34262,5
u_910f54fd,34262,5
u_26e8df3f,34262,5
u_b92f9369,34250,5
u_b4d08a0e,34250,5
u_3337d09c,34250,5
u_559f0758,32339,5
u_df969573,32339,4
u_107aeb8e,32339,5
u_860ad865,32339,5
u_46ac2de2,51570,5
u_12ce533e,51570,5
u_dfa5ad4e,51570,5
u_266accd8,51570,5
u_44de102f,50110,5
u_a40ab746,34980,4
u_b4d27003,43006,5
u_5ed6e863,43006,5
u_b1d4cedc,43006,5
u_ee279b63,43006,5
u_998f3045,40150,4
u_df6b1be5,40150,5
u_7b7bba1b,32748,5
u_15e7fcf1,50519,5
u_e3857a41,43050,5
u_666ef6f7,31661,4
u_1c5f5e1a,31661,5
u_88596eda,31661,5
u_f7bbdbdd,31661,5
u_91e6e76c,17936,5
u_a0eaf292,43400,5
u_ac102652,43400,5
u_832754bb,43400,5
u_c5b07b4d,27483,5
u_33ec4f41,27483,5
u_ecb878c9,27483,5
u_d00a9cc0,43377,5
u_565efc6d,43377,5
u_ebadd129,31663,5
u_e40a3c99,31663,5
u_b0fd0458,31663,5
u_71bfc7ce,31663,5
u_09349977,41698,5
u_33831642,41698,5
u_df4afc35,41698,5
u_672f4e8e,41698,5
u_66cdc3ef,41698,5
u_eefb5f99,37995,5
u_0986a063,37995,5
u_b538c405,40870,5
u_1c8149fb,53402,5
u_9dacaa07,53402,5
u_aedfb2bd,24683,5
u_c21321ee,31803,5
u_340e2a0b,41701,5
u_c0d27207,41701,5
u_0d7d5e6f,41701,5
u_d997b9ce,41701,4
u_98a81c6e,40533,4
u_e4da1079,23063,5
u_7e6b29e6,11446,5
u_69e1cbc4,52792,5
u_2c93e580,39474,5
u_c4ce75a5,49710,5
u_44a92065,52460,5
u_56aa9bf4,52460,5
u_f7476b89,33304,4
u_9600de79,52648,5
u_ed315147,52648,4
u_367fc860,52648,5
u_1f279b30,78773,4
u_40defe31,78773,5
u_fb9c1d50,70027,5
u_f64a996e,70027,5
u_7e4ba300,70027,5
u_c4638ad7,70027,5
u_51c36f4f,70027,5
u_c631f4c7,67943,5
u_730ea949,67943,5
u_3e360615,106920,5
u_8062a4ad,96491,5
u_01c579c5,96491,5
u_dcaba78c,96491,5
u_ad55ddf1,104152,5
u_ff138083,105601,5
u_d96eb57f,105601,5
u_fda0cac8,105601,5
u_d675941d,105601,5
u_777d6b43,103700,5
u_dee6ce40,103700,4
u_666ef6f7,101749,5
u_26ac42db,106186,5
u_5fd06830,110458,5
u_ffd058a8,112574,4
u_28aa0283,40207,5
u_826d2416,67543,5
u_de6122da,67543,5
u_64b608c5,56965,5
u_e6a6cc9c,56965,5
u_47b1934c,61817,4
u_586249fe,61817,5
u_9ddc16a3,61817,5
u_d3eb7872,61817,5
u_40e387b7,27759,4
u_71cf806b,27759,5
u_0dbbf66a,27759,5
u_703762c0,27759,4
u_496ea632,31660,5
u_e1f48427,31660,5
u_c14b3b94,31660,5
u_1bb26dc3,31660,5
u_c6df70c1,53139,5
u_e8993a26,36630,5
u_03706f06,40192,5
u_3cd99356,40192,5
u_6585dc84,40192,5
u_2be3ef20,32039,5
u_74617e26,32039,5
u_bf3152fa,54452,5
u_21012641,54452,5
u_266accd8,54452,5
u_484d681e,54452,5
u_a519651a,54452,5
u_846ac3d0,67576,5
u_60652556,67576,5
u_5774ef0b,56642,5
u_b2e466b8,56642,5
u_29bbe38a,25632,5
u_0ae489c3,25632,5
u_a6da228d,96358,5
u_83e906b3,98127,5
u_65f791b6,97690,5
u_dc59e517,97690,5
u_8ad6fc10,97690,5
u_430bcd27,97690,5
u_08501cb6,92092,4
u_26697b49,90486,5
u_93d4bbcd,98061,5
u_b9ca05ee,72254,5
u_fd87ff89,72451,5
u_8348d9cc,72451,5
u_fe3783bd,72451,5
u_200baa4d,78279,5
u_61dbc24f,74869,5
u_6e6cbaf4,75315,4
u_e3c8fa06,75315,4
u_0dc5c7ef,75315,5
u_6e3b874e,75315,5
u_5e543256,75900,4
u_89f5f3ab,77261,5
u_69d7b950,77261,5
u_55a866d9,77261,5
u_41fdac76,77261,5
u_8d9cfda4,77261,5
u_38b3a00d,68696,5
u_d1c783ee,68696,5
u_7f78b96c,69900,5
u_839c7159,69000,4
u_b8036e43,42993,5
u_35b8be27,42993,4
u_9acffc56,42993,5
u_228e5c7e,42993,5
u_91eb0462,42993,5
u_846ac3d0,22770,5
u_832754bb,22770,4
u_3cabcf95,38909,5
u_6979a69e,38909,5
u_32a3d692,38909,5
u_e1475baa,52524,5
u_de369799,46322,5
u_623b4f7c,45491,5
u_b1d98fa3,45491,5
u_fd1387c3,113741,5
u_4eecbb82,113078,5
u_394a9657,116241,5
u_f918d13d,112324,5
u_7195c2d6,113329,5
u_7fe72c4c,96076,5
u_a6ae7ee0,98609,5
u_c795f08f,96606,4
u_60f604d8,96205,5
u_052c0782,96205,5
u_39a32700,98930,4
u_2f45743c,98930,5
u_a297a229,109784,5
u_9b3b01e7,107051,5
u_30591f49,110426,5
u_d7438435,93420,4
u_c2c6a276,91979,5
u_eeb3569f,94152,5
u_1183de03,94152,5
u_f4aab927,94152,5
u_9c0c00ae,94152,5
u_711fe0f3,77820,4
u_57bb7690,77820,5
u_47ea598a,77820,5
u_ac8cabaf,77820,5
u_f0ddde69,75210,5
u_63fae34a,85983,5
u_27700649,85983,5
u_9c76894a,88137,5
u_1cba695e,88137,5
u_7d854b73,88137,5
u_edd87138,88137,5
u_2ce5f1a6,88137,5
u_2529d253,82853,4
u_86d588e3,82853,5
u_387774e3,86866,4
u_9728f419,86866,5
u_b037c63d,86866,5
u_04d254af,86866,5
u_f564849c,79490,5
u_01a64a19,79490,5
u_672c1490,79490,5
u_bf3152fa,87803,5
u_006beef7,87803,5
u_c477f77f,87803,5
u_4c279e18,78975,5
u_bc188192,84100,5
u_9e101702,84100,5
u_13a0aa50,84100,5
u_a73f4bef,86014,5
u_280ea87e,78993,4
u_60e51f15,88280,5
u_ac66850e,88280,5
u_d67be299,79398,5
u_8d930fec,97523,5
u_4298a7b2,97791,5
u_9b3b01e7,119076,5
u_3e3af4b4,118880,5
u_20b173d3,97427,5
u_f07ff655,92124,5
u_4919b56d,95692,5
u_b8581d83,95692,5
u_07c6c743,95692,5
u_12e6e18b,95692,5
u_259d4e8d,95692,5
u_1347ae2b,91098,5
u_a336f645,91098,5
u_d5f88cbd,90599,5
u_ee214d36,94243,5
u_7a5d3150,91379,5
u_8ac73468,91379,5
u_d97f5514,77565,4
u_ae67b4eb,77565,5
u_856fe175,77565,4
u_db95e230,77565,5
u_c06c42da,69048,5
u_7d095d70,61174,5
u_4ae00054,61174,5
u_0bc7217e,53750,5
u_8efcc3bb,54465,5
u_ce3299af,58916,5
u_eb969bbb,71909,5
u_88f25a00,71909,5
u_09caedec,76772,5
u_14e03a9c,78688,4
u_853291ae,78688,5
u_28a2d687,72505,5
u_8e42bb41,77256,5
u_35e2ac44,77256,5
u_f01589da,77256,5
u_ee214d36,72270,5
u_06ce79b3,75152,5
u_5a0f9acd,75152,5
u_c8efa7ff,75152,5
u_e4ef9442,56815,5
u_5aef2c98,56815,5
u_50c3f04c,87937,5
u_2533d0ff,87937,5
u_c901818d,83960,5
u_08ec9b9d,83960,5
u_585034ca,83960,4
u_99920752,87132,5
u_332a5d25,87132,4
u_ba37045a,69545,5
u_fe872fe9,79605,5
u_296636bb,93040,5
u_29f78b57,93040,5
u_33ac9ba5,93712,5
u_953a733f,84199,5
u_b1b1b696,87596,5
u_ed5e8353,87596,5
u_507a7780,87596,5
u_a5449c57,80750,5
u_b89b4e60,80750,5
u_7a5e9cc9,86876,5
u_4fc05c7a,86876,5
u_7ae516d7,86876,5
u_ff138083,83773,5
u_5e543256,78990,5
u_c39906b6,87511,5
u_9ee0c9d4,83100,5
u_40cf7357,79601,5
u_824be0ec,93218,5
u_ce7f713d,93218,5
u_aa8576d4,93218,5
u_5e543256,31085,5
u_8046e92c,68475,5
u_eda3fd61,106787,5
u_0d4f2b90,106787,5
u_b218fc67,107989,5
u_b2789eac,31656,5
u_93fae0cc,31656,5
u_c600d5b9,31656,5
u_c1e3b9d6,31656,5
u_07ad0d82,97381,5
u_3a25b7bd,97381,5
u_2ccf4c13,97381,5
u_0da781ab,97381,5
u_72c40d51,55821,5
u_8be27ec9,55889,4
u_eaedd069,89086,5
u_755697f7,89086,5
u_8a8f8887,89086,5
u_c1433ff6,89086,5
u_6e732392,97773,5
u_1096a805,97773,5
u_9aacfc91,43988,4
u_a33539fa,43988,5
u_c1a46936,88567,5
u_d374f579,54239,5
u_9dea07b8,30056,5
u_8cfba952,30056,5
u_0df4dccc,30056,5
u_eee36400,30056,4
u_559b6e63,30056,5
u_fadc8841,77573,5
u_6cd5b097,77573,5
u_7c542ed2,77573,5
u_8fdf84f1,77573,5
u_879ce12b,77573,5
u_37709eb3,84520,4
u_b8036e43,84520,4
u_4b599aa9,109725,5
u_948c13c7,109725,5
u_1709d252,113187,5
u_b4c75772,15167,4
u_d82b06a0,15167,5
u_932bbaca,15167,5
u_56b80cd4,124699,5
u_69f02e4e,113454,5
u_91cebe90,113750,5
u_ecb878c9,113750,5
u_3c918a5b,113750,5
u_07a04eab,90198,5
u_594c21af,98784,5
u_bffa6e8d,98784,5
u_fe056919,118840,5
u_8062a4ad,118840,5
u_5f8d4d89,33643,5
u_de7b2aff,33643,5
u_ff138083,33643,5
u_f9f7e634,33643,5
u_d744a777,33643,5
u_a7f1c102,110744,5
u_969ff442,96692,5
u_3eef4ce6,96692,5
u_590589b0,90081,5
u_f4b340d3,90081,5
u_51aff6c9,90081,5
u_a2e8e29f,90081,5
u_a85a47f2,47096,5
u_a83f30c1,47096,5
u_ec5dbe27,47096,5
u_32d395fa,47096,5
u_c9dd0062,47096,4
u_504c75ec,69821,5
u_41fc57a2,84090,5
u_95d74cd9,84090,5
u_1e5af07c,84090,5
u_6d8d7a3a,84090,5
u_b4156889,84090,5
u_219ebde0,68492,5
u_5d000821,42830,5
u_a1765a1d,42830,5
u_9e12ee7c,128049,5
u_2eafc868,83457,5
u_00394ea4,83457,5
u_a90dec96,117103,5
u_45822004,94921,5
u_62234996,94921,4
u_1597a34c,96297,5
u_366865f9,118717,5
u_1bc77b04,51533,5
u_935d82a4,51533,4
u_059b25c0,51533,5
u_40436cca,51533,5
u_9fa88a18,51533,5
u_0a35778c,90613,5
u_c2c6ffc3,90613,5
u_489b79d1,92583,5
u_17886fe3,71844,5
u_c1a1922a,71844,5
u_a372b9a1,71844,5
u_d7132d35,93038,5
u_bef603e5,93038,5
u_ab668b4d,93038,5
u_0581231e,93038,4
u_a10d4471,114290,5
u_5b757770,77826,5
u_19fa0527,77826,5
u_cbde1e74,77826,5
u_a0d848a8,77826,5
u_c0351e2a,96780,5
u_a7c8df69,101167,5
u_58e178c2,101167,5
u_f326938a,101167,5
u_43243773,43398,5
u_09925029,43398,5
u_ee214d36,43398,5
u_dcc6c96c,57794,5
u_8512e918,57794,5
u_dda54657,57794,5
u_5b37d95c,77773,5
u_257a3451,77773,4
u_80aa9846,77773,5
u_156f1825,77773,5
u_7ff9fc1e,77773,5
u_d3e519a4,17206,5
u_d1fad8e7,17206,5
u_7db25f4d,67938,5
u_844bb614,67938,5
u_572a27dc,67938,5
u_fb2eb568,87495,5
u_4f5aeba3,105188,5
u_dda54657,115494,4
u_93602f0b,87497,5
u_32a8cab4,58142,5
u_4b995d81,58142,4
u_0d605b56,58142,5
u_427714e8,58142,5
u_c0ab29ac,87060,5
u_43e35431,87060,5
u_ecb878c9,99435,5
u_2ca16447,3357,5
u_af045412,3357,5
u_c39bdbfb,75145,5
u_c2ec802f,75145,5
u_46eb6495,75145,5
u_5b48721b,75145,4
u_4cb243ae,101177,5
u_c24cac54,101177,5
u_cdb66195,91571,5
u_eeb3569f,109417,5
u_858500d4,61211,5
u_1fd8e05a,61211,5
u_6e3986f1,61211,5
u_d05ac7ed,79616,5
u_689b45da,79616,5
u_a3d4f4ac,79616,5
u_1165097d,114297,4
u_0ab04f06,25591,5
u_bf3152fa,57144,5
u_6e5ca798,57144,5
u_f6659b11,57144,5
u_cdb5b9cb,57144,4
u_9d472326,74865,4
u_dda54657,74865,5
u_5ee69c44,74865,5
u_672908f9,74865,4
u_86d4f425,74865,5
u_d7ba9f1c,29524,5
u_7eace4f1,29524,5
u_72a395c9,39226,5
u_6d9b5c3c,39226,5
u_026a0ae6,92091,4
u_70dd248d,13798,5
u_19317307,13798,5
u_3ff3ef53,60130,5
u_fec30584,65767,5
u_39e328ab,65767,5
u_3e3af4b4,65767,5
u_841f44f0,65767,5
u_51c36f4f,65767,5
u_40077d42,66675,5
u_569d5c43,80664,5
u_23630e1a,106916,5
u_9b3b01e7,109843,5
u_78e2847b,37965,5
u_d46abae7,37965,5
u_f543ea6b,37965,5
u_2970f7c8,37965,5
u_30ef4213,37965,5
u_c6b6d015,97580,5
u_4872ccd2,97580,5
u_45de79d2,97580,5
u_0a573a4a,66193,5
u_d1f1aef2,66193,5
u_1a8ddecd,66193,5
u_ec5dbe27,67146,4
u_0ba30904,67146,5
u_e20d37a5,67146,5
u_d808786f,67146,4
u_4adf499d,71963,5
u_2981442a,84216,4
u_19947ca5,84216,5
u_352eb146,87156,5
u_6e6cbaf4,87156,4
u_e3c8fa06,87156,4
u_0aaeda7b,87156,5
u_4c279e18,90430,5
u_1167494c,90430,5
u_92e2462d,90430,5
u_e8232dc1,90430,5
u_88a8e5c2,103289,5
u_036e3491,106512,5
u_1cb11be8,106888,5
u_5f741508,66676,5
u_4a8c7d59,66676,5
u_dce42f8e,66676,5
u_c6b2b24e,66676,5
u_6f3148a7,66676,5
u_1d76a0d6,96757,5
u_3639cd85,100708,5
u_9d60c246,100708,5
u_56189a52,32826,5
u_b538e1d9,32826,5
u_b01f624a,32826,5
u_0be035f6,66181,5
u_ad1f2a59,66181,5
u_b1ed744a,66181,5
u_b56266a4,66181,5
u_516ae8e7,66181,5
u_46ac2de2,67646,5
u_34a39ce6,83691,5
u_c49198ac,84210,5
u_8d7e4624,84210,5
u_b8540153,91343,5
u_e8f04dfd,93236,5
u_fbdeaf5b,93236,5
u_48ea7d7e,93236,5
u_ffd058a8,94261,5
u_a1f4a598,94261,5
u_d95598e1,94261,4
u_1757685a,33659,5
u_7f78b96c,33659,5
u_2c8d8d5a,33659,5
u_81a25f67,33659,5
u_84e52f92,67165,5
u_fc973473,67165,5
u_de2cc73c,67165,5
u_2b7b256f,33614,4
u_efcdfc7f,33614,4
u_77248f85,33614,5
u_cdf87a4c,33614,5
u_c91a02bd,62494,5
u_c17dd106,13748,5
u_8f68756d,13748,4
u_4791b6a4,13748,5
u_e325e5e5,13748,5
u_01a81435,13748,5
u_a5449c57,24294,5
u_e17c22dd,24294,5
u_da586ab1,24294,5
u_e62eb1ac,24294,5
u_3a1f9297,24294,5
u_ee9151e3,61846,5
u_d7f2441d,61846,5
u_31ae6a81,61846,5
u_cdf8c77d,55801,5
u_bc61a155,55801,5
u_a672ed02,55801,5
u_b09c305f,55801,5
u_16251aa8,55801,5
u_04523cfe,66939,5
u_47084bcf,66939,4
u_d7d56e3c,66939,5
u_3f3db63b,66939,5
u_24d7183b,74351,5
u_683084a8,74351,4
u_31b07826,77078,5
u_53743e3e,77078,5
u_23f2a66f,77078,5
u_26d45988,104790,5
u_cb3cd4b5,104790,5
u_e4bb01d2,104790,5
u_771b9da8,16951,5
u_c7a7e515,13768,5
u_41e4d5b0,13768,5
u_587eed73,13768,5
u_3c1e6edc,13768,5
u_23fd925e,13768,5
u_09cfed3d,62415,5
u_f7033751,62415,5
u_9305c454,62415,5
u_08480c92,62415,4
u_06b8b0bc,62415,5
u_da5ed030,84104,5
u_2f878646,84104,5
u_44393d59,84104,5
u_ed652faa,84104,5
u_c4358f3c,84104,5
u_20bc9230,87199,5
u_1406326d,87199,5
u_224a2d0d,87199,5
u_280a12f8,87199,5
u_ce11eaaf,87199,5
u_a21fc887,43444,4
u_0e3415d9,43444,5
u_6683465a,43444,5
u_d2fb9b5f,43455,5
u_160d39bb,43455,5
u_44fddd6b,57099,5
u_8a4d5cb5,57099,5
u_dccfb961,57099,5
u_5d9fc178,57099,5
u_7b868ead,61213,5
u_13d0c4ca,61213,5
u_4fb2e305,61213,5
u_a3ced18f,61213,5
u_6a4f410f,71385,5
u_fa20f4de,71385,5
u_fea7430a,71900,5
u_f47b1088,71900,5
u_d83e8304,71900,5
u_9f689a19,71900,5
u_a3b68eec,86061,5
u_e4967db5,92636,5
u_ee214d36,92636,5
u_ee3874e5,92636,5
u_57c1852c,104436,5
u_079912f4,104436,5
u_f059f7b8,110761,5
u_553d65fd,67394,5
u_27700649,67394,5
u_24a5bf04,67394,5
u_c14b3b94,67394,5
u_9a704f69,68533,5
u_ac266724,68533,5
u_0c536196,68533,5
u_996029bb,68533,5
u_700dd854,68533,5
u_56de4a40,72265,4
u_0fd94067,72265,5
u_2f09a46d,72265,5
u_26ac42db,90196,5
u_eba22beb,90196,5
u_76712101,90196,5
u_db532622,90196,5
u_81e08157,90196,5
u_7fa3c5e9,90227,4
u_993e6042,95039,5
u_cc5e12e4,71469,5
u_8052f6f0,71469,5
u_03a23d33,71469,5
u_6a5045b4,71469,5
u_ef30402f,71469,5
u_d9282934,78244,5
u_7ccd965e,78244,5
u_dc74e6f3,78244,4
u_4d717c03,78244,5
u_1ef94a24,57142,5
u_e6ca281b,57142,5
u_ac102652,66605,5
u_bd1b234d,66605,5
u_27700649,66605,5
u_c1426c5a,66605,5
u_960d0b2d,87562,5
u_c467e545,66658,5
u_2cf9af2e,66658,5
u_8e79b943,66658,5
u_c1c5d094,43365,5
u_e8153c64,43365,5
u_1757a42d,43365,5
u_4380d933,43365,5
u_8905cc14,43365,5
u_0db2e76f,66366,5
u_a0e24078,66366,4
u_cad5e14c,66366,5
u_b3807507,111888,5
u_ee214d36,53541,5
u_67ab7cc0,53541,5
u_3f094325,53541,5
u_9929f441,37360,5
u_0ae428dd,37360,5
u_3987da93,37360,5
u_f029dd43,115293,5
u_501736e7,14133,5
u_586e90e3,14133,5
u_7bb26906,14133,5
u_9700f10d,14133,5
u_1e32da3e,14133,5
u_e4df7baf,68537,5
u_f364a77a,68537,5
u_6ddde8d6,68537,5
u_2618e08a,72852,5
u_3b116941,72852,5
u_1eac0275,72852,5
u_6ebaab1f,72852,4
u_52f93161,81638,5
u_4a200cd1,84907,5
u_9fe90ddb,92312,5
u_54fb9f8b,92312,5
u_1152bb3b,92312,5
u_f49b7ba6,92312,5
u_9da3a075,92312,5
u_fe6e7f17,111110,5
u_419becc1,111110,5
u_3deb31c5,112831,5
u_e6ca281b,55653,5
u_b2be04f1,55653,5
u_d04b6a21,55653,5
u_c5c70f33,55653,4
u_f2db96b2,55653,5
u_daf5b38b,57367,5
u_2d1d8ed0,57367,5
u_b52855ef,71198,4
u_eacd478a,72889,5
u_5507058c,91184,5
u_b68e3940,13752,5
u_8e98204a,13752,5
u_015afebf,13752,5
u_347d1d7e,13752,5
u_840b05bf,92057,5
u_41c18122,92057,5
u_0c71033b,110764,5
u_2491d7bb,52643,5
u_c85cd3db,67392,5
u_de369799,67392,5
u_e41b27af,67392,5
u_2270d157,67392,5
u_2cefccd5,71503,5
u_82747350,71503,5
u_df98db9c,71503,5
u_e26da14a,71503,5
u_96d5c3d9,71503,5
u_00f6d7d8,93230,5
u_1709d252,48870,5
u_4fef91ac,48870,5
u_dae815c4,48870,5
u_10afe46e,48870,5
u_6ee60bff,92878,5
u_28b47da9,92878,5
u_6b14dae5,92878,5
u_d0cf56a8,26544,5
u_b1f6871a,26544,5
u_42bdbfb9,26544,5
u_89a0cf8e,26544,5
u_859b2352,52463,4
u_667e9bc2,52463,5
u_0171387c,52463,4
u_6099644a,52465,4
u_28dc51e5,93591,5
u_ca43851c,93591,5
u_57c205db,93591,5
u_fa85166a,93591,5
u_467c2f6d,93591,5
u_9586d2fc,96456,5
u_fe090ffa,96456,5
u_5d6293f6,96456,5
u_44243b57,96456,4
u_2889bfb3,89925,5
u_fafb934d,94923,5
u_07152485,94923,4
u_481e295f,94923,5
u_661f243c,94923,5
u_1cce7c90,104440,5
u_01cd97f4,116467,5
u_daf9744b,67330,5
u_de6122da,67330,5
u_915cbda6,67330,5
u_5a9b5c55,80184,5
u_40c5ab88,80184,5
u_c0e3449a,80184,5
u_763ea932,67695,5
u_8476a71b,67695,5
u_6dc0a6c9,70040,5
u_1d01beff,70040,5
u_1a5ab29f,70040,5
u_f4b0e07b,70040,5
u_fd40a701,71931,5
u_465e4e47,71931,5
u_00e28a18,71931,5
u_46599578,71931,5
u_777bb467,71931,5
u_73c87d5f,67941,5
u_8dba685e,67941,5
u_3d2e4bf6,67942,5
u_e9269ee1,67942,5
u_1e279484,67942,5
u_2b65b463,67942,5
u_e5303980,17220,5
u_d1fc434c,86325,5
u_debaea74,86325,4
u_05aebcd4,78177,5
u_653ecadf,84332,5
u_b3860613,108039,5
u_947885b3,10624,5
u_6200debd,10624,5
u_9192bc77,10951,5
u_0fa9cd1f,11286,5
u_662fce5d,11286,5
u_4679031c,11286,5
u_fea7430a,11286,5
u_35ca71ea,27173,5
u_c10e17fc,55072,5
u_c3aafb77,55072,5
u_7c4516bf,55072,5
u_e3888719,55072,5
u_f1d490a0,55072,5
u_29032338,18035,3
u_10278c9f,25840,5
u_092de81d,25840,5
u_dcc4f567,25840,5
u_58ed5203,25840,5
u_88056de3,25849,3
u_d96050d7,25849,5
u_73df162d,25919,5
u_5b718833,25919,5
u_4ea5c376,25924,3
u_75c3ba26,22375,5
u_ac727c6d,22375,5
u_c2057204,2179,5
u_9df91ed4,2179,5
u_4bdcf09b,2179,5
u_ed3e2bfd,2179,4
u_d54d60c8,2179,5
u_0b12b0c2,23323,5
u_18ed9e80,31367,5
u_c257745a,16076,4
u_8a7cc10e,16076,5
u_37df2745,16076,5
u_bd77b3a0,16076,5
u_44b3fa33,16076,5
u_c49649f5,18313,5
u_5230adf6,18313,4
u_aa345d60,18919,5
u_f18375c6,25237,5
u_ca44d494,25237,5
u_6f2823d3,25237,5
u_cb18b80e,25237,5
u_7a51430c,25436,5
u_2d364552,26963,5
u_ec5dbe27,22718,5
u_e1c7ce03,22718,5
u_c333e8dc,22718,5
u_8a3b0ff3,22718,4
u_eb14fa64,24835,5
u_bb83248d,24835,5
u_5f471d2c,24835,4
u_bcbe504a,24835,5
u_3019af28,24835,5
u_ab0558d2,26079,5
u_cadf3170,27167,5
u_7b5b6c8e,28579,4
u_4a23ab9f,28579,5
u_2b033c29,22194,5
u_4eed3ce2,19965,5
u_ba92d73e,25389,5
u_280a12f8,25389,5
u_f54330b3,25404,5
u_669d871f,25404,4
u_fc285ba4,25408,5
u_385d04e7,88577,5
u_2cf9af2e,92020,5
u_9fd0508c,92020,5
u_498cd1ca,40502,5
u_80c2290f,40502,5
u_eb322e67,40502,5
u_4715f911,40502,5
u_c4266429,40502,5
u_cc9fdef3,39674,5
u_a86eb835,44016,5
u_de534ecb,44016,5
u_362d3c02,44016,5
u_7df145a5,37039,5
u_a3256ac9,37046,5
u_68a07897,37046,5
u_b690c7f3,37068,5
u_c96e3ece,36768,5
u_41d45c18,36333,5
u_9bfa4eef,36334,5
u_87dd3f26,40200,5
u_ffc12f5e,362373,5
u_f4a0fcfa,362373,1
u_89c12862,362373,3
u_90f82c27,281570,5
u_5a38f24c,281570,3
u_a5de0be2,281570,4
u_6563d655,281570,4
u_eacd478a,342670,1
u_4ad35edf,342670,1
u_f6a395de,342670,3
u_4803a9d6,342670,1
u_8001161f,342670,5
u_d9e6ee2d,358026,5
u_73a14bb4,358026,3
u_f839d3bf,358026,5
u_03ee8c4c,342692,3
u_4dba0e0a,344641,5
u_2f04e708,359425,5
u_516bcf53,359425,2
u_ce1e6162,359425,5
u_9808a311,329135,1
u_33831642,329135,1
u_dda25763,329135,5
u_22c830e2,329135,5
u_68d5abb3,329135,5
u_514e9369,334864,5
u_524f7c7f,334864,5
u_56f13581,334864,5
u_f605c271,334864,5
u_e2d09308,339245,4
u_7d035f10,339245,5
u_07b37221,339245,5
u_f4549c81,339245,5
u_6012be0d,339245,3
u_63fae34a,334970,5
u_a5449c57,334970,2
u_a7c8df69,334970,5
u_e8b26348,334970,4
u_b9f38b50,334970,4
u_b51337c7,358226,3
u_dea172f9,358226,2
u_d700df2d,358226,5
u_cdcb79c1,358226,5
u_0aef7bc4,358226,1
u_32a398cc,329138,1
u_67bddc82,329138,1
u_f605c271,329138,1
u_6b000192,329138,5
u_364693e0,329138,5
u_374a137a,223602,5
u_12e6bfaf,223602,1
u_53313a83,223602,4
u_bc01f7cf,223602,1
u_a6c0749e,223602,1
u_b4460001,339638,5
u_ecd63dfc,339638,5
u_df2cd882,339638,5
u_faa8e792,339638,2
u_f605c271,358048,5
u_581ee8eb,358048,5
u_b32c0a46,358048,5
u_4ad35edf,358048,5
u_32a68e6b,358048,5
u_ce5a6eea,358224,3
u_e1b4a748,358224,2
u_18a97270,358224,5
u_89704f3a,358224,5
u_6631b2d7,358224,5
u_7e6bd74b,337741,2
u_42c03713,337741,5
u_c2d8730c,337741,1
u_a9289e69,337741,3
u_d19a021b,337741,1
u_f6cba112,322124,5
u_e66c5696,322124,5
u_5fbe2041,322124,5
u_52082ed2,322124,1
u_d3d6e068,322124,1
u_ba23d9bb,332937,2
u_bb6850ec,332937,5
u_6e9a39ba,332937,5
u_865a9bce,332937,1
u_27a48cb6,332937,5
u_d32ddaf4,344646,5
u_27256bab,344646,5
u_fe71d67d,344646,3
u_4919b56d,344646,5
u_feea8034,344646,5
u_c696d5ae,337713,1
u_fbb9d24b,337713,2
u_6f77fee6,337713,5
u_37f7a80d,337713,3
u_0e7756b2,337713,3
u_d1c8820d,327189,5
u_998e5376,327189,5
u_84b11068,327189,3
u_68d5abb3,327189,5
u_f34278d1,334404,1
u_7d525b92,334404,3
u_00c816a9,334404,3
u_91a01d5a,334404,3
u_5ba862c3,334404,1
u_16140af2,332938,5
u_624053a4,332938,5
u_7e0e792e,332938,5
u_6e10df3f,332938,5
u_8329d13e,320730,5
u_ddf73806,320730,5
u_e325e5e5,320730,5
u_1556a8a2,320730,1
u_44eb1fdc,320730,1
u_c7a14902,328453,2
u_3ba736f7,328453,3
u_ebadd129,328453,2
u_f8459e98,328453,5
u_da746ff6,328453,1
u_521161e8,340220,4
u_4f810b7c,340220,3
u_0d451792,340220,3
u_edfabc41,340220,1
u_fa7925f2,340220,4
u_b3446c44,366662,3
u_ce19f511,358698,1
u_44eb1fdc,336409,5
u_f11c57eb,336409,5
u_29579227,336409,5
u_5ed40ece,336409,4
u_54d58e57,336409,5
u_da9213c1,311034,1
u_f6268e5b,311034,3
u_e144d096,311034,3
u_125ed936,311034,1
u_73a14bb4,311034,1
u_6a82a4df,304608,1
u_280ea87e,304608,4
u_7f8c0694,304608,1
u_2a938983,304608,5
u_a2c843ee,304608,2
u_b9ece18c,311033,1
u_faa1e824,311033,5
u_93172af9,311033,4
u_3716c4e2,311033,1
u_c089f4a0,311033,1
u_54d22b8c,322876,1
u_3078c3c3,322876,4
u_c332726f,322876,4
u_7a9babee,322876,3
u_8b452f08,322876,4
u_91ea59f7,288630,1
u_c8760886,288630,1
u_d8f80a0b,288630,1
u_a59ecf40,288630,2
u_73a14bb4,288630,1
u_93e99bd1,329676,5
u_6563d655,329676,3
u_e7d64e00,329676,5
u_ab1d59b3,329676,4
u_5ceae6ef,329676,5
u_4ad35edf,323546,4
u_a41e45bf,323546,3
u_1bacd7bf,323546,2
u_8df7e10e,323546,5
u_22e5e3be,299998,5
u_67bddc82,299998,5
u_827c5e15,299998,2
u_19330d43,299998,5
u_fc5d6a33,299998,3
u_10b96a0f,322877,3
u_9f8ecf17,322877,3
u_b6f1e645,322877,5
u_b5d28918,322877,4
u_824e7fbc,314697,5
u_c9e07136,314697,3
u_d09f2539,314697,3
u_8dc66c3b,314697,1
u_f2d67ed3,314697,3
u_8be27ec9,265311,5
u_b24ba4da,265311,1
u_a1158c8f,265311,1
u_bb9c7c1c,265311,5
u_ff0945b7,265311,5
u_39132150,284122,2
u_ed5e8353,284122,2
u_54545ef2,284122,5
u_adfa5dd0,284122,1
u_ee9151e3,284122,1
u_27695fc7,358086,5
u_8f51691f,325691,3
u_7a90825d,325691,2
u_8a89f035,325691,1
u_d702e8ab,325691,2
u_94af8ed7,325691,1
u_7c4fbc75,338206,2
u_9c0c00ae,338206,3
u_0e2a6818,338206,3
u_ee3a211d,327098,5
u_ef9aaf7c,327098,2
u_6934c5aa,327098,4
u_b308ed56,327098,5
u_05b3bfa7,327098,5
u_a5449c57,338204,3
u_504c75ec,313177,5
u_24d725ad,313177,5
u_8963e23f,313177,4
u_444d0af4,313177,2
u_e3f4fbd5,313177,4
u_d1c88f7b,338207,1
u_5a61789e,338207,3
u_39ec3aa4,338207,1
u_e8eab977,341602,1
u_b1d30b91,327507,4
u_67956e7c,327507,5
u_6fb5448d,326049,3
u_86f27cf6,326049,5
u_4919b56d,326049,1
u_f64d99a0,326049,5
u_6d1989b4,326049,1
u_23d9bfd1,339688,3
u_e841e344,339688,3
u_4b1aa55e,338322,5
u_401f16e4,338322,5
u_4eecbb82,311176,1
u_f4112205,334998,5
u_830c37a3,334998,3
u_4922e587,334998,2
u_48026079,334796,1
u_753e2c68,325244,2
u_353d5c81,339684,5
u_8be27ec9,360421,3
u_ee1e141a,360421,1
u_3a249ffe,338315,1
u_3f4f50c5,327506,1
u_f671996b,322100,4
u_0f0ed56e,322100,5
u_b1242d19,311177,5
u_bac6295f,311177,3
u_6ca8336e,311177,5
u_6b4257ba,311177,4
u_5d4b2ce0,311177,5
u_0b232e62,327981,2
u_3b2ab96a,327097,1
u_d5f88cbd,325247,1
u_b01cbea9,325247,5
u_b45af83a,333103,5
u_90629bf0,341565,5
u_fa87b9eb,341750,1
u_ebc6fd50,337041,5
u_76b0cc09,360693,5
u_9ad81a8f,339658,5
u_f0a998db,338316,1
u_24a5bf04,338316,4
u_d38a115a,326148,2
u_b9ca05ee,358798,5
u_3316a185,358798,5
u_a3fe15bf,358798,3
u_d2351576,358798,2
u_b1b1b696,358798,1
u_da608cfb,364408,3
u_526e5704,310450,4
u_cb832ece,310450,5
u_a4c3b66e,310450,3
u_aed66257,310450,4
u_12c41e83,333917,2
u_3069a132,339828,1
u_185c97e9,339286,5
u_771b9da8,337872,1
u_902e0164,337872,5
u_e97935f4,358004,3
u_4ad35edf,341453,5
u_4f27be81,341453,5
u_cb1c13aa,341453,5
u_b92f9369,354260,4
u_3b4b7fa2,354260,5
u_7b802558,354261,5
u_4bad8663,361330,3
u_504c75ec,361330,3
u_88b1fb25,337643,1
u_c3aafb77,337643,5
u_72953dd8,337643,5
u_9f6c27dc,337643,3
u_4cbb3a2e,337643,5
u_24d8425a,334989,3
u_ab3b0a07,331078,1
u_bb813d01,331078,5
u_674e9627,330177,4
u_81caa2ee,322848,1
u_d993c3fb,322848,5
u_568fb6d5,322848,5
u_eda896e5,322848,5
u_dcaaf706,322848,4
u_0662c9dc,244296,3
u_fb64cc54,244296,5
u_860b23bd,244296,2
u_dd2816dc,244296,5
u_568fb6d5,244296,1
u_f9eadfe4,335763,5
u_80e5a92d,335763,4
u_67094936,335763,5
u_bdaa337a,335763,5
u_504c75ec,329474,5
u_2528f03c,341452,5
u_0aaf267a,341452,4
u_aee831b4,341452,3
u_81b20ba7,316991,3
u_3ce940c1,316991,5
u_cf3a0a69,316991,4
u_0a31cf20,316991,5
u_c3e39ec0,316991,1
u_901d64d0,333790,5
u_d298946d,333790,4
u_6b4257ba,333790,4
u_eacd478a,333790,3
u_249d3036,333790,5
u_0ff6e59c,318631,1
u_b2bb5655,318631,1
u_b2c0e466,318631,4
u_32012112,318631,5
u_ec54d597,318631,5
u_0ac39ee2,336875,3
u_29bf7a32,336875,5
u_16fe53d2,335088,5
u_5bb5cc79,335088,1
u_46cad899,335088,5
u_a23e0ef1,335088,5
u_ca55cf95,335088,5
u_6e9d0bd0,305881,5
u_5e233ff7,305881,5
u_f63540f0,305881,5
u_e145d7b6,305881,5
u_7f31a8c0,305881,5
u_f48d35c1,330159,1
u_8d975116,315897,4
u_4cbab51b,315897,5
u_0ecaee09,324886,4
u_67bddc82,324886,1
u_f60e0c7b,324886,4
u_e5a47c6b,324886,5
u_d429028a,324886,4
u_d8efc6a7,288629,1
u_f5f91a2e,288629,1
u_4057a42a,288629,2
u_badb2049,288629,1
u_8e85b978,288629,1
u_d05ac7ed,236901,2
u_a2b1354d,236901,5
u_b832e3c6,236901,5
u_b87665e4,236901,1
u_05b0df14,236901,1
u_bfef7883,236904,1
u_9f347fdc,236904,5
u_d7ff6fce,236904,2
u_516581a2,236904,5
u_ea87a4e1,236904,2
u_b92f9369,308291,5
u_c527ba36,313829,1
u_aa5f4f59,313829,5
u_d7983732,313829,5
u_568fb6d5,305882,5
u_ccfdbb8b,305882,5
u_896d1f54,305882,5
u_647771ca,305882,5
u_1e41b1e6,305882,2
u_c4ff37ac,310710,5
u_504670ff,310710,5
u_14191e6c,322375,5
u_73b0a670,322375,5
u_33c9810d,314227,5
u_3e3b125e,314227,4
u_cf9610ab,314227,4
u_233f0769,328694,5
u_12425143,328694,5
u_a6086264,328694,2
u_57050ca9,328694,1
u_b1e0d948,328694,4
u_fc1120dc,337061,3
u_41529076,337061,1
u_1e557d44,337061,3
u_79120ede,337061,2
u_dda25763,362629,1
u_eb008429,322267,4
u_a5050b1e,322267,5
u_d90dea02,322267,5
u_101ecc4d,322267,5
u_14e3a94a,322267,5
u_8394f034,326906,5
u_c8bb5e3a,326906,3
u_568fb6d5,326906,3
u_4919b56d,326906,5
u_dcc0c9a5,326906,5
u_134328de,327123,1
u_c7c7ded2,327123,1
u_c3d23359,327123,5
u_fbbc0003,327123,3
u_188988dd,359401,3
u_20041985,359401,2
u_dda25763,359401,1
u_9c2bc064,359401,2
u_669d260a,359401,3
u_a9a4516a,339434,2
u_21858471,339434,2
u_51f48358,339434,3
u_8460e8bb,339434,1
u_307c9769,339434,1
u_df421f37,296724,5
u_226c7b0b,296724,4
u_9add82e1,296724,5
u_e4967db5,296724,4
u_8fa86cef,296724,5
u_faf37fcc,267451,5
u_1306ffe6,267451,3
u_8dac3538,267451,3
u_5d41cfc8,267451,5
u_b5f7ef36,267451,4
u_1682c64b,296737,1
u_95b0d692,296737,4
u_cc8a7cfa,296737,4
u_03644b09,296737,5
u_b2921436,296737,4
u_b92f9369,225782,1
u_f00e6775,225782,3
u_cadb1a4b,225782,5
u_250b3de7,225782,4
u_3ff3ef53,225782,5
u_a0a6ad32,199325,5
u_6c2e820c,199325,1
u_a603f651,199325,4
u_e6169760,199325,4
u_b6f1e645,199325,5
u_dc14470e,209044,5
u_6aa1b39b,209044,5
u_a5449c57,209044,5
u_edfabc41,209044,5
u_ac3d6187,209044,3
u_b6ce6773,199306,5
u_6d58827b,199306,4
u_5a38f24c,199306,5
u_fe049b86,199306,5
u_9372273e,199306,5
u_76bbfd4e,206540,2
u_bf615cbd,206540,5
u_9e03c228,206540,5
u_98527ddc,206540,5
u_e792f39e,206540,5
u_b92f9369,208691,1
u_836a7040,208691,5
u_26697b49,208691,5
u_dd0fa1a3,208691,5
u_fc79305a,208691,5
u_b262bd16,209084,1
u_db20dd55,209084,5
u_68a293d6,209084,5
u_eb29f603,209084,5
u_316cd458,209084,5
u_be72aa52,208355,5
u_2fee3ef0,208910,5
u_d90dea02,208910,5
u_a2e03e1b,208910,1
u_14191e6c,208910,5
u_3ea19e73,208910,5
u_ac5f9513,199341,4
u_4afdb39f,199341,5
u_3db3a34f,199341,5
u_f33b8783,199341,5
u_5e6d6b56,199341,5
u_6fec6905,296725,4
u_6c138f2c,296725,5
u_98a81c6e,296725,5
u_0b39dfe0,296725,5
u_f952320a,296725,4
u_65c28f8f,208999,5
u_88596eda,208999,4
u_9f15c36e,208999,3
u_ef6572e4,208999,5
u_f7eeb982,208999,5
u_d7e695f5,199311,5
u_075eb2ea,199311,5
u_34c44af4,199311,5
u_0d791e1e,199311,5
u_d5e74089,199311,5
u_564a9c8c,199290,5
u_d77ae761,199290,4
u_f25d09d9,199290,4
u_8561a2a5,199290,3
u_dfa20380,199290,4
u_e76cf8a6,203069,4
u_8ba0e949,203069,5
u_2b444fff,203069,5
u_a2c3eab3,203069,5
u_4c279e18,206538,5
u_0868bf42,206538,5
u_b1170c85,206538,4
u_c7698ff2,206538,5
u_ddd2ff03,206538,5
u_474c0831,209022,5
u_c3aafb77,209022,4
u_30b619ef,209022,5
u_87fa4eaa,209022,5
u_11d61894,209022,5
u_05b0df14,199378,5
u_e5405105,199378,2
u_44eb1fdc,199378,5
u_bac85ca2,199378,5
u_a13653d8,316947,5
u_a63de7d2,316947,5
u_c786f96b,316947,5
u_6404ac5f,316947,5
u_ed5e8353,316947,5
u_2a28fa9d,199508,5
u_113a543a,199508,5
u_2b194e9b,199508,5
u_03ee022c,199508,4
u_96046c22,199508,4
u_3ff3ef53,208990,5
u_73b4966b,199327,5
u_1939bbe5,199327,5
u_cb1f5a84,199327,5
u_9028db93,199327,5
u_e2f40317,199327,5
u_d83a253b,208995,5
u_e42eefca,208995,4
u_9e4855e2,208995,5
u_be0e68e1,208995,5
u_2a5558d5,208995,5
u_d8ac68ab,208661,5
u_863a1fdc,208661,4
u_fe854318,208661,5
u_bfda9556,208661,4
u_f5b39eae,208661,5
u_d4e4cf71,199411,5
u_93172af9,199411,5
u_9d874a14,199411,3
u_33b9828d,199411,4
u_1ecde1d8,199411,5
u_b17315af,199493,5
u_f9462b24,199493,5
u_250b3de7,199493,4
u_329869c4,199493,4
u_cfae940a,199493,1
u_067a87b8,313967,4
u_2fba4496,313967,5
u_0562c557,313967,4
u_8600d3e5,313967,3
u_4f6df6f1,313967,4
u_4a64af46,199326,3
u_4e67ff9e,199326,5
u_539f0da4,199326,4
u_a49beebf,199326,5
u_0db726e4,199326,5
u_2058dd27,208984,2
u_6cc4d5ff,208984,1
u_1f8f6603,208984,4
u_399ac894,208984,5
u_b92f9369,208984,1
u_d3e519a4,209047,5
u_90d94c1b,209047,5
u_771a9946,209047,5
u_70d2b961,209047,5
u_a1158c8f,209047,1
u_08192efc,286436,5
u_d1b3c9ee,286436,5
u_200b3245,286436,5
u_1556a8a2,286436,5
u_c61b6389,286436,5
u_dda25763,252379,4
u_9c079f96,252379,1
u_090895cc,252379,5
u_d641ed19,252379,5
u_97b49c12,252379,4
u_661a9332,252378,4
u_fd5ab4c3,252378,5
u_026a0ae6,252378,5
u_76c9bc1d,252378,4
u_88eabfae,252378,4
u_8bdaf4e1,313969,5
u_9595ab30,313969,5
u_4eb5d0fd,313969,5
u_6fae1cb3,313969,5
u_2da18b5d,313969,5
u_6cbd54c4,199291,5
u_ed5e8353,199291,5
u_05b0df14,199291,5
u_a41e45bf,199291,5
u_25bdddc9,199291,5
u_5c7f2f63,208943,5
u_71c8e81e,208943,1
u_95b0d692,208943,5
u_105fd345,208943,5
u_e3833b78,208943,5
u_2861bd0c,199328,1
u_7dc7e751,199328,5
u_c9bfa16a,199328,5
u_4460b98c,199328,5
u_22e552af,199328,5
u_032d8a38,208947,4
u_e468bfa0,208947,4
u_20b76419,208947,4
u_280ea87e,208947,5
u_0db2e76f,209057,5
u_fc53ca4e,209057,5
u_01babf31,209057,5
u_0ae613e2,209057,5
u_ea04f2c2,209057,4
u_6efb23f0,204597,5
u_0185f050,204597,5
u_9da2699c,204597,5
u_9f4b51d4,204597,4
u_44e4745f,204597,4
u_bac85ca2,199374,5
u_fae9538c,199374,5
u_de4d5cf8,199374,5
u_c1c0e7bc,199374,5
u_738effa0,199374,5
u_5061896b,231930,5
u_24cb14a4,231930,5
u_4919b56d,231930,5
u_a8923484,231930,5
u_6b0ffc50,231930,5
u_15c12cca,286422,5
u_95ebef65,286422,5
u_e356b6cd,286422,5
u_1b490b26,286422,5
u_4a4a6073,286422,4
u_40f27f13,362882,5
u_fc53ca4e,235592,5
u_3d884a93,235592,4
u_4dc087a6,235592,5
u_c165dafe,235592,4
u_4c26973f,235592,5
u_5b4356eb,328206,5
u_0ce16629,328206,4
u_6cd91369,328206,2
u_1b36f32c,359047,3
u_daad7fd8,208941,5
u_c49d113e,208941,5
u_9d482c1e,208941,4
u_8a48d089,208941,5
u_4ad16f55,208941,4
u_7c1bfe2f,199279,5
u_7522bce1,199279,3
u_eacd478a,199279,5
u_db3b2781,199279,5
u_61c5d1cd,199279,4
u_f174f33a,208700,1
u_52f7dd87,208700,5
u_04cee10f,208700,5
u_1353e08f,208700,4
u_44eb1fdc,208700,1
u_d752bb20,286437,5
u_505aa8aa,286437,3
u_b4e90665,286437,4
u_f7b5e853,286437,5
u_24737ce0,286437,5
u_4ceab22f,199522,3
u_9d328bf4,199522,5
u_29b00fec,199522,4
u_e872de1d,199522,5
u_2855cae4,199522,2
u_db71d558,208629,5
u_a79f5f7b,208629,5
u_889c2d0c,208629,5
u_1a022fda,208629,5
u_f72ffa01,208629,4
u_441eb2b5,208659,5
u_2bbce193,208659,5
u_c3aafb77,208659,5
u_4ad35edf,208659,3
u_fffc6468,208659,4
u_e5d471ab,199292,5
u_a9e86cb3,199292,4
u_da608cfb,199292,1
u_e9fd486e,199292,1
u_108d3144,199292,4
u_79931b72,199365,5
u_03716c3d,199365,5
u_900a660a,199365,5
u_74c07c42,199365,5
u_6858d435,199365,5
u_e758194f,208954,5
u_0941e1e2,208954,3
u_f952320a,208954,4
u_b0c2d6c2,208954,5
u_a02f486e,208954,5
u_2d4fa8c9,333718,5
u_d5a635f8,208381,5
u_6b6e2a87,208381,5
u_2e1f058c,208381,5
u_4b599aa9,208381,5
u_12c6134e,208381,5
u_57c205db,209011,5
u_9fd8e50c,209011,5
u_3fc7d19f,209011,4
u_00c2f055,209011,1
u_42927df6,209011,5
u_e44e96b0,209012,4
u_0b85ba25,209012,2
u_aecfe130,209012,5
u_c917f639,209012,5
u_7e0e96b7,199426,5
u_0eee0ba9,199426,5
u_7bfa80e7,199426,5
u_53e4c854,199426,4
u_fda14a54,199426,5
u_ca43851c,209020,4
u_a97c4a01,209020,5
u_550f1d13,209020,5
u_b32e1ef6,209020,5
u_798b8ed9,209020,5
u_cc412781,209027,5
u_873e2ea2,209027,5
u_32e21824,209027,4
u_526e6774,209027,4
u_ce5a6eea,209027,5
u_a394e3c7,334841,5
u_9db7d48b,199371,4
u_d9a19cbb,199371,4
u_81267c43,199371,5
u_c8405d8d,199371,5
u_0473fe8d,199371,4
u_92d65984,359049,5
u_62762aee,208690,5
u_4919b56d,208690,3
u_32bbd7de,208690,5
u_3ff3ef53,208690,4
u_eca8ac6e,208690,5
u_a9f7e082,252383,5
u_546948ec,252383,5
u_e65de14c,252383,5
u_7f0201f6,252383,4
u_abd69b3f,252383,5
u_940a2386,286435,5
u_0a1ca7d1,286435,5
u_515e051e,286435,5
u_b92f9369,286435,5
u_4f772cf8,286435,4
u_12c6d109,208951,2
u_c4638ad7,209030,5
u_b68c385d,209030,4
u_d96050d7,209030,5
u_e2f40317,209045,5
u_9e09356c,209045,1
u_8cf903ec,209045,2
u_d7f7504c,209045,2
u_4cd85c9f,338218,1
u_2c1909b7,199317,5
u_4d02f4db,199317,5
u_3a8fb4b1,199317,5
u_7ee129e2,199317,5
u_f952320a,199317,1
u_686dc6e3,199510,2
u_93eb4bfe,199510,4
u_cee30905,199510,5
u_5d9ef985,199510,5
u_519b5ad2,199510,5
u_48f99b15,228864,4
u_1a36ddd9,228864,3
u_d391adf4,228864,4
u_f2b36a23,228864,4
u_426de20e,228864,5
u_89bb9590,249252,4
u_588007ed,249252,5
u_7ccb93f9,249252,5
u_a8bc0f92,249252,5
u_a25595af,249252,4
u_bac85ca2,283082,5
u_c67e4d84,283082,5
u_e6169760,283082,5
u_b5b2b738,283082,5
u_3459230d,283082,5
u_baed8fa0,329926,5
u_21a560f9,329926,5
u_5d974653,209033,2
u_5c54fffc,209033,5
u_21012641,209033,5
u_295043a2,209033,4
u_a0017265,209033,5
u_95b1d90b,199490,5
u_8655df65,199490,4
u_ee51c0d1,199490,5
u_552e892e,199490,5
u_cde94c31,199490,4
u_aa69112f,201738,5
u_41cff7ab,201738,4
u_939fae8e,201738,5
u_1d59a891,201738,5
u_1ca58b29,201738,5
u_d1f08066,203068,5
u_aa3e6ece,203068,5
u_456b8869,203068,5
u_025e3117,203068,5
u_b610a9d6,203068,5
u_3e9e25e9,208652,1
u_24a5bf04,208652,1
u_e4a83759,208652,2
u_63cfee56,208652,2
u_cffab8ea,208652,1
u_3ce1b031,208695,5
u_2379fb26,208695,5
u_e4522104,208695,5
u_978b6979,208695,4
u_42f7b3dc,208942,5
u_3f35c291,208942,5
u_854ca485,208942,3
u_dd5b6fea,208942,5
u_9fd8e50c,231899,3
u_5899a8fe,231899,5
u_e0471ab4,231899,5
u_eda98474,231899,4
u_254503c3,231899,4
u_0c62cbf8,327000,3
u_d482873a,328207,5
u_8c5a1638,328207,5
u_5e553f14,328207,5
u_df37d891,199347,5
u_8c8cf2c8,199347,4
u_021564e5,199347,4
u_dbe71d31,199347,2
u_7c9b48f2,199347,5
u_9ebd20d3,293967,5
u_5d858986,293967,5
u_0a62a1c8,293967,4
u_456b6d51,293967,5
u_f6608eda,293967,5
u_b13964e5,199313,5
u_a0804c8b,199313,4
u_9372273e,199313,5
u_6f773699,199313,5
u_2c655036,199313,5
u_44fa8d49,208946,4
u_863a1fdc,208946,5
u_4c3069ed,208946,4
u_1350be48,208946,5
u_c190a3ba,208946,5
u_389a4da8,321028,5
u_07c6c743,321028,5
u_6012be0d,321028,5
u_69619fe8,209055,1
u_fd77f7e2,271677,5
u_9712964b,271677,5
u_b476d29c,271677,4
u_863a1fdc,271677,5
u_167dc149,271677,5
u_e115dc4a,341987,5
u_ca1bd045,199308,5
u_a9204cb7,199308,5
u_2c3abf78,199308,5
u_53ebe23f,199308,5
u_d2976c89,199308,4
u_cdcb79c1,199318,1
u_4fcac5e7,199318,3
u_dbf920b4,199318,5
u_4201921d,199318,5
u_568fb6d5,199318,5
u_d043905f,199382,5
u_27a48cb6,199382,5
u_93172af9,199382,5
u_ff0945b7,199382,1
u_79120ede,199382,4
u_0cf6562b,208918,5
u_5142f937,208918,5
u_609e92ff,208918,4
u_250b3de7,208918,5
u_7255937b,208918,5
u_c99c0e76,208953,4
u_5270039f,208953,5
u_fdf01283,208998,2
u_65bda26f,208998,5
u_f76802b9,208998,1
u_38c66153,208998,5
u_47bd029a,208998,5
u_29e4d883,209006,5
u_7b360d31,209006,5
u_e2a0217e,209006,2
u_4ecd9a61,209006,5
u_8394f034,209006,5
u_78ad764d,209016,5
u_005ca144,209016,5
u_64060362,209016,4
u_5c54fffc,209016,5
u_48af8aca,209016,4
u_00c2f055,209031,5
u_79caaa86,209031,5
u_514e9369,209031,4
u_36470e5f,209031,4
u_0197ef4a,209031,5
u_c9ecfc2e,213825,4
u_2243200c,213825,5
u_195abe4d,213825,5
u_430f622d,213825,4
u_978b6979,213825,5
u_235fc9fd,278423,5
u_a9a4516a,278423,5
u_a4154281,278423,5
u_e5ef53be,278423,5
u_00c2f055,278423,5
u_603993af,293625,5
u_3629e43a,293625,5
u_6b309d18,293625,4
u_01620186,293625,3
u_c8bc5e96,293625,5
u_ab1d59b3,296121,4
u_34a7e79d,296121,5
u_2059c5bb,296121,5
u_05be420f,296121,5
u_235a50bb,296121,4
u_d3860964,320560,5
u_b4b24021,320560,4
u_5bb048e7,320560,5
u_0cf6562b,320560,5
u_35e93423,320560,4
u_12f8f5de,321022,1
u_1556a8a2,321022,5
u_a54ee5e8,321022,5
u_d7694d49,321022,3
u_9e759e53,321022,2
u_5a973efe,327036,4
u_9f21f070,327036,5
u_3bd42b02,338217,1
u_82d3ddcb,199310,5
u_263dc19e,199310,5
u_0db2e76f,199310,4
u_18f2a2a5,199310,4
u_cdfef740,199310,4
u_666ef6f7,199338,5
u_211b304f,199338,5
u_8466fa8e,199338,4
u_254503c3,199338,4
u_36519df7,199338,5
u_3c2a2cf2,210268,5
u_9595ab30,210268,4
u_00d2bc0c,210268,5
u_a240c7b1,210268,1
u_238ea8df,210268,5
u_05b0df14,247087,5
u_2313779b,247087,5
u_d7c7eb17,247087,1
u_30994f55,247087,4
u_d9c603d8,247087,5
u_7862309e,316948,5
u_f6a395de,316948,5
u_dd10553a,316948,5
u_4efe5930,320542,5
u_00f98b36,320542,5
u_9595ab30,320542,5
u_cfec61c9,320542,5
u_d3dffc8e,320542,5
u_6048af50,328202,5
u_6b4257ba,328202,1
u_4c279e18,199342,5
u_4ad35edf,199342,5
u_1aaa48a5,199342,5
u_93172af9,199342,4
u_01389858,199342,5
u_a5e19494,199423,5
u_6579de88,199423,1
u_a7bc74c2,199423,5
u_1f8d45a2,199423,5
u_e1475baa,199423,5
u_fa6c2527,200934,5
u_8394f034,200934,4
u_0d7d5e6f,200934,4
u_a1780287,200934,5
u_c35db556,200934,5
u_bef11cb6,201739,4
u_e374acc9,201739,2
u_d5910f29,201739,5
u_d124a2b3,201739,5
u_4c279e18,201739,4
u_a2025198,209013,5
u_1ae76d67,209013,1
u_e4aac6eb,209013,5
u_b62dd91d,209013,5
u_c7748414,209013,5
u_7a51430c,209173,4
u_f1d0f188,209173,4
u_819e0251,209173,5
u_91b3ee5c,209173,3
u_9874cf59,209173,5
u_ee198d0e,210273,5
u_ae13be4a,210273,5
u_421436a7,210273,4
u_c4081e7d,210273,5
u_c366ec54,235593,5
u_545e0bad,235593,5
u_6d3da77c,235593,5
u_53313a83,235593,5
u_b54c98da,235593,5
u_a9f1ec7e,286409,5
u_7f619b98,286409,5
u_ece0812a,286649,1
u_7af9842d,286649,5
u_df940bbf,286649,4
u_b8f3a94c,286649,4
u_71ca9872,286649,5
u_2a25e4fe,293974,4
u_2f09fff2,293974,5
u_49015a00,293974,5
u_0d3064e1,293974,5
u_463395d0,293974,5
u_e2c85ff7,296744,5
u_a5449c57,296744,5
u_b56ad2e5,296744,3
u_c165dafe,296744,3
u_841f44f0,296744,3
u_74c07c42,316952,5
u_3e1fcca9,316952,5
u_238300b9,316952,4
u_3130955f,316952,5
u_6acfa301,321024,5
u_568fb6d5,321024,4
u_73b0a670,321024,5
u_1faf38f0,322234,5
u_1eed9bb7,328209,5
u_03d4c630,328209,5
u_ad6bfc72,328209,5
u_3ea33d7e,199288,5
u_a96b04da,199288,5
u_057900a7,199288,4
u_34e74988,199288,4
u_4864b758,199288,5
u_fb45655c,306708,5
u_22f21253,306708,5
u_6a70b076,306708,2
u_b754dd35,306708,2
u_0ea93b1d,306708,4
u_20e3a697,322068,1
u_cbf9bb4c,322068,1
u_eaeaf507,322068,2
u_ab1d59b3,322068,5
u_d230c68a,322068,2
u_6faa970e,340750,5
u_d4333801,199309,5
u_55437876,199309,5
u_2c8799bb,199309,4
u_7e6a53e2,199309,4
u_e97935f4,199309,5
u_05c7d4bf,199324,5
u_0bc7217e,199324,5
u_a8548602,199324,5
u_fbf26228,199324,4
u_b2fc24c8,199324,1
u_49015a00,199437,3
u_05fbe424,199437,5
u_28335247,199437,4
u_d31ffaf2,199437,4
u_ad0c308e,199437,5
u_7fe72c4c,199466,5
u_a51a74a7,199466,5
u_209d8b49,199466,4
u_827c5e15,199466,5
u_9f341728,199466,5
u_6e90740c,199488,5
u_cc67bb35,199488,5
u_dfd7db83,199488,5
u_44670535,199488,5
u_ce1d0886,199488,4
u_53313a83,199489,5
u_9fc40199,199489,5
u_1eac0275,199489,1
u_49fa0301,199489,5
u_ebcf3ed4,199489,5
u_bc410295,199500,5
u_f952320a,199500,5
u_7c87b7e1,199500,5
u_b1e0d948,199500,5
u_da6e2783,199500,4
u_0951a5a0,200935,1
u_3fa5f346,200935,5
u_8394f034,200935,5
u_a8ba192d,200935,1
u_0f526403,200935,1
u_4466688b,200936,4
u_8cefd7bc,200936,3
u_8f7dada2,200936,4
u_7f81ac71,200936,5
u_6acfa301,200936,5
u_278a6cb3,200937,4
u_978b6979,200937,5
u_a4e70120,200937,4
u_58799ef0,200937,5
u_6e5cd475,200937,5
u_116af90b,215851,2
u_0c446e93,215851,5
u_14fcdf4e,215851,5
u_9bfe6f95,215851,4
u_2a47b918,215851,5
u_e325e5e5,231891,5
u_e6169760,231891,5
u_6ae0b657,231891,4
u_05db6e7b,231891,5
u_a59ecf40,231891,4
u_b28f1aa8,252374,4
u_598c7818,252374,4
u_c7d0f147,252374,4
u_afd7bf3b,252374,5
u_583c5bae,252374,5
u_2fb1a08f,268649,1
u_fecee289,268649,5
u_5796bca7,268649,5
u_0202c160,268649,5
u_b637bf8b,268649,5
u_7fc034b7,269360,4
u_6f416e68,269360,4
u_d1e220b0,269360,5
u_369ac5d2,269360,5
u_dda25763,269361,5
u_4081badf,269361,4
u_9034f001,269361,4
u_645147ca,269361,4
u_5adeefeb,269361,5
u_8f33bf02,278399,5
u_9d4aec35,278399,5
u_18dc0885,278399,5
u_30dfa433,278399,5
u_49c9198c,278399,5
u_95b0d692,278414,5
u_e78610c6,278414,5
u_1b3f873d,278414,4
u_f7584095,278414,5
u_c53b8aac,278414,5
u_2a938983,278563,3
u_7537b27d,278563,1
u_a49beebf,278563,3
u_6f063f42,278563,5
u_598ccd35,278563,1
u_897e20d3,286678,5
u_d6c119c0,286678,5
u_95b0d692,286678,5
u_ddef8edf,286678,4
u_c6e3dcce,286678,4
u_d83a253b,286679,5
u_2a47b918,286679,4
u_8466fa8e,286679,5
u_dbe1322e,286679,5
u_978b6979,286679,3
u_fc3d4e4b,286994,5
u_3f35c291,286994,5
u_e2a0217e,289344,5
u_809ebd73,289344,3
u_2528f03c,289344,5
u_b92aaa25,289344,1
u_47081bd9,289344,5
u_1c9454bb,289345,5
u_0c9c50c5,289345,5
u_8001161f,289345,4
u_e79a8e77,289345,5
u_203fab7a,289345,5
u_35da7049,292846,4
u_158321f0,292846,4
u_4aa74a50,292846,3
u_05b3bfa7,302230,3
u_da608cfb,302230,5
u_373fc80f,302230,5
u_53ad87e2,302230,5
u_98a81c6e,302230,5
u_05b0df14,307990,2
u_a584feed,307990,5
u_9025de9a,307990,5
u_b75fb7c5,307990,4
u_ecb878c9,307990,5
u_95ebef65,313241,5
u_250b3de7,313241,4
u_8001161f,320226,4
u_e14e4f92,321025,5
u_8b3b6758,201737,5
u_705c8f47,201737,4
u_dc453c60,201737,5
u_4af019ed,201737,5
u_2ca27077,201737,4
u_c53b8aac,220744,1
u_f97814c3,220744,5
u_9ac7e92d,220744,5
u_cdcb79c1,220744,5
u_443e04e4,220744,3
u_dca8cf6e,268653,5
u_8501fa02,268653,4
u_14a59ba1,268653,5
u_6b4257ba,268653,5
u_67f5e59f,320544,2
u_3162112d,320544,5
u_154f077b,320544,5
u_559f0758,320544,4
u_ebae4928,320544,4
u_dd1729d7,321822,5
u_8525e0b7,321822,5
u_3cdd63e2,321822,1
u_4edb5349,321822,4
u_b0137626,328183,3
u_e8560f1c,328183,3
u_280ea87e,339906,5
u_3fa8071d,339913,1
u_281f6bb5,344869,1
u_2f44901f,199316,5
u_9fd8e50c,199316,4
u_a9a4516a,199316,5
u_fe233c6d,199316,5
u_f605c271,199316,4
u_769dd4b5,199323,1
u_d795e743,199323,5
u_032d8a38,199323,2
u_a58ffdc3,199323,4
u_5ffb2780,199323,5
u_e3fdfe4b,199375,5
u_c373c7b8,199375,4
u_c515882c,199375,4
u_34c52c01,199375,5
u_13e1e586,199375,5
u_419af6d3,199410,2
u_1e23d17c,199410,5
u_dcda3ce3,199410,5
u_509e6296,199410,4
u_38a6fbcf,199410,5
u_ed3ab7b8,199537,5
u_c3a6e386,199537,5
u_c36f101b,199537,3
u_3be7e657,199537,5
u_a521dc29,199537,5
u_98a81c6e,199557,5
u_2d4fa8c9,199557,5
u_12bbe3f7,199557,5
u_4c186022,199557,2
u_5b2f50e4,199557,5
u_d1508d2f,200938,5
u_e14e4f92,200938,5
u_ff0945b7,201740,1
u_26a404bf,201740,5
u_fbc0cd0b,201740,3
u_2704744a,201740,4
u_fc475ef9,201740,4
u_9b85dda4,204594,5
u_0af8b32b,204594,5
u_95f07941,204594,5
u_fecee289,204594,5
u_8a48d089,204594,5
u_dde5251d,204905,5
u_87a4eef5,204905,5
u_4f3fbd19,204905,5
u_5a4bc7da,204905,5
u_5ab375b5,204905,5
u_54c5c7e8,209007,5
u_d7ba6a05,209007,4
u_ff56368b,209007,5
u_504c75ec,209007,5
u_a2618b3d,209007,4
u_b92f9369,228826,5
u_f36bceed,228826,5
u_85650139,228826,4
u_da7c4206,228826,4
u_0381e6f8,228826,4
u_e5bda34d,231826,5
u_3273bfb9,231826,3
u_cf2a4198,231826,4
u_1eadf0d2,231826,5
u_856c250e,231826,5
u_ca7e2f82,231828,5
u_49015a00,231828,4
u_e9fd486e,231828,3
u_509dcd1c,231828,5
u_eb27f8e9,231828,5
u_feb03c6f,231837,5
u_db71d558,231837,5
u_a6a05c6c,231837,5
u_0a573a4a,231837,4
u_25611c64,231837,5
u_93172af9,241151,4
u_ab9c0df4,244569,4
u_364e3dd8,244569,5
u_100b2129,244569,5
u_6088b3e1,244569,4
u_ee0d43c0,244569,4
u_e2f40317,245139,5
u_4919b56d,245139,5
u_858735b3,245139,3
u_3234a33d,245139,5
u_90fa301e,245139,4
u_6a87ebcd,246091,5
u_4ad35edf,246091,1
u_183b8230,246091,5
u_ea452354,246091,5
u_2bb28356,246091,4
u_d731dc4d,252381,5
u_25c20454,252381,5
u_8600d3e5,252381,5
u_8394f034,252381,5
u_cc046c9e,252381,5
u_169d9786,278408,5
u_ff0945b7,278408,4
u_0ffeac03,278408,5
u_a10e1a8f,278408,5
u_195e6c46,278408,5
u_ec4a2fc4,278422,5
u_7f2b785a,278422,1
u_7b802558,278422,4
u_7d3354ab,278422,4
u_235a50bb,278422,4
u_67e30752,278440,5
u_432d2897,278440,5
u_2b81f7bf,278440,5
u_a4c0b304,278440,4
u_b88fd0dd,278440,3
u_944b4f60,278451,1
u_fab5941c,278451,4
u_41e92248,278451,5
u_a5de0be2,278451,5
u_d1e220b0,278451,3
u_58ed5203,278456,5
u_689d5423,278456,5
u_858735b3,278456,4
u_9097efda,278456,5
u_dda54657,286443,2
u_68a293d6,286443,5
u_657898e0,286443,5
u_25e7f21a,286443,5
u_225a34bc,286443,4
u_a2025198,286677,1
u_391f7258,286677,4
u_c10e17fc,286677,4
u_20f2daf9,286682,5
u_43db943d,286682,4
u_69bdf80f,286682,5
u_825a79cc,286682,4
u_eab2737a,289433,5
u_efdaa7c3,289433,5
u_d744a777,289433,3
u_d6d62b28,289433,3
u_afcf88ad,289433,5
u_514e9369,292817,1
u_febf3419,292817,4
u_8170c454,292817,5
u_6b97ed69,292817,5
u_dfe0d777,292817,5
u_1422f2b5,296706,5
u_61921d4c,296706,4
u_6dd4b578,296706,1
u_1143e8a9,296706,5
u_914c5af0,296706,4
u_1682c64b,296743,1
u_7b0606dc,296743,4
u_00ea84f4,296743,5
u_86043ba0,296743,4
u_ef07ffd7,296743,4
u_9f341728,306723,2
u_9e02b1d3,306723,5
u_1272f463,306723,5
u_ba57ea60,306723,5
u_82b8a5e1,306723,5
u_d3dffc8e,307282,5
u_e890aedf,307282,5
u_4b0237e5,307282,5
u_0c53cbec,307282,5
u_67bddc82,307282,5
u_e429f856,309772,5
u_73ae481c,309772,5
u_c211a717,309772,4
u_662fce5d,309772,5
u_1d38a0b6,313245,5
u_e9269ee1,313245,4
u_e7fd2a6e,313245,5
u_f3284a21,313968,5
u_95ebef65,313968,4
u_ee51c0d1,313968,5
u_8d736bf7,313968,5
u_dbe71d31,313968,5
u_3561e0ae,316950,4
u_f1153c9e,321020,3
u_e02344e5,321020,3
u_a7c8df69,321020,5
u_6e95294d,321020,5
u_42daf9c6,321020,5
u_50e57109,321021,5
u_eb46f64d,321021,5
u_18afadc9,321021,4
u_b92f9369,321021,5
u_6cb00dac,321021,4
u_4810206c,325633,5
u_13074345,325633,4
u_eb322e67,325634,5
u_50a21d9e,325634,4
u_2379fb26,325634,5
u_fdac2126,325634,4
u_6012be0d,326986,1
u_4d1705de,333703,5
u_89e26d0e,337096,4
u_f4c8ed38,338850,1
u_9aa59798,199340,5
u_4ff38307,199340,5
u_77b017d5,199340,5
u_5dd9c62e,199340,5
u_bf4ad8a4,199340,5
u_c2ec8e07,200940,4
u_ca0d3c63,206108,3
u_11a29a9c,209086,5
u_cf684a1b,246097,5
u_d30a5ca1,246097,5
u_514e9369,246097,5
u_66f85531,246097,5
u_ad222a28,249247,5
u_e024e274,249247,5
u_0d233e9e,249247,5
u_71ca9872,249247,5
u_39d43bbf,249247,5
u_d7ff6fce,249253,4
u_da7c4206,249253,5
u_e2a0217e,249253,5
u_05b0df14,249253,5
u_0eec1f62,249253,4
u_e18df052,278452,4
u_ef60bc25,278452,2
u_2662fe4f,278452,4
u_e8f3cc18,278452,4
u_a4f8bb12,278452,5
u_662fce5d,286442,4
u_1ccef03f,286442,4
u_59c7525a,286442,4
u_7e4c46af,286442,5
u_ae964b0c,286442,5
u_cd311360,286669,4
u_ffb2ec9c,286669,5
u_52a22bb0,286669,5
u_70dd0f82,286669,4
u_39132150,292810,2
u_1746bed7,292810,5
u_0d262f0e,292810,5
u_dae49fe6,292810,4
u_2a47b918,292810,5
u_b397ec40,296734,5
u_2165a1c1,296734,5
u_7e0808a3,296734,5
u_85817951,296734,4
u_f9a35369,199205,3
u_2cb65672,199205,1
u_b19ef84a,199205,5
u_45990569,199205,5
u_32d7b8d5,199205,4
u_ee51c0d1,199273,5
u_9518260e,199273,5
u_14d3c1f0,199273,5
u_6088b3e1,199273,4
u_51cd1754,199273,3
u_ae84f468,199312,5
u_06b8b0bc,199312,5
u_eb273993,199312,5
u_a09dac1f,199312,5
u_ec37b39d,199312,3
u_8cc4680e,199419,5
u_3e46d672,199419,4
u_c35db556,199419,5
u_1b595245,199419,5
u_6772f67a,199419,4
u_4f51d704,199421,4
u_6bca5648,199421,5
u_585d067e,199421,5
u_d92d5208,199421,2
u_f58f0e5a,199421,4
u_5abad0cc,199467,5
u_b98b63b6,199467,5
u_025de4a3,199467,4
u_d907ce4b,199467,4
u_31b248fe,199467,5
u_6e18f544,199499,5
u_98a81c6e,199499,5
u_68192ee9,199499,5
u_da512ff4,199499,4
u_3546cd6f,199499,5
u_c9c37163,200859,5
u_9d0818bf,200859,4
u_74c07c42,200859,4
u_0931b128,200859,4
u_698d753d,200859,5
u_d1964be5,200939,3
u_49f67bbc,200939,5
u_fce4a171,200939,5
u_9f34418f,200939,5
u_677f91e3,200939,1
u_c859c83a,200942,5
u_c4081e7d,200942,5
u_53745ec9,200942,2
u_9f5c3d3c,200942,1
u_7a5e9cc9,200942,4
u_a7d6c764,200947,3
u_c636b959,200947,2
u_90a863e3,200947,5
u_a283b2a6,200947,4
u_eb0411ca,200947,5
u_b13964e5,201595,1
u_270aa295,201595,4
u_863a1fdc,201595,3
u_6b4257ba,201595,2
u_3f82a437,201595,5
u_5febda3d,201741,5
u_96ce15cc,201741,5
u_ae9fa466,201741,4
u_bcbec46b,201741,5
u_f952320a,201741,1
u_35258f2c,202637,5
u_c92ea04a,202637,3
u_d695dacb,202637,5
u_1556a8a2,202637,1
u_a4f2ef7d,202637,4
u_cee1941b,208631,5
u_f7ce1aa8,208631,5
u_4fc8806c,208631,4
u_36b73508,208631,5
u_6dcf675c,208631,5
u_2dbf49dd,208935,4
u_da8e4489,208935,5
u_863a1fdc,208935,4
u_89dc8e6c,208935,5
u_e4748368,208935,5
u_1d0ea88f,209161,5
u_02e6a4d8,209161,5
u_ff138083,209161,4
u_c26c1b2b,209161,4
u_552dce5c,209161,5
u_14b964fe,220729,4
u_1f8495e5,220729,3
u_61d7b906,220729,5
u_8f8109fb,220729,5
u_50b6c8e1,220729,4
u_797b6bb9,220733,5
u_07f7748d,220733,2
u_cc9ba140,220733,5
u_211b304f,220733,5
u_772e225f,220733,5
u_858735b3,228273,5
u_8e7e0911,228273,5
u_0a2a9bcb,228273,3
u_49015a00,228273,5
u_14a842a9,228273,5
u_0ec9f4a5,228276,5
u_7a51430c,228276,5
u_3eb4cffc,228276,5
u_5c54fffc,228276,4
u_9eb6b95b,228276,5
u_389377ff,228825,5
u_73af16c3,228825,4
u_6a912a77,228825,4
u_adfa5dd0,228825,5
u_12d676c0,228825,4
u_948b1411,230912,5
u_54c5c7e8,230912,5
u_0908b5c6,230912,5
u_86cd862a,230912,5
u_b28c76ef,230912,4
u_4919b56d,231840,5
u_ee367f13,231840,2
u_23edb23f,231840,2
u_99b5e850,231840,5
u_b47947f4,231840,5
u_e6091903,231851,3
u_d1898f07,231851,5
u_a722b7dd,231851,5
u_8be4dbbb,231851,4
u_f1bb2fe3,231851,5
u_9fc40199,231861,3
u_e2f40317,231861,5
u_b4c7ba1f,231861,5
u_b6400205,231861,5
u_e604e4e4,231861,5
u_007a3ddd,231864,5
u_30f6d5c5,231864,2
u_6ec279a4,231864,5
u_3bf9d50b,231864,5
u_a267201b,231864,3
u_0c1ffdbb,233480,5
u_e9799b9f,233480,4
u_8c57bb11,233480,4
u_4e1c191b,233480,1
u_d9715535,233480,4
u_3de01852,238395,5
u_ff458e78,238395,5
u_3b81ad1d,238395,5
u_77922ae8,238395,5
u_2600f73c,238395,5
u_b50f6b47,239196,5
u_0c60b684,239196,5
u_39d6988f,239196,2
u_3c41762b,239196,4
u_a4fd9f34,239196,5
u_b504cfcd,247085,5
u_5cd39267,247085,2
u_841f44f0,247085,5
u_4d6827cc,247085,3
u_ca0d3c63,247085,5
u_26cbaaf3,247105,5
u_2cd8c094,247105,5
u_a41d6394,247105,5
u_f0729885,247105,5
u_2cae8ebf,247105,4
u_47f390c6,247106,3
u_0fb5451f,247106,1
u_c03bdedf,247106,5
u_d140f3c9,247106,2
u_ebcf3ed4,247106,5
u_307c9769,269349,4
u_a5364ae8,269349,4
u_da5ed030,269349,5
u_ff138083,269349,4
u_c8d3795a,269349,4
u_820a5e0d,269352,1
u_3b2c1d5a,269352,5
u_72248781,269352,5
u_ef17947c,269352,4
u_d936f3cb,269352,5
u_fb690fa9,269359,5
u_e495151d,269359,1
u_d7ff6fce,269359,5
u_9c04657b,269359,5
u_4adc608d,269359,5
u_025de4a3,275056,3
u_5a0f9acd,275056,5
u_f5359c7d,275056,1
u_ed06cd58,275056,5
u_9d9a8549,275056,3
u_863a1fdc,278353,3
u_ba50e920,278353,5
u_53d44d73,278400,4
u_db2530f6,278400,1
u_012edaf9,278400,5
u_b9d1a147,278400,5
u_574a83c4,278400,3
u_45a448bf,278416,5
u_fec87ad0,278416,4
u_45810384,278416,5
u_4c279e18,278416,5
u_259d4e8d,278416,5
u_36571343,278419,4
u_c00097d8,278419,5
u_62ddc07f,278419,5
u_a8d2c530,278419,5
u_9d4aec35,278419,5
u_15bd1f9f,278426,5
u_141f1447,278426,5
u_aceef201,278426,5
u_d2148912,278426,4
u_a6905850,278426,4
u_6cd91369,278439,5
u_ebadd129,278439,1
u_4c279e18,278439,5
u_7baa56da,278439,4
u_f951ee98,278439,5
u_de22e139,279669,5
u_26cf04c2,279669,5
u_c1b89421,279669,1
u_94248f1f,279669,4
u_707325b7,279669,5
u_6ec6041e,286412,5
u_39132150,286412,5
u_c316b0ae,286412,1
u_120b1108,286412,2
u_50d5a270,286412,4
u_a6957e24,286650,5
u_891a1837,286650,5
u_70115694,286650,5
u_78a8ac86,286650,4
u_84e52f92,286650,5
u_9ed969e8,286660,5
u_f45eb66f,286660,4
u_26090f15,286660,4
u_efb2dec6,286660,4
u_99e4052c,286660,4
u_ca1904bb,286667,1
u_7d99d878,286667,5
u_2a7a0b5a,286667,2
u_cbb1e891,286667,4
u_9367595e,286667,4
u_b1c14692,286680,5
u_d0874712,286680,5
u_0c3292cb,286680,5
u_72248781,286680,5
u_6a9f6b30,286680,5
u_4a64af46,286986,5
u_d67e5da2,286986,5
u_e6aea38b,286986,5
u_6bfee470,286986,3
u_dc23b223,287011,5
u_adb2514c,287011,4
u_2a2890fe,287011,4
u_062cbd4a,287011,3
u_a60852f2,287033,5
u_2d5c019d,287033,5
u_d4e71b6f,287033,5
u_2b3c2613,287033,5
u_26bae853,287033,5
u_bb061342,289346,5
u_4b9ec1c9,289346,5
u_b701e902,289346,5
u_dc497120,289346,5
u_101e7f46,289346,5
u_c373c7b8,289431,5
u_cdcb79c1,289431,5
u_071f775f,289431,5
u_85d0e67f,289431,5
u_258e092a,289432,4
u_fbe94d87,289432,4
u_30f625f5,289439,5
u_b3657281,289439,5
u_49647ac5,289439,4
u_24a5bf04,289439,3
u_b13964e5,289439,4
u_2b444fff,292805,5
u_d7ff6fce,292805,5
u_fbd254df,292805,5
u_0666118d,292805,5
u_02c52d4e,292808,5
u_07ff3915,292808,5
u_2a47b918,292808,5
u_f05f44ad,292808,5
u_dc51d379,292808,5
u_641a737e,292818,5
u_8e9aee4d,292818,2
u_d448fefe,292818,5
u_cb175107,292818,5
u_5ecfa46c,292818,5
u_a2422003,292823,5
u_7d40ada4,292823,5
u_6f715efc,292823,5
u_b1170c85,292823,5
u_13dc58bc,292883,5
u_cb36bcf7,292883,2
u_a181a4fa,292896,5
u_23f2a66f,296708,5
u_0908b5c6,296708,5
u_92caa57e,296708,5
u_4ad16f55,296708,5
u_34691297,296708,4
u_125e49e4,296721,4
u_27060e45,296721,5
u_33327f33,296721,5
u_ff138083,296721,4
u_05eee58b,296721,5
u_cce8c620,296728,4
u_5349dca0,296728,5
u_fbd254df,296728,5
u_3ef6e96a,296728,4
u_5644993d,296728,5
u_35a8e6da,296732,5
u_e8f09fc8,296732,5
u_ac1124df,307283,4
u_88153bef,307283,2
u_0e071cd1,307283,5
u_ab1d59b3,307283,5
u_12d5eb29,307283,5
u_e2f40317,307285,5
u_46e745b4,307285,3
u_32f04216,307285,5
u_6563d655,307285,5
u_16c45b9b,307285,5
u_36161a37,309771,5
u_500c723a,309771,5
u_a1e66054,309771,5
u_583c5bae,309771,4
u_8001161f,309773,4
u_d9ce7303,309773,5
u_fdd8c6b7,315980,5
u_e62e1b94,317068,4
u_8d94a38d,317068,5
u_52db1dc6,317068,5
u_73c6a700,317068,2
u_c5658514,317068,5
u_9fd8e50c,317069,5
u_299aa963,317069,1
u_af973d14,317069,5
u_f6c767c3,317069,4
u_98682cbb,317069,2
u_51ca6ae0,318566,5
u_0cf56937,318566,4
u_c3aafb77,318566,3
u_82c197f6,318566,5
u_849bb9f9,318566,5
u_a336f645,322150,5
u_aa952cc3,322150,4
u_49ec5d56,322150,5
u_0c6da7cc,322246,3
u_87367d74,322251,5
u_885da0d9,322629,4
u_21280333,322629,5
u_a651ead2,322629,3
u_bd17b07f,325853,5
u_e6217148,328184,2
u_514e9369,329431,5
u_5dc6da3a,329437,5
u_28aee2c3,331120,5
u_5a82bece,331175,1
u_1d1db43f,332310,5
u_1543a087,332314,5
u_e9e8f089,332552,4
u_053e121c,333111,5
u_85668da9,333111,4
u_0a6e2daa,333111,3
u_ba15e48b,334173,4
u_c8827ec0,335060,5
u_5ee98090,338234,3
u_a600a46e,338452,5
u_83285592,340902,5
u_635c4550,344878,1
u_29afe71e,201596,4
u_ae9280b2,201596,5
u_5e28d526,201596,4
u_7f619b98,201596,5
u_8d736bf7,201596,5
u_6ece2bc5,210278,5
u_7549a564,210278,5
u_92c122f0,210278,4
u_00d8f3e8,210278,4
u_9e69d6ab,210278,4
u_46bd5d8a,220746,5
u_e75ad131,220746,5
u_6a5d6209,220746,4
u_218dafc5,220746,5
u_9097efda,220746,5
u_a9df09bb,247086,5
u_b397ec40,247086,4
u_6d58827b,247086,4
u_9e09356c,247086,5
u_98437b5d,249230,4
u_99f3026e,249230,5
u_f48098ce,249230,5
u_35a8e6da,249230,5
u_bf549fe8,249230,5
u_4cbab51b,252367,3
u_1d3af41c,252367,4
u_c527ba36,252367,5
u_025d971d,252367,4
u_ab5adf7d,252367,4
u_e6861056,252382,5
u_a789da3e,252382,5
u_7974c26b,252382,5
u_fc285ba4,252382,4
u_ba9dd276,252382,5
u_cdbae7a2,309878,5
u_cb3a5406,309878,5
u_c6aa83f5,309878,5
u_84f3fb9d,322249,3
u_82180569,322249,5
u_77a11381,322249,4
u_db71d558,322249,4
u_e243f14b,329432,5
u_c0fef0ac,329432,2
u_6921e608,330380,4
u_6b64bb80,332318,1
u_01dc668a,338812,5
u_c4c0307a,340744,5
u_8582d134,199275,4
u_fa396bee,199275,4
u_8b284cb8,199275,4
u_2a36399a,199275,5
u_ea637aa2,199275,4
u_9c1e8d76,199277,2
u_eb068ede,199277,5
u_b595dcf2,199277,4
u_e246384c,199277,4
u_e99c85e0,199277,5
u_5a38f24c,199289,5
u_5b3129bc,199289,5
u_cc9ba140,199289,4
u_b25aa375,199289,4
u_25b7a775,199289,3
u_b6c12c1e,199314,4
u_34c44af4,199314,5
u_710df7c9,199314,4
u_4cf9c385,199314,4
u_61106e27,199314,5
u_32359f6b,199358,1
u_cfec61c9,199358,5
u_428433cd,199358,5
u_5f7527a5,199358,4
u_da496f39,199358,5
u_b28f1aa8,199461,5
u_34fed697,199461,5
u_32f04cea,199461,5
u_b397ec40,199461,3
u_5f8dc4e4,199461,5
u_6a05a3d9,199514,3
u_0cdf955b,199514,5
u_3f35c291,199514,5
u_71ca9872,199514,5
u_44c3f2e2,199514,5
u_39a01e61,200848,5
u_6d1a4692,200848,1
u_a47e6e9e,200848,2
u_b930e9d2,200848,2
u_73b0a670,200941,4
u_c74228c8,200941,4
u_8b03e1d3,200941,2
u_c776da86,200941,4
u_88793ba7,201599,4
u_a479e94c,201599,3
u_724d55b6,201599,5
u_a69946a9,201599,5
u_9d64d680,201599,5
u_9e97c664,202606,5
u_07c6b57b,202606,5
u_f1f4e30a,202606,5
u_8f0ce033,202606,5
u_ab1d59b3,202606,2
u_0195f3ef,202613,5
u_edfadade,202613,5
u_8d9a9aae,202613,4
u_ae38dc86,202613,4
u_daad7fd8,202613,4
u_f7584095,202674,1
u_ea452354,202674,5
u_92e21d0e,202674,5
u_ce5a6eea,202674,5
u_8394f034,202674,5
u_9adf1b80,202710,5
u_0c61110f,202710,5
u_e4f41085,202710,5
u_23a52776,202710,5
u_a5449c57,202710,5
u_3c94d305,208988,5
u_0aec5da6,208988,4
u_657c1bed,208988,5
u_899ae787,208988,4
u_9f81a665,208988,5
u_75558bde,210269,3
u_86ac684c,210269,5
u_0ebfa724,210269,5
u_410a6816,210269,5
u_0d262f0e,210269,4
u_2d7e219d,210279,5
u_a5065eaf,210279,5
u_e4a44aba,210279,5
u_3275cb94,210279,4
u_05309822,210279,5
u_affc124e,213826,4
u_1089ae8f,213826,4
u_61b35ee8,213826,5
u_d7d56e3c,213826,5
u_9672556c,213826,5
u_061533d0,215841,4
u_0e9494c2,215841,5
u_e3130ce3,215841,5
u_73f01e81,215841,5
u_4023ed21,215841,4
u_1556a8a2,215844,5
u_ce24c62a,215844,4
u_59b3039e,215844,2
u_ab1d59b3,215844,5
u_c4392656,215844,5
u_ca385d14,220726,5
u_fd77f7e2,220726,5
u_9a193874,220726,5
u_22076afb,220726,5
u_58a0ddac,220726,5
u_c10e17fc,220742,5
u_e64f7c5f,220742,5
u_6b3dc65a,220742,4
u_eacd478a,220742,4
u_4f32fcc9,220742,4
u_a293f330,230922,3
u_72b071f4,230922,4
u_7e413c6e,230922,4
u_8c810e2e,230922,5
u_509e6296,230922,5
u_15060a4b,230925,5
u_e1e9948f,230925,4
u_df1ff929,230925,4
u_dc3c1447,230925,5
u_81dbb94e,230925,5
u_2de862fa,230979,4
u_fcab294a,230979,5
u_b7934645,230979,5
u_18167885,230979,4
u_b92f9369,230979,5
u_79120ede,231821,5
u_d53b6616,231821,5
u_e2f40317,231821,5
u_ca859386,231821,5
u_9468bcad,231821,4
u_5e03c31d,231834,5
u_c3f1e4d0,231834,5
u_bde4e768,231834,5
u_d508f2ba,231834,3
u_91fdfb92,231834,5
u_827c5e15,231863,4
u_1556a8a2,231863,5
u_2427bcd7,231863,4
u_9ff36d19,231863,5
u_70c4b60b,231863,5
u_0473fe8d,231865,5
u_c8e29a67,231865,4
u_98e765d0,231865,5
u_7867681a,231865,5
u_4f20d669,231865,5
u_f76f7178,231868,5
u_c25bd532,231868,5
u_4b44dcd4,231868,5
u_3e3c286b,231868,5
u_d186ca9f,231868,1
u_a1d5ada4,231882,5
u_42cbfa7c,231882,4
u_d4c7327d,231882,5
u_fb64cc54,231882,5
u_3bc6b750,231882,5
u_d7d56e3c,233276,5
u_98aedda6,233276,3
u_fb64cc54,233276,1
u_772e225f,233276,5
u_ec604b57,233276,4
u_f952320a,234656,5
u_53eded27,237990,5
u_b397ec40,237990,3
u_a49beebf,237990,3
u_0f518210,237990,2
u_dd2ff3aa,237990,4
u_494a5a2e,237996,5
u_b1de46f7,237996,5
u_a9a4516a,237996,5
u_6c9f1a67,237996,4
u_75a315a7,237996,4
u_3d1d49f6,238378,5
u_5a5f1f3d,238378,2
u_7d854b73,238378,5
u_b6d357c8,238378,5
u_1759ecac,238378,5
u_cde94c31,238387,3
u_ebb0ae49,238387,1
u_478dc21e,238387,1
u_e088e4eb,238387,4
u_f4dfbd96,238387,5
u_3ba127bc,238389,5
u_548fb33c,238389,5
u_5df559cb,238389,5
u_4919b56d,238389,5
u_39132150,238389,4
u_a7bc74c2,238390,1
u_76fa0df7,238390,3
u_49fac1fe,238390,4
u_f1d0f188,238390,5
u_e0ddfd5d,238390,5
u_2ce501c8,238397,5
u_932bbaca,238397,4
u_33922743,238397,5
u_4a6cd9d0,238397,5
u_514e9369,239195,5
u_bc628d60,239195,3
u_c157f66b,239195,1
u_66f85531,239195,4
u_37ee4845,239195,3
u_4b13eb14,239200,5
u_6acfa301,239200,5
u_78e8fe6f,239200,2
u_be02e255,239200,4
u_24a5bf04,239200,1
u_5125fe22,241135,5
u_83a99019,241135,5
u_72be5f91,241135,5
u_f7930646,241135,5
u_f63107b9,241135,3
u_5cb1a8d8,244584,4
u_c6b0317b,244584,4
u_2688fdba,244584,5
u_53313a83,244584,5
u_59ada8bf,244584,5
u_95ebef65,245137,5
u_58805018,245137,4
u_6c27c92e,245137,5
u_2cb5172d,245137,5
u_795ed1cd,245137,3
u_658b3aaf,246092,5
u_8015fda3,246092,4
u_395ea290,246092,5
u_36416d64,246092,5
u_a85a47f2,246092,3
u_f1a52a26,247083,5
u_2e54ef88,247083,5
u_d0205612,247083,5
u_6012be0d,247083,5
u_24d725ad,247083,5
u_202d9025,247084,5
u_ed2272bd,247084,5
u_4fe2c62f,247084,5
u_d3e7f9d4,247084,5
u_81f28076,247084,4
u_ab6acb69,247103,3
u_a30a9bfe,247103,5
u_c062d67e,247103,5
u_36e672fb,247103,4
u_5e3bc808,247103,5
u_a267201b,249227,5
u_309f0998,249227,5
u_52508fce,249227,4
u_17b09449,249227,5
u_672f01be,249227,3
u_4c279e18,249246,1
u_dda25763,249246,5
u_662fce5d,249246,4
u_7fb593d2,249246,5
u_1e6358fb,249246,4
u_00f6d7d8,249251,5
u_24ef214e,249251,5
u_22d82ef4,249251,5
u_0f5862ff,249251,4
u_6a5f49a5,252380,5
u_9707fba6,252380,5
u_452f5fd0,252380,5
u_eeec2a7b,252380,5
u_e6ca281b,252380,4
u_4dfc422f,252385,4
u_5eed8a60,252385,5
u_b62ad16a,252385,5
u_e44a9ee6,252385,5
u_2b338031,252385,5
u_1be5d58c,267737,1
u_77d8a9d6,267737,2
u_c320aa8c,267737,3
u_fafb934d,267737,5
u_5ebf5419,267738,4
u_ae7f8e67,267738,5
u_98cbc1ca,269337,5
u_9df63e65,269337,5
u_67bddc82,269337,2
u_ce052e06,269337,2
u_6e45013b,269337,2
u_be184706,269350,5
u_8d0b99d7,269350,4
u_a9948bc5,269350,3
u_dfc45dcc,269350,5
u_59fbfa21,269350,4
u_6722e6dd,269356,4
u_b2d6e63b,269356,5
u_c7f4707a,269356,4
u_7f6cc55d,269356,5
u_abd69b3f,269356,5
u_7a9a5126,270187,5
u_f4e6787e,270187,5
u_5cf6e428,270187,5
u_cf466e58,270187,5
u_1a36ddd9,270187,5
u_1f75cdc5,278351,3
u_a9d96a94,278352,2
u_ad6bfc72,278352,5
u_cffa271e,278352,5
u_1b9f78ef,278352,5
u_deb3c4f2,278403,5
u_5bef1ac0,278403,5
u_4195b6f4,278403,5
u_0e2b727d,278403,5
u_23b814b4,278403,5
u_613ed5be,278405,3
u_4ec07ae9,278405,5
u_d932ee64,278405,5
u_9cd2fae1,278405,4
u_64e4c9b7,278405,4
u_9d633eee,278406,5
u_b4b12017,278406,3
u_147d8cb0,278406,5
u_db806806,278406,1
u_574a83c4,278406,4
u_7ce83500,278410,5
u_d4df5ef9,278410,4
u_a13b30c9,278410,5
u_1a31c7be,278410,3
u_b1170c85,278410,4
u_f58fd547,278418,4
u_39ec9a20,278418,5
u_954ce4b6,278418,4
u_ed8b967f,278418,5
u_20711f3e,278418,5
u_f466d9a5,278435,5
u_ac7e4cd5,278435,5
u_dae52869,278435,4
u_c3aafb77,278435,5
u_2976aa3c,278435,5
u_95ebef65,278437,5
u_a4154281,278437,5
u_a9a4516a,278437,4
u_d6e50145,278437,4
u_b2d3a0c7,278437,5
u_a9bd270b,278438,5
u_2f1fb9c6,278438,5
u_8bb27e42,278438,5
u_6f988efb,278438,4
u_39132150,278438,4
u_d5da31ad,278443,1
u_f935dadc,278443,5
u_316f9d21,278443,5
u_87ebfeb2,278443,5
u_efa99603,278443,5
u_e2f40317,278444,5
u_4eeb1369,278444,5
u_483ff2fc,278444,4
u_72a3303c,278444,4
u_a040f57a,278444,5
u_5b35aebe,278455,5
u_5a38f24c,278455,5
u_ecf248f5,278455,4
u_19addc18,278455,4
u_ade017ee,278455,4
u_97bfd2f8,278458,4
u_dd271340,278458,5
u_a2c70d85,278458,4
u_949a1452,278458,5
u_6d58827b,278458,5
u_f4112205,279670,5
u_44563cb8,279670,5
u_d005c882,279670,4
u_7274d79a,279670,5
u_6012be0d,279670,3
u_2f09a46d,283065,3
u_ac10cc37,283065,4
u_8b6c2963,283065,3
u_a2b5b56f,283065,5
u_035c2497,283065,4
u_75c2d7a1,283474,5
u_e2f7ed95,283474,2
u_9e6ac8c0,283474,4
u_ca43851c,283474,5
u_86ad4271,283474,5
u_7d5e4e46,286402,5
u_d114d136,286402,5
u_69f4d5f3,286402,5
u_eee7ac20,286402,5
u_4919b56d,286402,5
u_9add82e1,286403,5
u_e2f40317,286403,5
u_d0b76265,286403,5
u_1834f5eb,286403,4
u_ca20a828,286403,5
u_10bcab0d,286408,5
u_eaf3ec66,286408,5
u_c723d6b3,286408,5
u_5b12f412,286408,5
u_9bb43b49,286408,5
u_983afe65,286416,4
u_8b587a8d,286416,5
u_a30878a7,286416,4
u_24b343e8,286416,5
u_e7d97f79,286420,5
u_440d9afe,286420,5
u_61160715,286420,5
u_3ff3ef53,286420,5
u_df4709f7,286420,4
u_7c0b303a,286648,4
u_a7bc74c2,286648,5
u_a5adebbc,286648,5
u_d7d56e3c,286648,5
u_2dbf49dd,286648,4
u_f9294491,286655,5
u_56784699,286655,5
u_2a47b918,286655,3
u_097192c8,286655,4
u_5f24d7c2,286655,5
u_ab1d59b3,286989,1
u_e21e1bb4,286989,4
u_9cd4a4df,286989,4
u_b9856eae,287031,3
u_3a3b09eb,287031,2
u_f7bc2474,287031,4
u_609e92ff,287031,5
u_858735b3,289338,5
u_23ac8179,289338,5
u_d5902dec,289338,4
u_08ed1b78,289338,5
u_980fe288,289338,5
u_e9e8f089,289434,4
u_a880f6ed,289434,5
u_9bb05668,289434,5
u_fab4236e,289434,5
u_a5449c57,289434,5
u_3636ce1c,292797,4
u_c3954690,292797,5
u_9e753869,292797,5
u_2a2997c1,292797,4
u_9909d920,292797,5
u_05b3bfa7,292804,5
u_e6169760,292811,4
u_b2589492,292811,5
u_f0587bc3,292811,5
u_79120ede,292811,5
u_4ddedc3e,292811,4
u_0f9db7d1,292813,5
u_5ecfa46c,292813,5
u_a7b61467,292821,5
u_37624b76,292821,4
u_52508fce,292824,5
u_6fd61197,292824,5
u_8d0549b8,292824,4
u_235a50bb,292824,5
u_02f3e7f9,292824,5
u_6d11f074,292830,5
u_10153bb5,292830,4
u_169d9786,292830,2
u_05fedc85,292830,4
u_238ea8df,292830,5
u_f11cea82,292847,4
u_af442388,292847,5
u_360fa92a,292847,5
u_90f78a4e,292847,5
u_5542cb2e,292847,5
u_34fd3529,292862,5
u_2379fb26,292862,5
u_0f4cc532,292876,4
u_0b76d876,292876,4
u_f41c3171,292878,4
u_401f4734,292878,4
u_1d0ea88f,292879,3
u_8796b2de,292884,5
u_6d35deb9,292884,5
u_4c26973f,292899,5
u_70115694,292903,4
u_585b26de,292903,5
u_54717794,292903,5
u_5ba41568,292903,5
u_5699b404,293978,4
u_16ad9d7f,293978,5
u_da608cfb,293978,1
u_e2f40317,293978,4
u_aa030e8c,293978,4
u_780e68c6,296123,5
u_0aefff8c,296123,5
u_7ab451bb,296123,5
u_679c6331,296123,5
u_54e83cdb,296123,4
u_d0385fd3,296711,5
u_914c5af0,296711,3
u_25ece8e4,296711,5
u_f5ebc552,296722,5
u_41be969d,296722,5
u_b8f0e647,296722,5
u_471eea10,296722,5
u_827c5e15,296722,4
u_f2529b43,296727,4
u_ec9ece92,296727,5
u_0e071cd1,296727,4
u_a455ae46,296727,3
u_29aa2ae3,296727,5
u_a3bd6b4c,296729,5
u_0447a19d,296729,2
u_5e1bdd0d,296729,5
u_286173f9,296729,4
u_18cac00f,296729,4
u_b230af96,296733,5
u_2b1eba67,296733,4
u_421436a7,296733,5
u_f92ee796,302238,5
u_0d262f0e,302238,5
u_d90402b1,302238,4
u_5ede92fa,302238,4
u_c53b8aac,302238,4
u_280ea87e,305815,5
u_e08fd845,305815,5
u_b5079388,305815,4
u_25d53e72,305815,5
u_2001d859,305815,5
u_5c54fffc,306257,4
u_5c8900d1,306257,5
u_b0c6b088,306726,1
u_b5d536b5,306726,5
u_932bbaca,306726,3
u_3ff3ef53,306726,5
u_e50115d5,306726,5
u_a5065eaf,307284,4
u_9b4ad29a,307284,5
u_8774eb6b,307284,5
u_d05ac7ed,307284,5
u_f9c8b7d3,307284,5
u_a1617cb6,307351,5
u_9f462b2c,307351,5
u_d3b996c4,307351,5
u_235a50bb,307351,4
u_67129aea,307351,4
u_448f9c23,307456,4
u_fff4cabb,307456,5
u_1e4b9901,307456,5
u_36c0e4cb,307987,5
u_24b02fbc,307987,4
u_5652ddce,307987,5
u_e8e211db,307987,5
u_7381f70b,307987,5
u_769c7645,307995,5
u_5d6e3902,309783,5
u_cd16ee1c,309783,5
u_e2f40317,309783,3
u_d957bbeb,309783,2
u_8394f034,309783,5
u_a41e45bf,309785,5
u_310a2906,309876,5
u_8d1e2c2f,309876,5
u_22c78aad,309876,5
u_5f72a098,309876,5
u_198b188a,309876,3
u_4fa3176b,309883,4
u_9ad81a8f,309883,3
u_f6a4dcd8,311121,5
u_ad7dba9e,311121,4
u_eb068ede,311121,5
u_a7d6c764,311121,5
u_ea452354,311121,5
u_b3913916,311123,5
u_6f1f96b0,311123,5
u_d8ac68ab,311123,5
u_d2ee71f1,311123,4
u_f27f4758,311123,5
u_79e34e6b,311235,5
u_5c5f7e66,311239,5
u_fafb934d,313225,5
u_d1f08066,313244,5
u_85c19ea2,313244,5
u_37fd65a5,316393,4
u_98a81c6e,316393,5
u_2ad6c8e1,316393,5
u_3429f4c6,316393,2
u_08412440,316393,5
u_dda25763,316951,5
u_786a6779,318561,3
u_d9a4f9d6,318561,5
u_da7968ea,318561,5
u_4c279e18,318561,5
u_30dfa433,318567,5
u_47fa72f4,318567,3
u_ab1d59b3,318567,4
u_6d8d7a3a,318567,5
u_7ef3214d,318569,4
u_6225df60,318569,3
u_64472c0e,318569,5
u_f536a7a1,318569,5
u_0cbc685d,318569,1
u_67bddc82,320228,5
u_3fecbcec,320228,5
u_8ee56b97,320530,3
u_312cc0e7,320561,5
u_89eab857,320561,4
u_f06c7813,320561,5
u_16eb20d2,320561,5
u_cd7b005c,320561,5
u_a50f349e,321023,2
u_59265c2c,321023,5
u_2379fb26,321023,5
u_ddefea54,321023,5
u_a5065eaf,321029,2
u_9867510c,321029,4
u_4ad35edf,321029,3
u_ef2cd5ac,321029,5
u_e6169760,321029,2
u_a47cc515,321821,3
u_b8734d80,321821,5
u_daad7fd8,321821,5
u_9ecdced8,321821,5
u_8017b95d,322231,5
u_c3aafb77,322241,2
u_8ca9bff9,322254,2
u_c786f96b,322549,3
u_9fc40199,322549,5
u_c786f96b,324772,1
u_e08fd845,326924,5
u_b552dd7a,326935,5
u_db51c753,328181,4
u_ccf8c05e,328182,3
u_5d2e9c82,328187,5
u_98e8c33c,330001,5
u_d266deb8,330384,5
u_2b78d610,330384,5
u_d901464e,331092,1
u_7e0a7c36,331098,5
u_f958b034,333110,1
u_0ac98599,336463,5
u_a79ac380,338814,5
u_8eedbe68,339912,5
u_69691c7b,340776,5
u_0ffb27d9,340776,5
u_b3c90d27,340776,5
u_0129698e,340776,5
u_dd81ead2,340776,5
u_07b15422,342193,5
u_5706151c,351656,5
u_78078398,360568,5
u_e01debfe,360569,5
u_1d9aaee2,361359,5
u_d41ce454,199274,5
u_11ef3921,199274,5
u_86583c9b,199274,5
u_f734adfd,199274,5
u_d3ccf0e5,199274,5
u_84e7448d,200926,5
u_2dbf49dd,200926,5
u_42d365fd,200926,5
u_421afbc1,200926,4
u_69f4e75e,206156,4
u_52508fce,278425,5
u_9bcc9cdf,278425,5
u_ede65e38,278425,4
u_18a97270,278425,4
u_14191e6c,278425,4
u_ca43851c,278858,3
u_26338193,278858,5
u_ff620315,278858,4
u_d0940442,278858,5
u_4a2bbf97,278858,5
u_14ef3175,279661,5
u_de7583cc,279661,5
u_e19c0fe5,279661,5
u_e325e5e5,279661,5
u_fd51ee47,279661,5
u_4b1aa55e,286668,4
u_bf142320,286668,4
u_305b150f,286668,2
u_45a448bf,286668,5
u_4ad16f55,286668,4
u_63efc488,292799,4
u_f5f693de,292799,4
u_cc53b353,292799,5
u_1f6e7259,292799,4
u_50e55180,296710,5
u_ef87f0fd,296710,5
u_8fc51121,296710,4
u_d128730a,296710,5
u_0a5ce872,296710,5
u_9f341728,197721,5
u_88c56f4b,197721,5
u_eacd478a,197721,5
u_de8a368e,197721,4
u_60e819b5,197721,5
u_356800b8,199140,5
u_2debbf64,199140,4
u_4c279e18,199140,5
u_057900a7,199140,5
u_2d4fa8c9,199140,5
u_93172af9,199229,2
u_a5065eaf,199229,1
u_0d7d5e6f,199229,3
u_51aa1c13,199229,4
u_73b9df02,199229,2
u_6b9fea2c,199246,3
u_880c64c7,199266,5
u_7b7f9bfc,199266,2
u_de5e1414,199266,4
u_b13a9dea,199266,5
u_4c61a92a,199266,3
u_c53b8aac,199307,5
u_2a5c0e12,199307,4
u_f19ad171,199307,4
u_c7dfd1f1,199307,5
u_eb52b9f0,199307,5
u_ca80d9c7,199392,3
u_30dfa433,199392,5
u_a30a9bfe,199392,5
u_71962cdd,199392,4
u_dae70c46,199392,4
u_80ab1586,199519,5
u_e9269ee1,199519,4
u_b2e25893,199519,4
u_e3bb8bc4,199519,3
u_6bf55bfd,199519,5
u_d9092b76,199553,5
u_3dbc5852,199553,5
u_24a5bf04,199553,5
u_0e461eaa,199553,5
u_928a1cae,199553,5
u_780e68c6,199583,5
u_dbe1322e,199583,5
u_6b7ee8b2,199583,5
u_dbb86577,199583,5
u_35e30dc2,199583,5
u_4e1bd685,199603,5
u_b82c0d60,199603,5
u_cbc9bc7a,199603,4
u_e3b33928,199603,5
u_55f2e8fd,199603,5
u_7bb7042f,199604,4
u_10ca200f,199604,3
u_4d4d6371,199604,4
u_4c431124,199604,5
u_c286aea8,199604,5
u_559b6e63,199605,5
u_224609be,199605,5
u_3f5cb06d,199605,5
u_f7d8372a,199605,4
u_79120ede,199605,5
u_552c0e6b,199608,5
u_cf0e0791,199608,4
u_463a05a5,199608,5
u_58ac8610,199608,4
u_9dea07b8,199608,4
u_c316b0ae,199630,1
u_76c7f32f,199630,4
u_2f6951b2,199630,5
u_33066e28,199630,5
u_f69c6d08,199630,5
u_d96aab92,200881,5
u_41bf7065,200881,5
u_ad93fbb6,200881,5
u_68a8fe06,200881,5
u_ae7f8e67,200881,5
u_7c4516bf,200900,5
u_3f7ff7e5,200900,1
u_82570d38,200900,3
u_7ed0289a,200900,5
u_4b13eb14,200900,5
u_f4e3d5ee,200901,4
u_151aff18,200901,1
u_a856c823,200901,5
u_fc6c2b08,200901,5
u_fc53ca4e,200901,5
u_98a81c6e,200916,4
u_b92f9369,200928,3
u_6b4257ba,200950,1
u_671088c0,200950,1
u_77ba4392,200950,1
u_87e59ebc,200950,1
u_a30a9bfe,200950,5
u_6015cfa4,201597,4
u_cf63b3e9,201597,1
u_f939343d,201597,1
u_f952320a,201597,1
u_98a81c6e,201611,1
u_db8b2af2,201611,5
u_7f3ffdc4,201611,5
u_791cc0f1,201611,4
u_de14c885,201611,4
u_95b0d692,201655,4
u_e1557161,201655,5
u_32933825,201655,4
u_3b0114ea,201655,5
u_a7bc74c2,201655,5
u_882cf28f,202584,4
u_5c560965,202584,5
u_88ac14b5,202584,5
u_abfee590,202584,5
u_dad0d50a,202584,5
u_8255365f,202595,1
u_7f8c0694,202595,3
u_a5aba80d,202595,4
u_24a5bf04,202595,3
u_704d08fa,202636,4
u_650dd476,202636,5
u_3ff3ef53,202636,5
u_aa69112f,202636,4
u_ff8a3396,202636,3
u_bd68793c,202648,5
u_13074345,202648,5
u_fff4fba5,202648,5
u_e4f41085,202648,4
u_609e92ff,202648,4
u_8be27ec9,202650,5
u_a3a92bd8,202650,5
u_cb54aec8,202650,3
u_775ce19b,202650,5
u_d744a777,202652,5
u_116af90b,202652,4
u_0a851671,202652,2
u_f24c91d9,202652,4
u_a7ec0282,202652,4
u_006d41c8,202672,5
u_47dc0ad7,202672,4
u_b92f9369,202672,5
u_4ea5c376,202672,5
u_2379fb26,202672,5
u_b5d088b8,202673,5
u_0c5a16d1,202673,5
u_504c75ec,202673,1
u_2d9356c6,202673,5
u_813aaf09,202673,5
u_892da3d8,202675,5
u_6012be0d,202675,5
u_8426d263,202675,5
u_5dd9be89,202675,5
u_1999ddd5,202675,4
u_c527ba36,202676,3
u_48a39978,202676,5
u_a1df2dbf,202676,1
u_c3490f77,202676,5
u_cd6d6af3,202676,5
u_96861756,202678,1
u_498bca45,202678,5
u_d0e10f63,202678,5
u_6beb08e1,202678,4
u_3d4715fd,202678,5
u_442ed4a7,202680,4
u_8b1bd837,202680,5
u_0c60b684,202680,3
u_a2fb0f4f,202680,5
u_1abbdc68,202680,4
u_c7e4d693,202685,1
u_9f3d1423,202685,5
u_311ebfc5,202685,5
u_597af914,202685,4
u_9fd0508c,202685,1
u_d80df8d8,202717,5
u_65a8349f,202717,2
u_233f0769,202975,5
u_dda25763,202975,5
u_a5c22459,202975,3
u_e8f09fc8,202975,4
u_ba4d21bf,202975,1
u_68a293d6,204499,3
u_45c2d807,204499,1
u_364d1174,204499,1
u_64ff5142,204499,4
u_9a27a017,204499,5
u_c19e82a4,204510,5
u_a86a5808,204510,4
u_8b741e55,204510,5
u_6088b3e1,204510,5
u_ff138083,204523,4
u_1e550241,204523,5
u_83e37a97,204523,5
u_88596eda,204523,4
u_577171c6,204523,1
u_8766859e,204553,5
u_411df2cb,204667,4
u_516ac9cd,204667,5
u_8bdaf4e1,204667,5
u_460fb6df,204667,4
u_0cf893b5,204667,5
u_95b08f69,206118,5
u_d6fefbe0,206118,5
u_54dd26b2,206118,5
u_8622baeb,206144,5
u_24015d54,206144,5
u_8394f034,206148,2
u_b68cec18,206148,1
u_6563d655,206148,3
u_d759832e,206150,5
u_b2a48d6d,206150,4
u_2f0e6fc1,206152,5
u_1c9fb0ad,206152,4
u_cc2f4603,206152,5
u_1800005f,206152,5
u_d7d56e3c,206152,4
u_d751e0f6,207434,5
u_1ff245b4,207434,3
u_559b6e63,207434,3
u_1089ae8f,207434,5
u_d74ae59a,207434,3
u_ae2852e7,207439,5
u_7b3a474a,207439,4
u_7af25dd5,207439,5
u_158321f0,207439,5
u_79aafd7a,207439,5
u_74074a36,209146,5
u_db966381,209146,4
u_0d3243b2,209146,4
u_450c4302,209196,4
u_2d3a906f,209196,5
u_c6888738,209196,5
u_8394f034,209196,4
u_4ad35edf,209196,2
u_40a3f1e4,209887,5
u_93266a26,209887,5
u_6b69bb0d,209887,5
u_b218fc67,209897,5
u_2a2890fe,209897,4
u_ed51ebcb,209990,5
u_d1e220b0,209990,4
u_444d0af4,209990,4
u_9595ab30,209993,5
u_1556a8a2,209993,2
u_238ea8df,209993,4
u_ac6611d5,209993,3
u_ded744b0,210107,5
u_ed5e8353,210270,5
u_a9a4516a,210270,5
u_500685ad,210270,1
u_d798b124,210270,5
u_f28568e4,210270,5
u_98d4fafe,210271,5
u_2425306b,210271,1
u_39132150,210271,5
u_93172af9,210271,4
u_af173a95,210271,5
u_cf25d853,213198,4
u_ef6af77a,213773,1
u_8f996d0f,213773,5
u_032d8a38,213773,4
u_e0163fe2,213773,5
u_fd8a23a0,213773,5
u_2d604b16,226132,5
u_99f55914,226132,5
u_4958bfcc,226132,5
u_a49beebf,226132,3
u_b259f3a7,226132,1
u_3d58b0c8,226133,4
u_3130955f,226133,3
u_3b712674,226133,4
u_eacd478a,226133,5
u_8a952f40,226133,5
u_70115694,228834,5
u_c3b38fc7,228834,4
u_6af5d017,228834,5
u_8549c701,228834,4
u_2bf8c032,228834,5
u_62ef8c99,228842,1
u_83b9673c,228842,5
u_a73ec97e,228842,4
u_bdc063b6,228842,5
u_bd4fdb22,230917,5
u_b6c6b3cc,230917,5
u_8d273e39,230917,5
u_e4e6e608,230917,5
u_0926ad44,230917,5
u_7fd2fcae,231790,3
u_6161bc3d,231790,5
u_c68eb996,231790,5
u_8e366847,231790,5
u_980387c0,231790,4
u_db71f31b,231797,1
u_d90dea02,231797,5
u_46f7860c,231797,5
u_10bcab0d,231797,5
u_568fb6d5,231797,5
u_a880f6ed,231803,5
u_926901f3,231803,5
u_b76608a3,231803,5
u_abd69b3f,231803,5
u_f6d85193,231803,5
u_63460288,231824,5
u_f095db6c,231824,1
u_1f510a85,231824,5
u_4bb3ec8d,231824,5
u_5a4e625a,231824,5
u_4c279e18,231838,5
u_8ef7c248,231838,5
u_309f0998,231838,5
u_1e491e9b,231838,5
u_ad4407a2,231838,4
u_0f16187e,231839,5
u_6be664c0,231839,3
u_b7a23e79,231839,5
u_f84d6251,231839,5
u_bb8f7c61,231839,5
u_24f98b5d,231847,5
u_d0d4ca1e,231847,5
u_21827504,231847,4
u_dfcd93a3,231847,4
u_5e54fc97,231847,4
u_aa69112f,231852,5
u_f41c3171,231852,4
u_3485d800,231852,5
u_c7c7fd79,231852,4
u_a11a26f3,231852,5
u_37bb8663,231857,4
u_70d9f259,231857,5
u_0ae9478a,231857,2
u_20fb4dd0,231857,5
u_5b41db89,231857,5
u_8001161f,231862,4
u_f93815fc,231862,5
u_b51addf8,231862,4
u_ddbcff84,231862,5
u_8394f034,231862,4
u_6b977b94,231867,5
u_f41c3171,231867,4
u_d7d56e3c,231867,4
u_39d32561,231867,4
u_52e61032,231870,5
u_d63ca44b,231870,4
u_87ac9a43,231870,4
u_f18375c6,231870,2
u_ca568ad6,231870,4
u_0e15f3a6,231875,5
u_73eeb8e1,231875,5
u_4c67b064,231875,5
u_b714b3c0,231875,4
u_1eb07346,231875,4
u_c06c80ec,232354,2
u_b18257c5,232354,1
u_7fad1e3d,232354,5
u_1e39ce3e,232354,5
u_5f7a391c,232354,4
u_e1475baa,232757,5
u_49015a00,232757,5
u_e6169760,232757,4
u_9f341728,232757,5
u_1e31b6de,232757,5
u_1d6a760f,233273,5
u_b83b5ac6,233273,5
u_12b4ccad,233273,4
u_f605c271,233273,5
u_e811a531,233273,5
u_dcc6e3b4,233482,5
u_8eb04bd2,233482,4
u_467f4e51,233482,5
u_7d3ae35d,233482,4
u_019379f4,233482,4
u_79bec88a,234214,3
u_40dc965c,234214,5
u_9211b2e9,234214,4
u_d109d931,234214,4
u_ee9151e3,234214,5
u_f1a52a26,234653,1
u_142c4c51,234653,5
u_725122d1,237969,5
u_f0eaf932,237969,5
u_b6f43cf4,237969,5
u_d90dea02,237969,5
u_55e9faaa,237971,5
u_de40d01f,237971,2
u_307ddb9d,237971,3
u_cd0b3b12,237982,3
u_d1fad8e7,237982,4
u_64afb9ba,237982,2
u_6b14dae5,237982,5
u_e9becc1a,237982,3
u_33d3ccfc,237983,4
u_3bbb5989,237983,4
u_644f2884,237983,5
u_a7546fa3,237983,4
u_cde94c31,237983,5
u_a5065eaf,238377,2
u_c10e17fc,238377,4
u_6b8319e7,238377,1
u_36e49914,238377,2
u_84453804,238377,1
u_14067478,238384,5
u_6b69891d,238384,4
u_7289ffcf,238384,5
u_c4221220,238384,5
u_a8fbe0d4,238384,5
u_46a7ff18,238388,4
u_892da3d8,238388,5
u_86de2676,238388,4
u_733a4e50,238388,4
u_22d82ef4,238388,5
u_5904bc3b,238392,4
u_cde94c31,238392,5
u_7b78c0cf,238392,5
u_8394f034,238392,4
u_6088b3e1,238392,5
u_91c8fe3c,238393,5
u_b1cd49cb,238393,5
u_5159266e,238393,4
u_d0f92e18,238393,4
u_e5302d49,238393,3
u_d97f5514,238398,2
u_da4f765e,238398,5
u_7a05ccb5,238398,4
u_e16f10f9,238398,5
u_e6e417ac,238398,4
u_2774c8e7,238564,5
u_07e9a704,239197,4
u_31125c0b,239197,1
u_d7d56e3c,239197,5
u_4a64af46,239197,1
u_675ca02a,239197,5
u_bcef6160,239199,4
u_e94b13fa,239199,5
u_e013a9eb,239199,1
u_88b04507,239199,4
u_a7c8df69,239199,2
u_38ac76e3,241132,5
u_ee3a211d,241132,5
u_f080623b,241133,4
u_e6169760,241133,5
u_8b5345aa,241133,4
u_a496d72d,241133,5
u_470f68cc,241138,5
u_3b2cd17a,241138,5
u_622bc06f,241138,4
u_32040f29,241138,4
u_fd497138,241138,4
u_30dfa433,241142,4
u_02f3e7f9,241142,5
u_95ebef65,241142,5
u_dfd03648,241142,5
u_9a193874,241142,4
u_2a75cae3,241147,3
u_e2f40317,241147,4
u_857bfddd,241147,4
u_863a1fdc,241147,5
u_20cf4b8a,241147,5
u_3dcdb910,241148,4
u_fdb40713,241148,3
u_ea452354,241148,5
u_adb8d9b6,241148,5
u_98a81c6e,241148,5
u_7cc52c0c,241154,4
u_5e1bdd0d,242215,1
u_1b595245,242215,5
u_968153d4,242215,1
u_2ddace9f,242215,4
u_46f7860c,242215,4
u_2688fdba,244583,5
u_6fa5f0b5,244583,4
u_5cfab95b,244583,5
u_5ebf5419,244583,5
u_d1076eb6,244583,4
u_bd4fdb22,245140,5
u_a55048ba,245140,3
u_6895ab83,245140,4
u_4ea33fdb,245140,5
u_ea213035,245140,4
u_6df0fa13,245675,5
u_2ad6c8e1,245732,4
u_94fcb70d,247082,5
u_be1410f5,247082,1
u_ea3aa13a,247082,5
u_7117338c,247082,2
u_863a1fdc,247082,4
u_394e13f1,247092,2
u_92b8be9e,247092,5
u_32130d9a,247092,5
u_8e54edfa,247092,1
u_4edb5349,247092,5
u_fb64cc54,247100,3
u_9085e4a9,247100,5
u_9342b48f,247100,3
u_cc046ce6,247100,1
u_c6c06543,247100,4
u_6004f37d,249248,5
u_a03b17e4,249248,3
u_898ab88f,249248,5
u_9f4b51d4,249248,5
u_6088b3e1,249248,4
u_bf142320,249250,5
u_6ad2441d,249250,5
u_169d9786,249250,4
u_a55048ba,249250,5
u_c211a717,249250,2
u_092b184a,249264,4
u_b82bd0dc,249264,5
u_b887ad3b,249264,5
u_beeae6cf,249264,5
u_a482067e,249264,5
u_7ab451bb,252159,4
u_3f394c8b,252159,2
u_51415eb3,252159,5
u_8394f034,252159,5
u_0ec9f4a5,252384,5
u_83e37a97,252384,5
u_58ed5203,252384,4
u_4b37f6e6,252384,5
u_aad373b8,252384,4
u_61e851f5,270183,1
u_d7d56e3c,270183,5
u_0ec9f4a5,270183,5
u_5eed8a60,270183,3
u_a8414941,270183,5
u_d29d92c4,270184,5
u_36f7d72d,270184,4
u_40ff2be6,270184,4
u_b8c65daf,270184,4
u_adafff49,270184,4
u_77ab2575,271676,4
u_cea7d483,271676,5
u_65c7eba3,271676,4
u_1666a494,271676,5
u_9e09356c,271676,4
u_ad6bfc72,274237,5
u_51722157,274237,5
u_eacd478a,274237,5
u_7767448a,274237,5
u_e325e5e5,274237,5
u_b9856eae,275058,3
u_63a2e491,275058,1
u_a4d61b95,275058,3
u_40b27b89,275058,5
u_ed1b6d3c,275058,5
u_0454f885,278404,5
u_559b6e63,278404,5
u_9642a929,278404,4
u_1111c111,278404,5
u_df9c6423,278404,4
u_6012be0d,278409,5
u_4f507187,278409,5
u_c27ea98b,278409,5
u_fbade9e3,278409,5
u_ae0ec963,278409,4
u_06be5586,278411,1
u_c527ba36,278411,5
u_238ea8df,278411,4
u_bd48e0fa,278411,5
u_ab4f724c,278411,5
u_5ffdff0b,278412,5
u_785f478a,278412,5
u_b476d29c,278412,3
u_56784699,278412,5
u_6479e724,278412,4
u_ce1e6162,278417,5
u_f213d518,278417,5
u_a2511bed,278417,3
u_04d8427f,278417,4
u_7974c26b,278421,5
u_8466fa8e,278421,5
u_235a50bb,278421,5
u_d53b6616,278421,4
u_0a697cf3,278421,5
u_f245e602,278424,5
u_1b2205d4,278424,2
u_1b92ebd8,278424,5
u_621ee13f,278424,5
u_d7ff6fce,278424,5
u_5b956660,278436,5
u_0bae9d6c,278436,5
u_dda25763,278436,5
u_494a5a2e,278436,5
u_9354b907,278436,5
u_9a599eb9,278441,4
u_0a7fdd1f,278441,4
u_93172af9,278441,3
u_804bfac0,278441,5
u_1e4ef6da,278445,5
u_cd3c5235,278445,5
u_2bbf1fd4,278445,5
u_44945339,278445,5
u_827c5e15,278445,4
u_7b8197b4,278564,1
u_481d0e20,278564,4
u_cea14da1,278564,5
u_b4770152,278564,4
u_e1e492e2,278857,5
u_536766d2,278857,5
u_0c31f18d,278857,5
u_389e1042,278857,5
u_1d93743e,278857,5
u_1db31fad,279648,1
u_6ac46733,279648,4
u_e325e5e5,279648,5
u_fd77f7e2,279648,4
u_a6f3c08a,279648,3
u_ba6775b6,279657,5
u_39132150,279657,5
u_e61572fe,279657,5
u_8b69ac2e,279657,3
u_93172af9,279657,5
u_09e1cb69,279658,5
u_84fa2647,279658,5
u_4332d73d,279658,5
u_8454b59c,279658,5
u_5572db0f,279658,3
u_9431ea4b,279660,1
u_942f851a,279660,5
u_c8bb5e3a,279660,4
u_3702e7d6,279660,4
u_4ad35edf,279660,5
u_2e1748e0,281601,5
u_509e6296,281601,4
u_fbd254df,281601,4
u_33d5d012,281601,5
u_b99b3b6f,281601,5
u_e08fd845,283070,5
u_acd4f7af,283070,5
u_6e18f544,283070,5
u_28971a64,283070,5
u_8d5c67e5,283473,5
u_2528f03c,283473,1
u_89a8242f,283473,4
u_e9d92c1d,283473,1
u_2cae8ebf,283473,5
u_e6b067bb,283476,5
u_f1f78a2c,283476,5
u_66560843,283476,4
u_fc1b1566,283476,4
u_a159972a,283476,4
u_c785a3d3,286404,5
u_3fc10c63,286404,5
u_6f5d4acf,286404,5
u_a78bee17,286404,5
u_c5c9009c,286404,5
u_0a770259,286651,4
u_ebadd129,286651,5
u_bd26e7c8,286651,4
u_209076cd,286651,5
u_b297627e,286656,5
u_8b2aae86,286656,5
u_a8980bbf,286656,5
u_bb424414,286661,5
u_ec54d597,286661,5
u_964be6bd,286661,4
u_c062d67e,286661,4
u_bab9643c,286661,4
u_ad6e2529,286671,5
u_5b62f5d5,286671,5
u_13235aa2,286671,5
u_39e4ad5f,286671,4
u_15685fed,286671,5
u_0878ecc5,286681,5
u_0eb8361d,286681,4
u_2d6e8682,286681,5
u_61745908,286681,5
u_7a4d5ad3,286681,5
u_8eaf8a01,286683,4
u_d9a19cbb,286683,5
u_8f7796be,286683,4
u_ac4dad1c,286683,3
u_adb2224a,286683,5
u_922fbf99,286981,5
u_f545105d,286981,5
u_c211a717,286992,5
u_483ff2fc,286992,5
u_18cb0ee9,286992,4
u_980387c0,286992,4
u_118b0dbf,286993,5
u_8d0b99d7,286993,5
u_bec8c3ef,286993,5
u_e12d5116,286995,3
u_039ac2f9,286998,5
u_26a42e37,286998,5
u_c360e170,286998,4
u_584d6e0c,286999,5
u_2a34ca22,286999,4
u_04ba6be4,286999,5
u_aa69112f,286999,4
u_a267201b,287004,5
u_f952320a,287004,3
u_d5169514,287004,4
u_c1c4fb10,287004,5
u_3603e268,287009,5
u_87e697d6,287009,5
u_2a47dee4,287014,1
u_cb1f5a84,287014,5
u_ec010810,287014,5
u_f9b1ef0c,287017,5
u_fd0d5f5f,287017,5
u_6543350e,287017,5
u_ae7f8e67,287017,5
u_4ea5c376,287017,4
u_fe9b6e88,287018,5
u_5e311446,287018,5
u_daad7fd8,287018,5
u_e435267a,287018,5
u_1c128b1d,287021,4
u_9d328bf4,287021,5
u_73a14bb4,287023,4
u_a68eeb4b,287023,4
u_a5c081c8,287023,5
u_6fec6905,287023,5
u_f735bb38,289435,5
u_c22e8c1d,289435,4
u_d3dffc8e,289435,5
u_2c9bd209,289435,5
u_e86e2771,289435,5
u_4c6e1e62,289436,5
u_fecee289,289436,5
u_e6169760,289436,5
u_a3252279,289436,5
u_a06af422,289436,5
u_bf142320,289438,5
u_24e64feb,289438,5
u_a49beebf,289438,4
u_6ed10e05,289438,5
u_424aee97,289438,4
u_b36b80df,289440,5
u_a1120520,289440,2
u_acfca138,289440,4
u_77922ae8,289440,5
u_0d5dfbd0,289440,4
u_e7819881,292795,1
u_aeb43215,292795,5
u_1020258a,292795,4
u_1556a8a2,292795,4
u_83e37a97,292795,5
u_93e5c874,292798,5
u_8b6f02e0,292798,4
u_21e2c103,292798,5
u_6e41d860,292798,5
u_fab91d61,292798,3
u_eb4a5441,292800,4
u_19d18ad4,292800,4
u_8684b2ff,292806,5
u_259d4e8d,292806,5
u_12e6bfaf,292806,3
u_0a24da7c,292806,5
u_9f4b51d4,292806,4
u_c724d1ba,292809,5
u_e5068639,292809,4
u_12c6d109,292809,5
u_00eded94,292809,5
u_3a5c758a,292812,5
u_5a5fa1de,292812,5
u_dd140562,292812,5
u_8cc4680e,292812,5
u_ca20735d,292816,5
u_a5de0be2,292816,4
u_57050ca9,292816,5
u_c19ea80a,292827,5
u_2f9f37cf,292827,4
u_0a4b6e9e,292827,4
u_22ff96d2,292827,5
u_244da83b,292827,4
u_00f6d7d8,292831,4
u_69c8d4d0,292831,5
u_86fcaea4,292831,5
u_f4e69e46,292831,5
u_71ca9872,292844,5
u_3c41762b,292861,4
u_c083499a,292868,5
u_34c536e9,292868,4
u_cdcb79c1,292868,4
u_9f34056b,292868,4
u_c868c387,292877,5
u_55252f94,292877,4
u_e325e5e5,292881,4
u_72b74d85,292881,5
u_75b987ca,292885,5
u_49015a00,292885,5
u_0473fe8d,292885,5
u_ce5a6eea,292885,4
u_947f74c5,292885,4
u_af082229,292904,5
u_7474096c,292904,4
u_de459edc,292904,5
u_627a5c24,292904,4
u_c0726bed,292904,4
u_aeb43215,293604,5
u_ce77ee94,293604,5
u_3770e538,293604,5
u_70d465c4,293604,5
u_9c980d14,293605,5
u_227a3282,293605,5
u_1794c639,293605,5
u_70f0f195,293605,5
u_07c6c743,293605,3
u_d597ae21,293611,3
u_b7392172,293611,5
u_0bc7217e,293611,4
u_ae84f468,293611,5
u_96277a5f,293611,5
u_a24b6b2d,293612,3
u_b651f238,293612,5
u_11364372,293612,3
u_c9296ffc,293612,4
u_b0c50504,293624,5
u_2edaa9ff,293624,5
u_5802c45e,293624,5
u_06096ad5,293624,4
u_ed5e8353,293624,4
u_e3b4e63d,293627,5
u_b95cdb4f,293627,5
u_f6cc8f6f,293627,5
u_ebadd129,293627,5
u_11e24954,293970,4
u_6744d6f0,293970,5
u_a5d7bdec,293970,4
u_ecb9f9a2,293970,5
u_d1fad8e7,293970,4
u_ce5a6eea,296126,5
u_3d322058,296126,5
u_a880f6ed,296126,5
u_c8c6a454,296126,5
u_f4545a5d,296126,4
u_e7f5304c,296707,1
u_9bb6b781,296707,5
u_7ae3c1a8,296707,4
u_169d9786,296707,5
u_a3c5c762,296707,5
u_e4a54c87,296712,5
u_ce5a6eea,296712,5
u_e09ee855,296712,5
u_dcdc5273,296712,5
u_8e158f5a,296712,5
u_69e1cbc4,296723,4
u_6213cc13,296723,4
u_1d07eae4,296723,4
u_b1170c85,296723,5
u_cbc92699,296723,4
u_02f4650a,296730,5
u_4ac89740,296730,5
u_07aeafbf,296730,5
u_3e226edc,296730,4
u_b612aa5c,296730,5
u_8c57bb11,296747,1
u_f4ddcb4b,296747,5
u_d1e220b0,296747,5
u_12425143,296747,3
u_9be5cc24,296747,2
u_a7ec7652,305772,3
u_1fbf5bec,305772,5
u_e71f8cc0,305772,4
u_8338bc31,305772,4
u_f1948557,305772,3
u_d3b996c4,305812,4
u_4ad35edf,305812,4
u_0ac7b0a9,305812,4
u_d028a92e,305812,5
u_b1447de9,305812,3
u_034201b9,306246,3
u_44e900e5,306263,5
u_664f6b69,306263,5
u_8ef3764c,306263,3
u_c0c9c686,306263,5
u_ca43851c,306419,5
u_846263e2,306718,2
u_229c13cb,306718,5
u_c1eff898,306718,5
u_93023878,306718,4
u_1245a9ab,306718,5
u_de62d680,309420,5
u_f7584095,309420,5
u_5f162846,309420,5
u_d627cc3b,309420,5
u_51753da6,309420,5
u_13f506ae,309423,5
u_69c145ed,309423,5
u_13a6a43c,309423,4
u_00bfcd7e,309423,5
u_26fab5c3,309774,5
u_81b19aa0,309788,3
u_f8d874f5,309875,5
u_11372f9e,311228,3
u_341fdc7f,311230,4
u_10eee017,311233,5
u_43498a7e,311236,5
u_ff138083,313054,5
u_28aeef31,313054,5
u_36be4216,313226,5
u_ff65a40c,315212,5
u_8a79e504,315213,5
u_f8c88bb5,315213,5
u_02c2c296,316392,3
u_44b41df3,316392,5
u_d90db964,317070,5
u_e325e5e5,318562,4
u_9b18d496,318562,5
u_c97d179b,318568,5
u_4a64af46,318568,3
u_6e2cb9b9,318568,3
u_e6169760,318570,5
u_9e752925,318570,5
u_59328e19,318570,5
u_68975a41,318571,1
u_be7a39a6,318571,5
u_0db2e76f,318571,1
u_0b2bee75,320558,4
u_28e5e493,320558,1
u_590d753c,320558,5
u_58f09fa9,320562,5
u_688ea8d3,321026,5
u_eacd478a,321026,5
u_c26caf2d,321026,5
u_d391deeb,321026,5
u_152ec1a3,321026,5
u_466685e3,321027,4
u_6df23ad5,321030,5
u_50b327b7,321030,5
u_65ee568d,321030,2
u_9803c062,321032,4
u_f1a3fb2d,321032,3
u_80bc42a6,322148,5
u_2d5c019d,322148,5
u_3c144988,322148,5
u_95b465ba,322151,5
u_e6e5a371,322230,2
u_eaea54ec,322253,3
u_eee7ac20,322630,5
u_283a9677,325836,5
u_d3d5e1c1,325836,4
u_8139a7e9,325836,4
u_768757f2,325838,5
u_40b27b89,325871,4
u_c64f1b81,326927,5
u_bc6d58e2,326927,5
u_bb112742,327013,2
u_e4522104,327757,5
u_b9af46f8,328195,5
u_2a2542f9,329911,1
u_ab1d59b3,330379,1
u_8905cc14,331107,5
u_f1777dbb,332302,2
u_73a14bb4,332319,1
u_5049d484,333708,5
u_8c5a1638,333717,5
u_bf6d7c90,333717,5
u_9e759e53,337574,5
u_ea1279d5,337575,3
u_686bd59f,337593,5
u_967a9221,340912,5
u_87841088,343078,5
u_1e54e652,345533,5
u_24a5bf04,363367,5
u_c37d49b3,199201,3
u_8a7a99ad,199201,4
u_237b2167,199201,5
u_7bcc5c28,199201,5
u_a7cf7cd2,199201,5
u_ecb8c9c8,199267,1
u_57b745e6,199267,1
u_dabac46c,199267,5
u_c35db556,199267,5
u_664f50db,199267,4
u_0f252c27,199268,5
u_14b12491,199268,5
u_306b31b6,199268,5
u_cbda2095,199268,5
u_4e1b375d,199268,5
u_82904a15,199520,5
u_8676837e,199520,5
u_e6be8725,199520,5
u_e6169760,199520,4
u_5fc71133,199520,4
u_77b017d5,201745,2
u_02278102,201745,1
u_133546aa,201745,5
u_da608cfb,201745,5
u_00c2f055,201745,3
u_05c6f5a0,202657,1
u_5597a198,202657,1
u_2cae8ebf,202657,3
u_6b6bf158,202657,4
u_ecb878c9,202657,5
u_e8f8e5e0,202665,2
u_f9b57c09,202665,5
u_0aabe40c,202665,5
u_58e679c4,202665,3
u_f1d8f504,202665,5
u_9e998ab7,204511,4
u_4cd1b90d,204511,5
u_4ca6b307,204511,1
u_c3cd5a85,204511,4
u_c3aafb77,204684,5
u_df29e5fc,204684,5
u_7bbae358,208872,5
u_c1c9e8c7,209192,1
u_900f224d,209192,5
u_edb52633,209192,5
u_b0c2d6c2,209192,5
u_0aaba170,209192,5
u_aca56360,209938,3
u_eecd0c32,209938,4
u_eecbd0a0,209938,5
u_e73c6c6a,209938,3
u_6a2464d8,209962,2
u_d2b98b3f,209962,4
u_cc7e376b,213755,4
u_b5389cbc,213755,5
u_773f341a,213755,3
u_e3e63592,213755,5
u_061b79f8,215756,4
u_ff3451d2,215756,5
u_832a58d3,215756,5
u_e9485bdb,215756,5
u_84ed23e1,215756,5
u_bac2ffb2,215757,3
u_4e396056,215757,5
u_a336f645,215757,5
u_354b519a,215757,5
u_23c5fa47,216122,4
u_3111dc57,216122,5
u_1e86e1e0,216122,4
u_89819c9e,216122,5
u_0a13b23b,216122,5
u_8ae26e50,230026,5
u_d7d56e3c,230026,5
u_88aae212,230026,4
u_6ce0175b,230026,5
u_f7d1b5e1,230026,5
u_9355aa8e,231848,5
u_5904bc3b,231848,4
u_e2a0217e,231848,5
u_cd7b005c,231848,4
u_978b6979,231848,5
u_e2f40317,231856,5
u_d6db754e,231856,3
u_6931d35b,231856,1
u_f17cd090,231856,5
u_d3f65ca2,231856,5
u_55e8d4d6,231887,1
u_945474d3,231887,5
u_7a5e9cc9,231887,5
u_ab93a586,231887,5
u_e6169760,231887,5
u_771b9da8,234206,5
u_a8a25756,234208,5
u_3c7be665,234208,5
u_4ea5c376,234208,5
u_73489c11,234209,1
u_2ed63c1b,234209,5
u_c4d64b59,236069,3
u_f40f8fd4,236069,5
u_01e187a8,236069,4
u_3f35c291,236069,1
u_0629ed36,236069,4
u_dda54657,238391,3
u_2a938983,238391,4
u_9ac7c3f1,238391,5
u_63fae34a,238391,5
u_b36b80df,238391,5
u_4d9eaf90,239198,5
u_a7fd661d,239198,5
u_1dea9040,239198,2
u_3168b28d,239198,5
u_6b4257ba,241129,5
u_4388dfcb,241129,5
u_9f341728,241129,5
u_0917b5b9,241129,4
u_75298c75,241129,4
u_a0f8686c,245615,5
u_ac039b20,245615,4
u_34d7774c,245650,4
u_f4d7bb0f,245745,5
u_0c689674,245972,5
u_568fb6d5,246041,5
u_bd89257c,249229,1
u_d85b30c8,249229,5
u_4ea5c376,249229,3
u_3e05e833,249229,2
u_b794c5c0,249229,5
u_94ae068e,251831,5
u_34bf1184,251831,5
u_397c0739,274239,5
u_4c186022,274239,5
u_a87f4dda,274239,5
u_a85a47f2,274239,5
u_6488f651,274239,5
u_fa42d69b,281914,4
u_eacd478a,281914,5
u_98af787a,281914,5
u_b5d1d9ec,281914,3
u_05b0df14,281914,5
u_f095789c,281921,3
u_fd77f7e2,281921,5
u_a3251b8c,283540,5
u_c8e76c47,283542,5
u_a68ffbdd,283542,5
u_7d326c9b,283574,5
u_36f5a409,283576,5
u_4af019ed,286636,5
u_543f7e3b,286990,1
u_bd47d4fc,287008,5
u_4cc6c8e7,287008,5
u_9f4b51d4,287008,5
u_72505763,287008,4
u_98a81c6e,287010,1
u_5f162846,287010,5
u_998f3045,287020,4
u_a13b9389,287020,1
u_ca0d3c63,287022,3
u_63583a92,292814,5
u_c063d143,292814,5
u_841f44f0,292825,5
u_9dd10f72,292825,4
u_e9ab2cd1,292825,5
u_2aec4407,292825,5
u_4072f64b,292825,4
u_526de35e,293603,5
u_73b4966b,293603,5
u_37f9371d,293603,4
u_fdc46397,293603,5
u_ed5e8353,293603,5
u_0ab04f06,293608,3
u_5a334c6b,293608,4
u_41a8f455,293608,4
u_b945df33,293608,4
u_8b88c314,293608,5
u_a9a4516a,293770,4
u_613ed5be,293770,5
u_5c5fcc66,293770,5
u_c4c0d23d,293770,5
u_fd77f7e2,293770,5
u_6ae0b657,296703,4
u_238ea8df,296703,3
u_29ea095a,296703,5
u_d3e7f9d4,296703,5
u_72728294,296703,3
u_b68cec18,304059,5
u_759295b9,304059,5
u_a5449c57,320533,1
u_c5153d3a,330003,5
u_5a2a0bb6,344789,2
u_8394f034,344789,1
u_720338e8,344789,3
u_37264d4b,344789,5
u_2d4fa8c9,344789,1
u_9243b5d1,330710,5
u_861570b6,330710,5
u_41750c87,330710,5
u_ee44569e,330710,5
u_db966381,330710,1
u_5dac109c,329993,5
u_2a09f34a,329993,5
u_bd373159,329993,5
u_7cf0fe64,329993,5
u_b504cfcd,327988,5
u_9d2de41f,327988,5
u_a19b6e77,327988,5
u_e51e3239,327988,5
u_0c879c5b,327988,5
u_5a38f24c,344790,5
u_16b607c2,344790,1
u_49015a00,344790,3
u_d9125625,344790,5
u_f271daff,344790,5
u_f12937a8,326589,5
u_6b274827,326589,5
u_3f82e595,326589,5
u_97f4d314,326589,5
u_5cd81d0d,326589,5
u_cf3b47c4,335184,1
u_70cb8ac9,335184,5
u_d6a3e04b,335184,5
u_f6a326ff,335184,5
u_9a580bf6,335184,5
u_8a1b2bc9,360651,5
u_3aaef839,360651,3
u_4ad35edf,360651,5
u_48692f9e,360651,5
u_f6a91048,344791,5
u_76312888,342638,4
u_f74ca414,342638,5
u_f8b07cd8,342638,5
u_183e121f,342638,1
u_9d3173d9,342638,1
u_504c75ec,329900,1
u_f37af193,329900,5
u_6d589714,329900,1
u_6012be0d,329900,3
u_87cf593c,333459,2
u_eb8e6f85,333459,3
u_a181c841,333459,1
u_a819f52c,333459,3
u_b5bf54c1,333459,1
u_92d65984,329158,1
u_9ad81a8f,329158,1
u_3a9244b8,329158,5
u_93172af9,329158,5
u_836e190f,329158,1
u_3ede3721,359197,5
u_c1e70e17,359197,1
u_c0114a5b,359197,4
u_bd74c71d,359197,2
u_3ed7f119,359197,5
u_e6ca281b,307839,2
u_e325e5e5,307839,5
u_ba051818,307839,4
u_14cb2c6f,307839,5
u_8f8dac8c,307839,2
u_c35db556,362173,1
u_2618e08a,362173,2
u_8466fa8e,344718,1
u_66e2c1a7,344718,5
u_183b8230,328698,5
u_ce5a6eea,328698,5
u_56e60780,328698,1
u_f4402185,328698,5
u_f3603d30,328698,4
u_2eccf6a1,330247,1
u_3fde4115,330247,5
u_ea0efe87,330247,5
u_610d1e0f,330247,5
u_c367af0c,330247,5
u_9c71cbfd,330071,4
u_bbaaf616,330071,4
u_fc1198a0,330071,5
u_998f3045,330071,5
u_e0c62e77,330071,5
u_406a4a26,88053,5
u_e809b58d,88053,4
u_f55fbaac,88053,1
u_281b8ed4,88053,2
u_474c0831,88053,5
u_993e7ecb,344793,3
u_44eb1fdc,344793,3
u_8a1b2bc9,329299,3
u_ed5e8353,329299,3
u_97c8e6d0,329299,3
u_1d05e0e6,329299,1
u_c4fbb7b1,329299,3
u_26347b46,315072,5
u_0695f227,315072,3
u_36af4d7e,315072,5
u_8898a387,315072,5
u_2ad6c8e1,315072,5
u_eec9e52a,325122,5
u_b92f9369,325122,5
u_169e9640,325122,5
u_722153b1,325122,2
u_98a81c6e,325122,5
u_599b7a5e,327689,4
u_78d3b2ed,327689,4
u_9fc40199,327689,4
u_6dffa044,327689,3
u_ef00efd9,327689,5
u_44945339,330478,4
u_c2948309,330478,5
u_39ffe302,330478,2
u_6351a85f,330478,5
u_e76388ca,324709,4
u_7a5e9cc9,324709,5
u_72035b20,324709,5
u_26a77592,324709,5
u_5a38f24c,324709,3
u_fe6c7536,330557,5
u_22af531a,330557,1
u_7b2257d1,330557,3
u_a1df3913,330557,5
u_73a14bb4,330557,2
u_4f706758,357505,5
u_09f9854c,357505,3
u_1001ec98,357505,5
u_eb7567e9,357505,2
u_658b3aaf,313694,2
u_aeeb3c75,313694,2
u_baa811e1,313694,5
u_c70ba1c1,313694,2
u_37876dd9,313694,3
u_68a293d6,330833,1
u_d62144fe,330833,4
u_809b17a5,330833,5
u_ab1d59b3,330833,2
u_90d0dd90,330833,5
u_2de862fa,332455,5
u_5b91e277,332455,3
u_58f1d6b1,332455,4
u_60f738ba,332455,4
u_eec51545,332455,5
u_02e25a10,341753,1
u_39ffe302,341753,3
u_6b83a5a5,362931,5
u_597af914,362931,5
u_0ffb266f,362931,5
u_1a9a60d3,362931,1
u_932bbaca,322214,3
u_b1633695,322214,5
u_042f9c79,322214,4
u_809e5db8,322214,5
u_a5011c3b,322214,5
u_29c05ce2,333912,5
u_eacd478a,333912,2
u_c9b96035,358393,3
u_fa34b6f6,358393,2
u_4107eaeb,339343,2
u_eb7cefb6,312518,1
u_175a81e1,312518,5
u_504c75ec,312518,5
u_75c93300,312518,1
u_047c1336,312518,4
u_ab1d59b3,342854,1
u_3809cf06,342854,3
u_9039f82d,342854,5
u_e1968dbc,342854,1
u_20945ff0,342854,1
u_939f7dc5,311186,3
u_fc734966,311186,1
u_3f5c5f16,311186,3
u_da608cfb,311186,5
u_c7bdaa59,311186,5
u_84f3fb9d,338616,1
u_aac210a4,338616,3
u_98a81c6e,338616,2
u_a1931ec1,338616,1
u_edd2713b,338616,5
u_b049e105,198787,5
u_9eb99577,198787,4
u_b24f390b,198787,1
u_b7cc0244,198787,5
u_4fa3176b,198787,4
u_3ad88168,344637,5
u_504c75ec,344637,1
u_3e7d4bf9,341111,5
u_7ab451bb,341111,5
u_1556a8a2,341111,2
u_d9681d05,341111,5
u_4bf8b893,341111,3
u_db3a0930,325878,5
u_1d0ea88f,325878,2
u_af9f01bf,325878,5
u_eeab271b,325878,5
u_da608cfb,325878,5
u_9090e72a,339344,5
u_2d4fa8c9,339344,3
u_90e253e3,339344,5
u_00514ffc,339344,1
u_d7d56e3c,339344,2
u_cdf1bb86,339345,3
u_1f842de5,339345,3
u_2bb7eb8e,357462,5
u_152ec1a3,357462,3
u_57067de2,357462,3
u_e2f40317,360641,5
u_75272b71,136479,3
u_c67e3c67,136479,1
u_942d967a,136479,5
u_7205636b,136479,5
u_cdd9f8e3,136479,4
u_01683acf,330249,5
u_568fb6d5,330249,5
u_1f5f8904,330249,3
u_3ff3ef53,330249,4
u_5a4efcf5,330249,5
u_f6447dd5,75430,3
u_2a6abf35,75430,1
u_672f01be,75430,2
u_09f7abe0,75430,5
u_a9bd270b,75430,4
u_ce5a6eea,313697,5
u_22c78aad,313697,3
u_8bdaf4e1,313697,3
u_edecef35,313697,3
u_3ff3ef53,313697,1
u_3943dc5b,360084,5
u_f371bb54,360084,2
u_6eb6a89a,360084,5
u_811f0f0f,360084,4
u_c3ba471e,360084,5
u_40d4ca7c,330488,4
u_7525fa81,330488,1
u_790e99f7,330488,3
u_84f3fb9d,330488,5
u_e38ecece,330488,5
u_ab1d59b3,327950,5
u_da6ab756,327950,1
u_91b9ae2e,327950,4
u_154de419,327950,4
u_9f3c1bc6,327950,5
u_9f8147d2,332456,4
u_fbd24344,332456,4
u_c3aafb77,332456,1
u_8001161f,332456,1
u_8e422c11,330248,1
u_45c10fce,330248,4
u_1bb5c530,330248,5
u_76250d84,330248,5
u_23a9f328,330248,4
u_3a5a02b5,358220,5
u_8dac3538,358220,5
u_95ebef65,363373,4
u_5fa5b58d,363373,2
u_eb4b356a,324711,2
u_fa4bfe36,324711,5
u_d256c915,324711,5
u_b6d92641,324711,5
u_a2b96da1,324711,3
u_4ffa9d43,320250,5
u_707a0b25,320250,3
u_5dd62074,320250,5
u_0aaf267a,320250,1
u_e4788637,320250,2
u_67e80cc9,328697,5
u_a68033b6,328697,4
u_ab1d59b3,328697,5
u_3d4acdf5,328697,5
u_080502c4,328697,5
u_84f3fb9d,326588,5
u_eacd478a,326588,1
u_9e09356c,326588,5
u_e5d471ab,326588,5
u_dd82e209,326588,3
u_568fb6d5,360353,1
u_44eb1fdc,360353,2
u_b134bed9,360353,3
u_4fa3176b,360353,3
u_4f253c7c,316691,3
u_405f5c78,316691,4
u_ef71d916,316691,4
u_a6147d17,316691,4
u_8ba0e949,316691,5
u_eacd478a,333458,1
u_5c54a8cd,333458,5
u_b7672344,333458,1
u_e6ca281b,333458,5
u_74500235,333458,3
u_808eebfc,363186,5
u_0a019b05,338171,5
u_2cae8ebf,338171,2
u_e84b2c7d,338171,2
u_b77e3b20,338171,5
u_e8ed38ed,338171,1
u_ab078266,357464,5
u_27f8a03a,223020,2
u_ae25ae3b,223020,2
u_18867840,223020,4
u_07f7748d,223020,5
u_131b98da,223020,5
u_c21208a1,360083,2
u_f4549c81,360083,5
u_2239e0fe,360083,5
u_68a0f1c6,360083,5
u_e032cf73,360083,5
u_beb5638f,327554,4
u_672ae2fd,327554,2
u_08a98df1,327554,5
u_5450378b,327554,1
u_4663562b,327554,5
u_3075b6a1,335706,3
u_7fad37ca,339536,1
u_7b802558,327793,3
u_559f0758,327793,5
u_ebadd129,327793,5
u_1987bf04,336286,2
u_d3c0037f,336286,2
u_74c07c42,336286,2
u_cc555953,336286,3
u_3ff3ef53,336286,2
u_75462af5,358221,5
u_bf4ebc01,327553,5
u_2c857b5b,327553,5
u_f02aa2ee,327553,5
u_9e6ad93d,327553,5
u_edf099e2,327553,5
u_a819f52c,336370,4
u_7c4516bf,336370,4
u_78d4c1e8,336370,3
u_55885ee5,336370,1
u_9c9b4fa6,336370,2
u_8d7b0270,358392,2
u_00a69b91,287888,5
u_ab1d59b3,287888,5
u_49cad293,287888,1
u_e7ac72da,287888,3
u_e2a0217e,287888,4
u_a740491d,358391,3
u_00cd3a54,310364,4
u_9eb0e186,310364,4
u_c5eb34a5,310364,5
u_8e2619b7,310364,3
u_2dbf49dd,310364,3
u_4919b56d,332587,4
u_6df86cfa,320249,5
u_6591d762,320249,3
u_ae1178b3,320249,5
u_49d65c30,320249,1
u_46a43beb,320249,1
u_6a637dca,337171,1
u_0c62cbf8,360085,1
u_f83dd736,360085,1
u_56aa9bf4,360085,1
u_45e4b7b9,310400,2
u_c53b8aac,310400,5
u_44b279db,310400,3
u_ad10b956,310400,4
u_e9cce93d,310400,4
u_e6ca281b,313692,5
u_f6835c04,331747,2
u_8001161f,331747,1
u_bb5ad612,331747,3
u_93172af9,337644,5
u_c4221220,337644,3
u_bbdf18d7,344521,5
u_bed41b09,330711,4
u_a72b574f,330711,2
u_2ad96d57,330711,3
u_152ec1a3,330711,3
u_77aec240,330711,4
u_504c75ec,332454,1
u_6f92ba88,332454,5
u_bf3ae01e,332454,5
u_9e153e0a,332454,1
u_00c2f055,332454,3
u_7ec563c3,311187,4
u_bb34098e,311187,5
u_d9a890e7,311187,4
u_0a98d0f4,311187,2
u_f4ceab7a,311187,3
u_37eaa7d6,337222,3
u_fd04e943,337222,5
u_bdb4de4a,330491,5
u_fa42d69b,330491,3
u_03227645,330491,4
u_dda25763,330491,3
u_c754d75a,330491,2
u_082b2cc7,333562,4
u_62c3ff59,333562,5
u_0ff8eb29,333562,4
u_0ffb266f,333562,3
u_444d0af4,333562,1
u_6088b3e1,325305,5
u_9d1fc41a,325305,1
u_19cfc6b5,325305,5
u_b46fee0a,325305,1
u_a12e6570,326587,5
u_08a551cb,329287,1
u_c3aafb77,329287,2
u_5867c4e6,329287,1
u_efdd85ed,329287,1
u_c35db556,329287,1
u_f9f1dcd9,330246,3
u_ce5a6eea,330246,3
u_a0fadb90,330246,5
u_c7e7184e,330246,5
u_4fb25882,330246,3
u_25774280,360081,2
u_28d52074,246765,1
u_096a2fc2,246765,3
u_45fa06da,246765,4
u_e060a372,246765,5
u_fcab294a,246765,2
u_f849c22c,325340,5
u_60b7eab9,325340,5
u_e489a9c0,325340,4
u_00c2f055,325340,2
u_514e9369,359912,5
u_8774eb6b,313698,2
u_d72c513b,313698,5
u_f65cedf4,332586,5
u_4ea5c376,332586,5
u_fe5fcb60,332586,4
u_08346809,332588,1
u_69e1cbc4,337462,4
u_932bbaca,337462,2
u_e111460d,337462,5
u_d256c915,337462,3
u_c55bf175,337462,3
u_faaca990,349971,5
u_1be6f7db,349971,3
u_2a2890fe,357868,2
u_da4602a1,357876,1
u_ebf00a2c,357876,5
u_5b19ecfd,324580,5
u_c9227240,324580,3
u_00c2f055,324581,3
u_90481ad6,324708,4
u_18a97270,324708,1
u_2259d75f,324708,2
u_1f4ed0fd,324708,4
u_a05b6f4b,325329,5
u_0d7d5e6f,325329,5
u_cfec61c9,325329,4
u_6012be0d,325329,5
u_c621ebf9,325329,5
u_4ad35edf,335293,1
u_50b53bff,335293,1
u_5c9ca0cc,320391,1
u_ce5a6eea,320391,1
u_c5f35f55,320391,5
u_5d79a6f8,320391,2
u_7ee2f66a,320391,2
u_8394f034,327514,2
u_ba228c56,341109,1
u_9d19b540,360352,2
u_f6fdf767,360352,5
u_bf494692,236050,1
u_abe70c28,236050,5
u_3213150b,236050,2
u_8a1f90eb,236050,2
u_c2529c9b,236050,5
u_2c40175a,318892,1
u_c3061d4b,318892,4
u_c5e39420,318892,5
u_8df1f157,318892,1
u_0aaf267a,318892,1
u_c3aafb77,322730,1
u_a65e909e,327985,1
u_52fe69f0,327985,3
u_a67baa29,341522,2
u_ad13e6dc,359196,1
u_240471e7,360039,1
u_c35db556,320904,5
u_149e04b6,320904,3
u_f973a2ae,320904,5
u_97a4028f,320904,1
u_c62783e8,320904,1
u_c49a6797,321171,2
u_4e44b0c5,321171,4
u_05b3d968,321171,5
u_b29d4acb,321171,3
u_c5671913,323195,3
u_c64f1b81,327688,5
u_d3e7f9d4,327688,5
u_ce5a6eea,327688,5
u_4bdcf09b,327688,5
u_b32e4132,327688,2
u_cc95427e,325303,5
u_cd30efd9,325303,5
u_897e20d3,325303,2
u_5b1c8799,325303,5
u_0bdc3006,325303,5
u_b218fc67,333082,5
u_dae70c46,337352,5
u_92ddc76b,337352,5
u_5f5ca0b3,337352,5
u_c7746697,337352,5
u_39132150,337352,3
u_e81273fe,247530,5
u_18867840,247530,1
u_e746be4d,247530,1
u_b96e3888,247530,4
u_9090e72a,247530,5
u_900a660a,212963,5
u_f5fa7be5,212963,5
u_dcd46c9b,212963,2
u_b0ea204f,212963,5
u_db36f2a9,212963,5
u_f3c2c360,212959,1
u_d13d2e9b,212959,1
u_6e31313b,212959,3
u_20d97e11,212959,5
u_2b184c8e,212959,5
u_7be1cdbb,325304,5
u_29f6396f,325304,5
u_26a0af19,325304,3
u_beb31cbd,325304,5
u_57f9ebca,325304,5
u_c10e17fc,278796,1
u_9d45d54f,278796,1
u_115628c3,278796,5
u_216bacb9,278796,3
u_8c91dad8,278796,5
u_2b68899d,333077,5
u_9f5102d5,333077,4
u_3fe6386d,333077,5
u_73537abd,333077,5
u_c2d8730c,333077,5
u_02c2c296,359264,4
u_923115af,308043,1
u_295387eb,308043,1
u_06475174,308043,4
u_f22f5673,308043,5
u_ab1d59b3,313891,5
u_568fb6d5,313891,4
u_883ee57c,313891,5
u_da296836,313891,4
u_2669a650,313891,5
u_e060a372,333085,5
u_11c44e3e,333085,5
u_14f42260,333085,1
u_7b0b2977,333085,3
u_243ed800,226094,4
u_00b391b8,226094,2
u_9e09356c,226094,5
u_c89ef7b7,226094,3
u_9d328bf4,226094,1
u_5a5ad811,329225,3
u_b90ef0cb,329225,4
u_7d84542f,329225,1
u_0931f909,329225,5
u_c92f1d1f,329225,3
u_073d9d4b,354275,5
u_d03ab124,344787,3
u_b6b3c6b4,324935,5
u_fc285ba4,297489,3
u_9dacfb90,297489,1
u_dad299e3,297489,1
u_fa68c607,297489,1
u_32402943,297489,3
u_2fbd8b37,324096,5
u_7576fc90,324096,1
u_8f491865,324096,5
u_d35dba79,324096,2
u_504c75ec,324096,5
u_92f68818,328736,5
u_f0a998db,328736,4
u_870d96c1,299551,2
u_f770452e,299551,3
u_6015cfa4,299551,3
u_d125d1ab,299551,5
u_55b5b5c4,299551,1
u_f024e039,328691,5
u_b92f9369,328691,5
u_73ab9d08,328691,5
u_66ac3d85,328691,5
u_3155832c,328691,5
u_2a4ce537,333079,1
u_00c2f055,333079,1
u_234913d0,306932,2
u_c1e275df,306932,4
u_f25f28b7,306932,5
u_eaffa43c,306932,5
u_00c2f055,306932,5
u_9700f10d,362659,5
u_0931f909,362659,5
u_f094b0b7,326060,5
u_b92f9369,326060,5
u_2c644ccc,326060,5
u_92ee36b9,328699,4
u_6616885f,328699,5
u_f49c368d,330484,5
u_4ad35edf,330484,5
u_80024caf,322795,5
u_13b2ba35,322795,5
u_31dd703f,322795,5
u_0a9e32f5,322795,5
u_597ed35b,322795,1
u_5c9c591b,320736,4
u_8001161f,337875,3
u_23c46a38,326061,5
u_2bf9a3d4,326061,5
u_8df1f157,326061,5
u_73a14bb4,326061,4
u_4b57f0c9,326061,2
u_9d89fb1c,339584,1
u_7bee551f,339584,4
u_ea34e013,339584,5
u_c3aafb77,339584,4
u_496c513e,359402,5
u_3c79908a,359402,5
u_9fa2fc1d,359402,1
u_bed7abda,339539,5
u_7a5e9cc9,339539,2
u_6d69ca7c,339539,2
u_dbc1eabe,339539,1
u_4cce1d51,339539,1
u_fb33c1ab,344850,5
u_1c3482a6,324502,5
u_7bf8e348,324502,5
u_d4f492c4,324502,3
u_f5514f8e,323160,1
u_40e48555,359383,5
u_661f243c,359383,5
u_dae815c4,359383,5
u_509e6296,359383,5
u_ea452354,359383,5
u_2853e9d2,162920,3
u_37739cb5,162920,2
u_02685732,162920,5
u_6ddc1d68,162920,4
u_2c4f5c90,162920,5
u_3078c3c3,227523,5
u_a28508ce,227523,5
u_d9f5707c,227523,4
u_cde94c31,227523,2
u_d3de7fd3,227523,4
u_320f8164,303992,1
u_9d72010b,303992,5
u_1e86e1e0,303992,5
u_334188d0,303992,5
u_018041db,303992,5
u_f0260642,197897,1
u_ce56998c,197897,2
u_61f305e8,197897,5
u_c1c7c03e,197897,2
u_41666da4,197897,1
u_daaca2da,214818,1
u_b19d4187,214818,5
u_a0936486,214818,5
u_7fea97bb,214818,5
u_d74118f2,214818,5
u_c3aafb77,321158,2
u_609e92ff,321158,3
u_a5065eaf,321158,5
u_a374b2e6,321158,5
u_6d58827b,321158,3
u_771b9da8,321716,5
u_6088b3e1,321716,5
u_831c1542,321716,5
u_099dcd92,321716,5
u_809a4be6,321716,5
u_32db7779,329224,1
u_f55fbaac,329224,2
u_5de0df75,329224,2
u_1a1cdd31,329224,1
u_62b9960d,329224,1
u_081c5571,339342,5
u_35a0ab14,312927,3
u_39ffe302,328738,4
u_7a5e9cc9,328738,1
u_190c83c8,337350,1
u_10f04cf4,298226,1
u_fc0efcfe,298226,1
u_e264a584,298226,1
u_df302adc,298226,5
u_662fce5d,298226,4
u_8fed0bdf,306779,5
u_1d02c925,306779,4
u_dd1959b1,306779,5
u_98a81c6e,306779,4
u_2da2cab8,306779,4
u_6feb7df9,319905,5
u_ce5a6eea,319905,5
u_aa1370f0,319905,1
u_28dc31b8,328743,3
u_8a1f90eb,328744,1
u_2d4fa8c9,359987,1
u_d6962435,359989,2
u_2d4fa8c9,359989,1
u_fc49be87,360727,5
u_e325e5e5,360727,1
u_69d0bb4f,230641,1
u_73a14bb4,230641,5
u_b3ee00dd,230641,1
u_c30916ff,230641,2
u_1a2d05db,230641,3
u_c2514b7b,273919,5
u_78683bab,273919,5
u_46b1859b,273919,5
u_6f070a29,273919,5
u_863504d6,273919,5
u_bf6b0e54,304575,5
u_42225190,322797,4
u_6820240b,326062,1
u_1b35945f,326062,1
u_98278d6f,326062,5
u_4ad35edf,326062,5
u_c254a3e0,326062,5
u_d7d56e3c,320581,3
u_0a2577a6,320581,5
u_d90dea02,320581,1
u_f33d52db,320581,1
u_d9eb8ffc,320581,3
u_6088b3e1,358827,1
u_b1911b76,228492,2
u_6da69b8e,228492,5
u_ff0945b7,228492,5
u_4ad35edf,228492,5
u_b68cec18,228492,1
u_7117338c,311308,1
u_97c81d43,311308,1
u_51360287,311308,4
u_bc049fea,311308,5
u_9850ec8f,311308,2
u_ebd200ad,240626,3
u_9378d967,240626,3
u_f2945a42,240626,2
u_47fd19e8,240626,1
u_5bf6b33e,236574,5
u_a534e49f,236574,3
u_ec450f8a,236574,2
u_bd77b3a0,236574,5
u_7f77985a,236574,1
u_7fd95c75,227658,5
u_6545ba71,227658,5
u_3eb22d48,227658,3
u_b06ce543,227658,2
u_eacd478a,227658,3
u_9342c842,311310,5
u_281b8ed4,311310,3
u_16a7d218,311310,3
u_658d77e3,311310,4
u_73a14bb4,311310,4
u_7187e5b3,329884,2
u_1b024d18,329884,2
u_37f9371d,329884,1
u_b8bed3e6,329884,1
u_4b2230af,245494,5
u_75f7a1e0,245494,5
u_8001161f,245494,4
u_ec293946,245494,5
u_bf142320,245494,5
u_0a7de1a1,331977,3
u_1bacd7bf,327855,4
u_ab1d59b3,327855,2
u_560d4194,327855,3
u_ebadd129,327855,3
u_4fa3176b,320163,1
u_a30a9bfe,320163,5
u_cdcb79c1,320163,5
u_4976ba61,320163,5
u_0c879c5b,320163,5
u_4a8331c5,337948,1
u_95b0d692,329480,2
u_ab816eac,358673,2
u_f053b36d,329589,1
u_fcde6bc0,329589,1
u_6088b3e1,329589,2
u_9e2cf752,329593,5
u_70846b0b,331587,1
u_a255d0d6,331587,1
u_18a97270,331587,3
u_9ce143bf,331587,1
u_73f50c9f,331979,2
u_b3b9f2ea,331979,2
u_e6169760,331979,3
u_70d331c4,331979,1
u_8427d57a,331979,5
u_01295ce9,329590,1
u_dda25763,242989,4
u_e5d471ab,242989,4
u_e6169760,242989,1
u_322c9f5b,242989,5
u_a985f837,242989,5
u_e6169760,320580,5
u_e6ca281b,320580,5
u_93b801f4,320580,1
u_658d77e3,320580,5
u_c951ab56,320580,4
u_b8ffa38e,320905,5
u_a482067e,320905,1
u_813e557d,320905,1
u_ab1d59b3,320905,5
u_2324e134,320905,3
u_fc285ba4,326281,4
u_4601ab2b,326281,5
u_0aeeef1c,326281,1
u_427313d9,326281,5
u_75d48ea6,326281,5
u_c3aafb77,329876,1
u_9e2cf752,329876,4
u_a5449c57,248854,1
u_92f79383,248854,5
u_5eed8a60,248854,3
u_6147fd3d,248854,5
u_8196183f,248854,3
u_95b0d692,251876,5
u_9e09356c,251876,5
u_3fa0b892,251876,4
u_37674f0d,251876,5
u_70d331c4,251876,1
u_1aba9e49,310603,5
u_2c49ffb2,310603,5
u_726df7c2,310603,5
u_29c08ad2,310603,4
u_ad013d3a,310603,4
u_98a81c6e,327989,3
u_fc2cae16,327989,2
u_09dd8e32,327989,2
u_4b6a9e1f,327989,2
u_3e48f1ce,327989,1
u_28dcd67a,332241,2
u_98278d6f,332241,3
u_267a04af,329882,1
u_4af1b748,329882,1
u_497f9412,329882,1
u_02c1120a,329882,1
u_1556a8a2,329882,1
u_78b732c7,240625,5
u_8466fa8e,240625,5
u_a3ebe319,240625,5
u_a02b001a,240625,4
u_e0c62e77,240625,1
u_9812572f,322611,1
u_ba7f3515,322611,1
u_5b97774f,322611,3
u_258e092a,322611,2
u_a0299aca,322611,1
u_233f0769,329887,4
u_30ac3416,329592,1
u_a0de935a,329592,5
u_5f29c494,329592,2
u_88596eda,329592,1
u_3a3e8dfd,327856,5
u_e79fe1d7,324951,5
u_250b3de7,328234,1
u_0c5a16d1,328234,3
u_fa42d69b,329482,1
u_8d9f4e2d,329482,1
u_7d3ae35d,329482,1
u_8fccf70a,310598,5
u_75eddc70,310598,5
u_8394f034,310598,4
u_9cdd5872,310598,4
u_d90dea02,310598,5
u_ee555b61,330726,1
u_3300460e,329588,5
u_7ec3dd64,329588,5
u_e325e5e5,226072,5
u_ffb2ec9c,226072,5
u_a794bce2,226072,1
u_59d7f6ac,226072,2
u_dda25763,226072,4
u_b8031fc0,328421,3
u_7a5e9cc9,328421,1
u_d161d9e2,240623,4
u_633a9096,240623,5
u_ff0945b7,240623,5
u_c741eebe,240623,5
u_ab1d59b3,240623,5
u_ff138083,241967,1
u_7cfb6636,241967,5
u_0140e210,241967,4
u_b650edad,241967,2
u_a85a47f2,241967,5
u_a1158c8f,215782,5
u_6088b3e1,215782,5
u_cb1f5a84,215782,5
u_b27809c0,215782,3
u_d005c882,215782,3
u_39d43bbf,253139,2
u_ebadd129,253139,2
u_7a4d5ad3,253139,5
u_771b9da8,253139,3
u_74be73f5,253139,4
u_f952320a,310569,4
u_2153089b,310569,5
u_a4fa1150,310569,2
u_0c436a8b,310569,1
u_01ffa3ef,310569,5
u_017b540d,248326,5
u_e78df957,248326,4
u_ef6882fd,248326,5
u_a1dc81b2,248326,5
u_7ec07832,248326,5
u_77272d2d,217437,1
u_5e310f6e,217437,2
u_69fbee2b,217437,1
u_7bd025f7,217437,1
u_c267a0d5,217437,5
u_d4ac6061,312266,5
u_b13964e5,312266,5
u_9d53d9dc,312266,4
u_4ad35edf,337098,5
u_f58a17b0,230268,1
u_2614b9ce,230268,1
u_98b3f34e,230268,1
u_ff138083,230268,3
u_3fc3d3f7,245109,5
u_3ba0d822,245109,4
u_7a1ee4e1,245109,5
u_4d7c9e2d,245109,5
u_61861460,245109,5
u_25af4b19,226073,5
u_afc515ac,226073,2
u_359be37a,226073,5
u_13cca402,226073,5
u_e325e5e5,226073,1
u_3ca34d3b,332240,3
u_1f95e8af,221939,3
u_a30a9bfe,221939,5
u_62501ebb,221939,5
u_76712101,221939,5
u_ae8c6049,221939,2
u_a1158c8f,254325,5
u_6035f1ba,254325,5
u_a25aabaa,254325,5
u_b94ab46d,254325,4
u_b397ec40,254325,4
u_a5449c57,296251,2
u_a3cd9147,296251,2
u_00c2f055,296251,5
u_9ad81a8f,296251,5
u_2fe4671d,296251,5
u_84642a84,324438,5
u_c89ba23b,324438,5
u_31ab3291,324438,1
u_6df3c05a,324438,5
u_269733b5,324438,5
u_b3f7283a,360735,5
u_b8272d28,364440,2
u_4eecbb82,222770,4
u_c004f595,222770,2
u_a02ea3b5,222770,5
u_87a6f312,222770,5
u_2bedf4ec,222770,5
u_71e523b9,287432,5
u_70006a63,287432,4
u_78918e18,287432,1
u_4cba7df1,287432,5
u_e17c22dd,310760,2
u_87cd9fd9,310760,5
u_9ad81a8f,310760,5
u_bd525fe0,310760,5
u_79695eac,310760,5
u_2a34ca22,240259,3
u_c6600b49,240259,3
u_ea0c28af,240259,5
u_d8745a71,240259,5
u_278d18ea,240259,5
u_5d6e3902,358225,1
u_fab2f190,358225,5
u_c44c0b0f,358225,5
u_282fa79e,358225,5
u_8fb91b0f,358225,5
u_a15e627b,326477,1
u_a7546fa3,326477,5
u_4e52de2c,326477,5
u_4e966d6b,326477,3
u_02c2c296,326477,1
u_69f5a7cb,207956,1
u_8bc836a0,207956,5
u_80b5cc39,207956,5
u_2cae8ebf,207956,3
u_8394f034,207956,4
u_fb54f3c5,354325,1
u_9fc555e6,354325,1
u_1db31fad,354325,1
u_980806fd,354325,1
u_7524d7ba,354325,5
u_865a9bce,335447,3
u_4a64af46,335448,2
u_b1d1d7b5,325166,5
u_0aaf267a,345545,5
u_fa91f55a,334209,3
u_e032cf73,321573,5
u_730f381c,321573,5
u_67b46ca6,321573,5
u_5adb656a,319675,5
u_b9b91f77,319675,5
u_e2aa1253,324086,5
u_973dd25d,324086,5
u_60cc1b52,321574,3
u_383421b5,345950,1
u_da608cfb,337153,5
u_d86fa808,336062,5
u_26a3e39a,334207,2
u_b2353d60,354822,1
u_4a64af46,354822,5
u_506ab734,338631,2
u_cdcb79c1,334203,3
u_ec9f9030,334203,2
u_6a8bda55,324088,5
u_a6cd5230,326673,5
u_28ee7e94,329835,5
u_7b802558,329716,1
u_c786f96b,320855,5
u_0547bccb,320855,4
u_9b429714,304289,5
u_5c6a4c0c,304289,5
u_79120ede,304289,5
u_82faa4c6,304289,5
u_b3979361,304289,5
u_948688f1,315487,5
u_2c541d5e,315487,5
u_cbda2095,315487,5
u_9b84abf1,315487,5
u_2fe4671d,315488,5
u_c3b38fc7,291978,4
u_51b53d43,291978,4
u_3cb0a590,291978,5
u_48667cb8,291978,1
u_f7584095,291978,5
u_f9f7f953,304266,5
u_9faecc50,304266,5
u_9eb42caf,304266,5
u_2ff18223,304266,4
u_113346b8,304266,4
u_0d168d22,304271,5
u_b5b773b7,304271,5
u_4b27babd,304271,5
u_e325e5e5,304271,5
u_a7e933c1,304271,5
u_624eba40,315057,5
u_6a8bda55,315057,5
u_1d8abbef,315057,4
u_373e6436,315057,5
u_70846b0b,325219,5
u_6c762c71,325219,5
u_58da75e4,329709,5
u_bffb5c2d,291974,5
u_6df3c05a,291974,3
u_7c0e6184,291974,5
u_801338c1,291974,5
u_c3aafb77,291974,5
u_1b595245,315486,4
u_14b38458,315486,5
u_60ee463c,315486,2
u_e80785fc,315486,5
u_025e3117,315486,5
u_ebf67d7b,317173,4
u_1556a8a2,315037,5
u_dce9227e,336066,5
u_53fea0d7,336066,5
u_af0f6c53,315490,5
u_e8ae29e9,315490,4
u_233f0769,315490,4
u_d224500e,316789,3
u_568fb6d5,316789,5
u_883ee57c,317003,5
u_270b01f7,317003,5
u_6e18f544,317003,3
u_09d56d2c,320383,5
u_419fecb6,320383,5
u_c89ea296,330732,4
u_0f618dea,316787,5
u_672076ae,291971,5
u_266acf44,291971,4
u_aeecd8e5,291971,3
u_3ef5d50d,291971,5
u_391b6dab,291971,5
u_1db32604,291972,3
u_79dde424,291972,5
u_dd5c7682,291972,5
u_fff4fba5,291972,5
u_0ecce8f0,291977,1
u_7169caee,291977,5
u_7747ae9c,291977,5
u_2cc520f5,291977,4
u_235a50bb,291977,5
u_079fd6a5,292014,5
u_a96e4d49,292014,2
u_174d04df,292014,5
u_69617107,292014,5
u_cb1f5a84,292014,5
u_174d04df,292016,5
u_233f0769,292016,2
u_16a0f92c,292016,5
u_879a33b1,292016,5
u_6b4ca53e,292016,5
u_e255a928,292022,5
u_d80fb07d,292022,5
u_9720d5c4,292022,5
u_73abb870,292022,5
u_36da20a7,292022,3
u_5db79759,315489,5
u_49a72cc0,315489,4
u_ed5e8353,319222,5
u_8cdc37a4,323066,5
u_eedb4cf3,323066,5
u_166c54a0,329715,1
u_78aa0559,330207,1
u_a5638e2f,344581,2
u_86ae9cfa,314987,5
u_d269a279,291366,3
u_6be664c0,291366,4
u_9fc40199,291366,5
u_e4237025,291366,5
u_a97cbbe0,291975,4
u_62a4920f,291975,5
u_f187c3dc,291975,5
u_9354e915,291975,5
u_514e9369,291975,3
u_95851590,291982,5
u_f87ece27,291982,4
u_036ca00a,291982,5
u_f952320a,291982,5
u_d48725f8,291982,5
u_7f78f22a,291988,1
u_032d8a38,291988,2
u_ddc6981c,291988,5
u_6a4caa69,291988,5
u_486a694e,291990,5
u_db065ec4,291990,5
u_add396e2,291990,4
u_abd69b3f,291990,4
u_aa2d606a,304275,4
u_277fdd11,304275,5
u_7fc0ea33,304275,5
u_2906eb3f,304275,5
u_d8944443,304275,4
u_0473fe8d,307840,3
u_ead5c4bd,307840,5
u_cc18b38e,307840,1
u_5ecfa46c,307840,4
u_5ad9fd31,307840,5
u_f605c271,312358,3
u_8394f034,312358,5
u_b050a406,312607,5
u_53cf2b54,312607,5
u_6a8bda55,314919,5
u_dd998517,314986,4
u_fd112c72,315050,5
u_2d6d4152,319681,5
u_6d58827b,319681,5
u_44eb1fdc,319681,4
u_5e1ded8a,319681,5
u_e61572fe,323063,5
u_d7b90600,323063,3
u_8470d17b,329524,5
u_a0628dab,329779,5
u_79c2e415,331967,5
u_583264fe,252830,5
u_e9600d2d,252830,5
u_860344ad,252830,3
u_1968ab9f,252830,5
u_b7791756,252830,3
u_f952320a,304268,2
u_31b2ea8b,304268,5
u_6088b3e1,304268,5
u_9ac7c3f1,304268,5
u_91ca7a85,304268,5
u_8394f034,326672,5
u_49143895,326672,4
u_0c4ee9af,334193,5
u_12783eb3,250940,5
u_ff2fdb1e,250940,5
u_59c24908,250940,4
u_d29d92c4,250940,5
u_121e1747,250940,5
u_1e25b4fc,250970,4
u_208d56b6,250970,5
u_a585e144,250970,4
u_37d0d80f,250970,5
u_6cd91369,250970,5
u_fc574475,250971,4
u_0de8db9f,250971,5
u_d6da5bff,250971,4
u_d90dea02,250971,5
u_6f8112a0,250971,5
u_0346d51a,251110,5
u_940c274f,251110,3
u_86ff92f7,251110,5
u_be34682d,251110,4
u_47f16249,251122,4
u_aa5f4f59,251122,2
u_d0b9a848,251122,5
u_35fb06fb,251122,4
u_a30a9bfe,251122,2
u_23910ee3,251123,5
u_dd271340,251123,5
u_b1a2a749,251123,5
u_101de3f1,251123,5
u_4397bedd,251123,5
u_1c5e9bd9,252829,2
u_14799960,252829,4
u_bc62a7f7,252829,4
u_57050ca9,252829,4
u_01bf5f52,252829,3
u_53e5c10a,253068,4
u_d7d56e3c,253068,4
u_f7680f0f,253068,5
u_c3ba3506,253068,5
u_e3e9db66,253068,5
u_eb8092ba,255506,5
u_5e310f6e,255506,5
u_e0ca0767,255506,5
u_b1170c85,255506,5
u_0f329a3f,255506,5
u_bedb649c,265863,5
u_391b035a,265863,1
u_a1df3913,265863,5
u_858735b3,265863,5
u_2f74e579,265863,5
u_4c279e18,269403,5
u_b1e0d948,286952,5
u_ebc21667,286952,5
u_9699f72b,286952,5
u_c483d0a0,286952,4
u_eb008429,291365,5
u_18a97270,291365,5
u_4c100d32,291365,1
u_43fe7726,291365,5
u_032d8a38,291976,5
u_f1ed81ba,291976,5
u_47ac4e3c,291976,5
u_a267201b,291976,5
u_9ad81a8f,291976,1
u_978b6979,304265,4
u_c9ad5b65,304265,5
u_a9a4516a,304265,5
u_1ceecb64,304265,5
u_49a36e50,304265,5
u_1cf9ddb2,304274,5
u_ffbcfa36,304274,5
u_5b190182,304274,5
u_f952320a,304274,1
u_7a5e9cc9,304274,5
u_771b9da8,306442,5
u_fad6be9f,306764,5
u_95af69cb,306881,5
u_ff0945b7,307696,5
u_6d58827b,307696,5
u_16e82ac9,307700,4
u_fdaa9f35,312360,5
u_8139a7e9,312360,5
u_1556a8a2,312360,5
u_5e41b199,312360,5
u_93a82b1c,314917,5
u_8a2a2f21,314983,5
u_6088b3e1,315038,5
u_f8459e98,315038,4
u_0db2e76f,315038,2
u_514feaac,315038,5
u_abe574f8,315038,5
u_60e31d57,315044,5
u_3d8745e1,316784,2
u_68a293d6,316786,2
u_f8459e98,316786,5
u_1bb5c530,316786,3
u_69cc9161,316792,4
u_d3738746,317084,5
u_b57ae2ef,320260,4
u_a7546fa3,323064,5
u_a4c3b66e,330213,1
u_7a5e9cc9,335464,1
u_aeb43215,361461,1
u_6b57df62,250955,1
u_7d655716,250955,5
u_082b2713,250955,5
u_da74d03e,250955,5
u_a7a704b2,250955,4
u_c3aafb77,251152,3
u_4ad35edf,251152,5
u_95b0d692,251152,4
u_7af25dd5,251152,5
u_d195d90a,251152,5
u_265827e8,252270,5
u_24144bcb,252270,2
u_e2b94ccd,252270,5
u_8659a1c6,252270,5
u_c35db556,252270,5
u_5b13f7a5,253066,5
u_193400e7,253066,5
u_e63d46a8,253066,5
u_21138c69,256526,1
u_fc23ed0d,256526,1
u_53313a83,256526,1
u_03e06143,256526,4
u_4919b56d,256526,5
u_24a5bf04,286949,5
u_025e3117,286949,1
u_d90dea02,286949,5
u_b92f9369,286949,5
u_026a0ae6,286949,5
u_4dc19767,291357,5
u_a7c8df69,291357,3
u_08e7777c,291357,4
u_2cbf576d,305088,4
u_7b802558,305088,4
u_e78ae3ba,305088,5
u_90ec45df,305088,5
u_d53d315f,305088,3
u_c573ced9,310487,5
u_38e72170,310487,4
u_d16741a6,310487,4
u_235a50bb,310487,4
u_019e3f25,310487,4
u_509e6296,320385,4
u_7a5e9cc9,344719,3
u_f2e429a8,344719,2
u_ea21a594,362515,5
u_d052c0b7,326669,5
u_a3ba56c5,326669,5
u_13774170,326669,5
u_ba06073c,326669,5
u_f0f13805,326669,1
u_a6147d17,296791,5
u_73a14bb4,335191,2
u_598ccd35,335191,1
u_f9887316,335191,4
u_d5612055,314635,1
u_5fccf427,314635,5
u_06f00890,314635,2
u_45040164,314635,1
u_a5449c57,314635,5
u_db36f2a9,331851,5
u_ae73bd58,351682,1
u_46c9a651,322597,5
u_1b35945f,322597,5
u_4d34b0f5,322597,5
u_eef07578,322597,5
u_b0ace549,331136,4
u_5febda3d,362470,1
u_be584ed0,315619,5
u_3a3e8dfd,315619,5
u_e2f40317,315619,1
u_bed6ae5d,315619,5
u_0e2a5899,315619,1
u_503c4aa7,342857,1
u_ab1d59b3,317054,3
u_7d7debfd,317054,1
u_dea012a1,317054,4
u_26bae853,317054,5
u_3548e7fc,317054,5
u_4077fcfb,317846,1
u_6d45e2c6,317846,1
u_00f6d7d8,317846,5
u_9fa18b93,317846,2
u_3130955f,317846,3
u_0655de2a,342860,5
u_942c0654,317861,1
u_72baac0f,317861,1
u_65c16b3e,317861,5
u_79c2e415,330752,5
u_4d89db51,317855,5
u_d3d6e068,317855,5
u_b92bdfab,317855,5
u_0bf328ef,317855,4
u_f130c5e5,317855,5
u_82d0c948,317875,5
u_2de016f7,317875,5
u_ae940664,317875,3
u_3316a185,317056,5
u_4243d6a0,317056,5
u_cf8b728f,317056,2
u_97938522,317056,5
u_e8297f74,317056,5
u_6ffa8ee8,335470,1
u_22d30156,335470,5
u_732884aa,335470,5
u_94e05621,318154,5
u_597d2568,318154,5
u_025de4a3,334417,3
u_95b0d692,342871,1
u_725d5fe9,314746,5
u_6cd91369,314746,5
u_6d589714,314746,1
u_ab95d7b2,314746,4
u_7c87b7e1,314746,5
u_da608cfb,360050,5
u_1906e8d2,317055,5
u_39d43bbf,317055,5
u_3533f6e6,317055,5
u_08c43bda,317055,4
u_6d58827b,317055,5
u_667acd16,317053,5
u_a41e45bf,317053,5
u_57c513a3,317053,3
u_b801f46e,317053,5
u_aa1276aa,317053,5
u_debfb178,319652,5
u_a1dc88f5,317052,5
u_a819f52c,317052,4
u_3c106c85,317052,3
u_cb54aec8,317052,4
u_a948d7a4,317052,5
u_cc7bc361,322931,2
u_ab1d59b3,322931,1
u_3a3e8dfd,322931,5
u_54e221e5,322931,1
u_9c71cbfd,322931,1
u_8394f034,319651,5
u_8e2b94dc,319651,4
u_ab1d59b3,319651,5
u_504c75ec,362768,5
u_61e098f8,333859,5
u_a6cd5230,317960,5
u_9a592d3a,317960,4
u_ce7ff6f3,317960,5
u_ce3b00db,317960,5
u_28df27a3,317960,5
u_c8cf353f,333858,3
u_d591fc5d,330349,1
u_103ce787,314738,4
u_32876087,314738,3
u_02764554,316037,5
u_2a34ca22,316037,5
u_74a4b32b,316037,5
u_d96050d7,316037,1
u_432559ad,316037,4
u_858735b3,317862,5
u_89eab857,317862,5
u_617a7c22,317862,5
u_bc918940,335524,3
u_a2025198,313624,5
u_83f7da80,330348,1
u_583c5bae,330348,1
u_6db693fb,314734,5
u_c849eca9,314734,5
u_a60852f2,314734,4
u_b92f9369,314735,1
u_e6ca281b,314735,5
u_97c81d43,314735,5
u_12425143,315614,3
u_b26000c1,315614,4
u_426e148e,315614,5
u_8d5c67e5,316039,5
u_c173547b,317877,5
u_73a14bb4,317877,5
u_eda3fd61,317924,4
u_b2f00f18,321426,5
u_a73e0e16,334418,1
u_bf54c6e5,335472,1
u_00c2f055,335472,1
u_cefe4b3a,335472,1
u_a30a9bfe,291962,5
u_d5ad2211,291962,2
u_b060ef81,291962,5
u_a5e7628d,291962,5
u_68482689,291962,5
u_4fa3176b,251432,1
u_9d125dcf,251432,5
u_9fd8e50c,251432,5
u_91f2120c,251432,5
u_9a446374,251432,5
u_34bd8c9e,260124,4
u_9223adc3,260124,5
u_da5652f5,260124,4
u_2de862fa,260124,5
u_f605c271,291961,4
u_82f50971,291961,4
u_9975d0dc,291961,5
u_2dec8a8f,291961,5
u_48e19c57,291961,4
u_f33930af,314752,5
u_a3ba56c5,314752,5
u_e6ca281b,314752,5
u_ab1d59b3,314752,3
u_fb6c67cd,314752,5
u_d97f5514,314756,3
u_a3ad5eb2,314756,2
u_c10e17fc,314756,5
u_a5449c57,314756,5
u_a85a47f2,314756,5
u_fc104aea,314845,5
u_bd5f410f,316019,1
u_43207ade,317843,5
u_3a4c50eb,317843,5
u_555953d5,317843,5
u_86537ed1,317843,5
u_56fa7fb9,317843,5
u_995aa59a,317845,5
u_a53b78ef,317845,4
u_f9704c4b,317845,4
u_d90dea02,317860,5
u_e325e5e5,317874,5
u_e274a245,317891,4
u_f9f7f953,317891,4
u_7462c015,317891,5
u_1528c7ac,317891,5
u_d224500e,317911,3
u_53e5c10a,317911,4
u_5c1474d6,317911,5
u_b2345745,317959,5
u_110c59d2,317959,5
u_a23ae955,317964,5
u_a1b5dcd5,317964,5
u_863a1fdc,319648,5
u_a2c3eab3,319648,3
u_061b79f8,319648,1
u_5666bd8d,319648,1
u_89eab857,319648,3
u_e2f40317,329963,1
u_b9856eae,335475,3
u_da608cfb,361115,1
u_5a891dff,361375,5
u_02c1120a,281641,5
u_2fbc46a6,281641,5
u_9b429714,318153,5
u_779d95cf,321427,5
u_dcaaf706,321427,5
u_910f54fd,321427,4
u_ac25b404,321427,5
u_ce5a6eea,321427,2
u_b792dff1,361253,2
u_0f1d3677,314497,5
u_05b0df14,314497,5
u_0b3b1c85,314497,5
u_4b65512d,314497,5
u_be00a301,314497,5
u_2c50b95f,298425,5
u_3701438d,298425,5
u_e2f40317,298425,4
u_0cf6562b,298425,5
u_5b4356eb,312992,5
u_4919b56d,312992,5
u_da7968ea,312992,1
u_342c69aa,312992,1
u_e330ad19,312992,5
u_71ca9872,328494,2
u_27ff2ffe,328494,1
u_6cf9e83c,328494,1
u_353d5c81,328494,1
u_5eeee94d,328494,4
u_5b4356eb,361466,5
u_5b4356eb,322389,5
u_7b802558,322389,5
u_6a6a908c,322389,4
u_91eeb3e2,322389,4
u_ae8d6815,322389,5
u_98df8e7d,314499,5
u_72f600be,314499,5
u_ae67b4eb,314499,4
u_1c52474f,314499,5
u_cf4f3552,314499,5
u_2c50b95f,316623,5
u_c370f203,316623,1
u_d0252244,316623,4
u_d5dc9bba,316623,5
u_98c85d3b,316623,5
u_2ec3be7a,328931,1
u_d1987072,328931,3
u_ebadd129,328931,1
u_8aacec50,316626,4
u_cbe48366,316626,5
u_05fedc85,316626,5
u_978b6979,316626,5
u_df1c1564,319643,5
u_8443893e,319643,3
u_a9df09bb,319643,5
u_204ed23e,319643,3
u_9ad81a8f,319643,3
u_e38c81b7,321921,4
u_002f8cc8,321921,5
u_2166d44f,321921,5
u_3162112d,321921,5
u_78f36e72,321921,4
u_5d5ac8f2,357536,5
u_57060d93,329242,1
u_583c5bae,335126,4
u_8001161f,335126,5
u_f952320a,327949,2
u_95eef8d8,327949,4
u_9dacf7ec,327949,5
u_195acb7a,327949,5
u_4368da91,360528,5
u_d8ac68ab,360528,2
u_2e47644d,362636,1
u_779e385a,341100,3
u_95b0d692,339482,1
u_6a2abd25,336247,1
u_c527ba36,336247,1
